RecordID,ProductionDate,ProductionLine,Shift,MachineID,OperatorID,UnitsProduced,DefectiveUnits,DowntimeMinutes,CycleTimeSeconds,ProcessTempC
1,2024-01-01,Line-A,Morning,M-101,OP-009,509,8,21,37.62,67.1
2,2024-01-01,Line-A,Afternoon,M-101,OP-004,465,16,23,27.65,70.2
3,2024-01-01,Line-A,Night,M-101,OP-019,452,6,15,20.43,61.1
4,2024-01-01,Line-B,Morning,M-201,OP-003,446,16,39,37.46,62.4
5,2024-01-01,Line-B,Afternoon,M-201,OP-018,567,24,36,34.88,65.8
6,2024-01-01,Line-B,Night,M-202,OP-008,486,3,17,27.0,66.8
7,2024-01-01,Line-C,Morning,M-302,OP-001,443,16,11,24.71,71.3
8,2024-01-01,Line-C,Afternoon,M-301,OP-014,406,8,0,23.36,68.8
9,2024-01-01,Line-C,Night,M-301,OP-007,524,10,10,28.49,62.1
10,2024-01-01,Line-D,Morning,M-402,OP-004,436,6,27,31.72,60.9
11,2024-01-01,Line-D,Afternoon,M-401,OP-012,499,7,1,33.06,72.1
12,2024-01-01,Line-D,Night,M-402,OP-002,535,5,7,31.66,71.9
13,2024-01-02,Line-A,Morning,M-101,OP-013,451,7,0,24.02,71.3
14,2024-01-02,Line-A,Night,M-102,OP-019,561,10,27,31.81,65.4
15,2024-01-02,Line-B,Morning,M-201,OP-002,501,30,34,49.82,57.5
16,2024-01-02,Line-B,Afternoon,M-202,OP-003,529,10,7,30.46,60.0
17,2024-01-02,Line-B,Night,M-201,OP-013,466,23,57,39.41,64.8
18,2024-01-02,Line-C,Morning,M-303,OP-012,449,24,39,39.35,70.1
19,2024-01-02,Line-C,Afternoon,M-302,OP-007,485,13,1,28.36,66.4
20,2024-01-02,Line-C,Night,M-303,OP-003,392,19,38,42.03,67.1
21,2024-01-02,Line-D,Morning,M-401,OP-018,395,5,6,25.99,67.4
22,2024-01-02,Line-D,Afternoon,M-401,OP-015,504,19,14,31.29,67.7
23,2024-01-02,Line-D,Night,M-401,OP-011,364,6,12,42.32,67.2
24,2024-01-03,Line-A,Morning,M-101,OP-008,498,9,0,35.71,71.0
25,2024-01-03,Line-A,Afternoon,M-102,OP-013,527,5,33,22.99,70.3
26,2024-01-03,Line-A,Night,M-101,OP-019,611,5,3,30.5,66.0
27,2024-01-03,Line-B,Morning,M-202,OP-007,386,7,0,32.37,64.3
28,2024-01-03,Line-B,Afternoon,M-202,OP-015,572,6,7,34.07,63.1
29,2024-01-03,Line-B,Night,M-201,OP-008,493,29,10,42.92,69.0
30,2024-01-03,Line-C,Morning,M-303,OP-009,526,17,15,44.61,69.2
31,2024-01-03,Line-C,Afternoon,M-302,OP-019,495,11,1,31.16,69.2
32,2024-01-03,Line-C,Night,M-301,OP-005,437,16,19,24.04,70.6
33,2024-01-03,Line-D,Morning,M-401,OP-002,421,11,29,25.9,71.9
34,2024-01-03,Line-D,Afternoon,M-401,OP-006,504,13,40,28.77,65.0
35,2024-01-03,Line-D,Night,M-402,OP-020,426,4,10,31.71,69.1
36,2024-01-04,Line-A,Afternoon,M-102,OP-017,529,10,33,28.68,78.9
37,2024-01-04,Line-A,Night,M-101,OP-004,517,5,0,32.41,67.1
38,2024-01-04,Line-B,Morning,M-202,OP-011,522,12,10,25.77,61.9
39,2024-01-04,Line-B,Afternoon,M-202,OP-006,453,12,15,23.77,68.7
40,2024-01-04,Line-B,Night,M-202,OP-017,503,5,14,30.29,63.4
41,2024-01-04,Line-C,Morning,M-303,OP-004,501,25,51,47.27,62.5
42,2024-01-04,Line-C,Afternoon,M-302,OP-017,423,10,19,32.58,83.4
43,2024-01-04,Line-C,Night,M-301,OP-012,514,15,26,33.26,66.7
44,2024-01-04,Line-D,Morning,M-401,OP-020,525,5,8,27.57,68.3
45,2024-01-04,Line-D,Afternoon,M-401,OP-004,618,0,22,21.94,66.1
46,2024-01-04,Line-D,Night,M-402,OP-008,545,10,0,26.42,70.7
47,2024-01-05,Line-A,Afternoon,M-101,OP-003,436,9,12,26.74,76.6
48,2024-01-05,Line-A,Night,M-101,OP-018,518,0,14,26.69,71.4
49,2024-01-05,Line-B,Morning,M-201,OP-016,432,19,42,46.33,63.2
50,2024-01-05,Line-B,Afternoon,M-201,OP-009,459,18,25,50.83,69.6
51,2024-01-05,Line-B,Night,M-202,OP-007,404,11,43,35.16,61.9
52,2024-01-05,Line-C,Morning,M-303,OP-007,450,26,24,44.22,71.1
53,2024-01-05,Line-C,Afternoon,M-302,OP-012,424,7,0,24.88,67.0
54,2024-01-05,Line-C,Night,M-303,OP-015,405,25,13,39.8,68.5
55,2024-01-05,Line-D,Morning,M-401,OP-003,566,2,29,30.05,64.1
56,2024-01-05,Line-D,Afternoon,M-401,OP-019,507,10,2,30.35,66.5
57,2024-01-05,Line-D,Night,M-401,OP-002,486,12,35,23.81,76.5
58,2024-01-06,Line-A,Morning,M-101,OP-011,362,6,20,31.4,65.5
59,2024-01-06,Line-A,Night,M-102,OP-007,467,6,3,34.25,69.4
60,2024-01-06,Line-B,Morning,M-202,OP-008,438,12,16,34.06,70.5
61,2024-01-06,Line-B,Afternoon,M-202,OP-007,430,5,23,33.05,67.9
62,2024-01-06,Line-B,Night,M-202,OP-012,487,15,3,32.74,67.2
63,2024-01-06,Line-C,Morning,M-302,OP-002,466,14,24,34.07,73.2
64,2024-01-06,Line-C,Afternoon,M-303,OP-004,481,25,30,43.62,67.5
65,2024-01-06,Line-D,Morning,M-401,OP-008,485,12,0,40.46,64.0
66,2024-01-06,Line-D,Afternoon,M-402,OP-005,407,12,23,33.12,70.5
67,2024-01-06,Line-D,Night,M-402,OP-015,479,4,13,26.61,71.9
68,2024-01-07,Line-A,Morning,M-101,OP-015,471,5,7,32.06,65.7
69,2024-01-07,Line-A,Afternoon,M-101,OP-002,430,9,15,27.47,66.1
70,2024-01-07,Line-A,Night,M-101,OP-003,493,2,0,26.41,67.1
71,2024-01-07,Line-B,Morning,M-201,OP-006,498,30,47,41.2,67.9
72,2024-01-07,Line-B,Afternoon,M-202,OP-007,419,7,7,31.61,64.7
73,2024-01-07,Line-B,Night,M-201,OP-006,511,31,33,44.01,70.8
74,2024-01-07,Line-C,Morning,M-302,OP-009,455,9,12,30.49,64.9
75,2024-01-07,Line-C,Afternoon,M-302,OP-010,481,11,33,34.8,76.6
76,2024-01-07,Line-C,Night,M-303,OP-018,433,23,37,52.95,64.8
77,2024-01-07,Line-D,Morning,M-402,OP-005,429,5,0,27.37,65.0
78,2024-01-07,Line-D,Afternoon,M-401,OP-002,489,10,40,34.75,65.7
79,2024-01-07,Line-D,Night,M-401,OP-011,426,10,0,39.16,72.7
80,2024-01-08,Line-A,Afternoon,M-101,OP-002,451,0,32,29.43,73.0
81,2024-01-08,Line-A,Night,M-101,OP-006,384,5,12,30.23,66.2
82,2024-01-08,Line-B,Night,M-202,OP-004,517,4,9,30.6,70.1
83,2024-01-08,Line-C,Morning,M-303,OP-008,522,18,11,48.39,69.3
84,2024-01-08,Line-C,Afternoon,M-301,OP-020,435,15,13,35.9,68.3
85,2024-01-08,Line-C,Night,M-303,OP-019,603,38,31,46.86,70.6
86,2024-01-08,Line-D,Morning,M-402,OP-009,562,5,22,35.29,61.0
87,2024-01-08,Line-D,Afternoon,M-402,OP-008,409,0,7,33.59,74.0
88,2024-01-08,Line-D,Night,M-401,OP-010,484,17,0,21.48,67.8
89,2024-01-09,Line-A,Morning,M-101,OP-001,503,9,0,29.55,62.8
90,2024-01-09,Line-A,Afternoon,M-101,OP-003,520,11,0,27.43,63.8
91,2024-01-09,Line-A,Night,M-102,OP-005,476,13,0,32.52,65.9
92,2024-01-09,Line-B,Morning,M-201,OP-008,432,19,19,39.23,63.2
93,2024-01-09,Line-B,Afternoon,M-201,OP-015,597,27,24,43.07,67.6
94,2024-01-09,Line-B,Night,M-202,OP-020,466,11,23,27.35,65.7
95,2024-01-09,Line-C,Morning,M-303,OP-017,463,10,12,48.83,74.6
96,2024-01-09,Line-C,Night,M-302,OP-004,465,11,16,45.39,72.5
97,2024-01-09,Line-D,Morning,M-401,OP-009,472,4,0,31.02,65.0
98,2024-01-09,Line-D,Afternoon,M-401,OP-018,394,5,0,38.44,71.5
99,2024-01-09,Line-D,Night,M-402,OP-020,479,16,13,25.69,74.1
100,2024-01-10,Line-A,Morning,M-102,OP-007,512,4,9,25.62,62.5
101,2024-01-10,Line-A,Afternoon,M-102,OP-017,535,20,0,32.81,65.4
102,2024-01-10,Line-A,Night,M-101,OP-003,450,5,0,30.24,64.7
103,2024-01-10,Line-B,Morning,M-202,OP-002,496,9,8,25.46,65.7
104,2024-01-10,Line-B,Night,M-202,OP-006,525,12,0,30.5,71.0
105,2024-01-10,Line-C,Morning,M-303,OP-014,379,19,25,44.85,64.9
106,2024-01-10,Line-C,Afternoon,M-301,OP-003,371,1,12,31.3,64.4
107,2024-01-10,Line-C,Night,M-303,OP-005,518,15,34,35.94,65.4
108,2024-01-10,Line-D,Morning,M-402,OP-019,482,5,6,35.03,65.7
109,2024-01-10,Line-D,Afternoon,M-402,OP-005,530,4,19,37.21,58.1
110,2024-01-11,Line-A,Morning,M-101,OP-012,432,10,8,31.86,65.6
111,2024-01-11,Line-A,Afternoon,M-101,OP-004,485,8,29,31.27,69.4
112,2024-01-11,Line-A,Night,M-102,OP-020,455,6,5,31.97,66.3
113,2024-01-11,Line-B,Morning,M-201,OP-006,497,33,48,40.37,72.8
114,2024-01-11,Line-B,Afternoon,M-201,OP-014,455,11,19,32.65,66.6
115,2024-01-11,Line-C,Morning,M-302,OP-014,481,17,16,28.9,71.3
116,2024-01-11,Line-C,Afternoon,M-303,OP-008,347,16,46,34.61,72.6
117,2024-01-11,Line-C,Night,M-303,OP-004,500,20,44,53.35,68.7
118,2024-01-11,Line-D,Morning,M-401,OP-016,494,7,0,34.15,64.6
119,2024-01-11,Line-D,Afternoon,M-402,OP-012,484,6,19,31.67,72.2
120,2024-01-11,Line-D,Night,M-401,OP-008,449,7,0,27.78,69.5
121,2024-01-12,Line-A,Afternoon,M-102,OP-009,525,5,25,36.78,69.7
122,2024-01-12,Line-A,Night,M-102,OP-012,592,6,0,21.11,74.0
123,2024-01-12,Line-B,Morning,M-202,OP-018,519,9,16,24.37,77.8
124,2024-01-12,Line-B,Afternoon,M-201,OP-004,487,22,45,44.41,68.9
125,2024-01-12,Line-B,Night,M-202,OP-006,432,10,40,36.73,74.4
126,2024-01-12,Line-C,Morning,M-302,OP-002,449,4,10,30.28,72.4
127,2024-01-12,Line-C,Afternoon,M-302,OP-012,378,13,9,27.87,64.0
128,2024-01-12,Line-C,Night,M-302,OP-014,380,10,13,23.55,62.8
129,2024-01-12,Line-D,Morning,M-401,OP-013,459,16,8,22.48,67.0
130,2024-01-12,Line-D,Afternoon,M-401,OP-009,463,0,11,28.85,70.8
131,2024-01-13,Line-A,Morning,M-101,OP-012,590,17,7,24.47,78.3
132,2024-01-13,Line-A,Afternoon,M-102,OP-020,483,9,11,30.99,67.4
133,2024-01-13,Line-A,Night,M-101,OP-010,445,6,11,27.28,65.1
134,2024-01-13,Line-B,Morning,M-202,OP-011,486,8,34,16.75,72.4
135,2024-01-13,Line-B,Afternoon,M-202,OP-018,554,0,6,28.14,62.4
136,2024-01-13,Line-B,Night,M-202,OP-013,433,3,38,34.68,73.1
137,2024-01-13,Line-C,Morning,M-301,OP-020,523,4,4,32.45,63.1
138,2024-01-13,Line-C,Afternoon,M-302,OP-018,522,8,6,33.55,69.8
139,2024-01-13,Line-C,Night,M-302,OP-010,458,14,0,33.08,70.4
140,2024-01-13,Line-D,Morning,M-402,OP-015,461,10,0,34.62,67.3
141,2024-01-13,Line-D,Afternoon,M-401,OP-017,448,13,1,22.96,61.8
142,2024-01-13,Line-D,Night,M-401,OP-003,516,3,38,19.59,74.8
143,2024-01-14,Line-A,Morning,M-102,OP-003,492,8,3,32.0,67.8
144,2024-01-14,Line-A,Afternoon,M-101,OP-010,546,10,14,28.18,67.8
145,2024-01-14,Line-A,Night,M-101,OP-005,498,0,0,33.72,68.7
146,2024-01-14,Line-B,Afternoon,M-202,OP-020,468,9,17,27.3,64.9
147,2024-01-14,Line-B,Night,M-201,OP-015,491,17,41,33.49,72.1
148,2024-01-14,Line-C,Morning,M-303,OP-019,508,24,49,50.33,72.1
149,2024-01-14,Line-C,Afternoon,M-303,OP-013,369,12,25,42.13,70.1
150,2024-01-14,Line-C,Night,M-301,OP-005,436,9,0,26.94,62.4
151,2024-01-14,Line-D,Morning,M-401,OP-004,424,2,0,35.27,64.2
152,2024-01-14,Line-D,Afternoon,M-401,OP-006,637,15,14,25.71,70.8
153,2024-01-14,Line-D,Night,M-402,OP-002,445,9,50,29.52,72.6
154,2024-01-15,Line-A,Morning,M-101,OP-015,437,8,38,26.87,75.2
155,2024-01-15,Line-A,Afternoon,M-102,OP-017,522,6,21,34.86,70.5
156,2024-01-15,Line-A,Night,M-102,OP-015,385,4,8,29.63,70.5
157,2024-01-15,Line-B,Morning,M-202,OP-018,490,2,17,33.05,70.2
158,2024-01-15,Line-B,Afternoon,M-201,OP-016,544,29,41,41.65,61.4
159,2024-01-15,Line-B,Night,M-201,OP-009,505,24,39,35.62,63.7
160,2024-01-15,Line-C,Morning,M-303,OP-016,543,24,45,42.14,68.1
161,2024-01-15,Line-C,Afternoon,M-302,OP-015,536,7,13,27.69,66.3
162,2024-01-15,Line-D,Morning,M-402,OP-011,461,9,4,36.28,64.4
163,2024-01-15,Line-D,Afternoon,M-401,OP-005,468,6,33,30.98,72.1
164,2024-01-15,Line-D,Night,M-402,OP-005,390,8,25,30.41,72.3
165,2024-01-16,Line-A,Morning,M-101,OP-014,448,14,46,28.19,66.2
166,2024-01-16,Line-A,Afternoon,M-102,OP-014,567,19,4,27.9,66.9
167,2024-01-16,Line-B,Morning,M-202,OP-019,399,4,0,26.16,67.9
168,2024-01-16,Line-B,Afternoon,M-201,OP-019,494,30,20,46.92,67.1
169,2024-01-16,Line-B,Night,M-201,OP-012,477,25,18,43.91,68.7
170,2024-01-16,Line-C,Morning,M-302,OP-014,509,11,48,26.81,65.9
171,2024-01-16,Line-C,Afternoon,M-303,OP-018,442,17,25,47.95,73.7
172,2024-01-16,Line-C,Night,M-301,OP-016,445,4,19,27.24,70.5
173,2024-01-16,Line-D,Morning,M-402,OP-016,492,1,35,38.98,65.5
174,2024-01-16,Line-D,Night,M-402,OP-006,456,10,17,33.29,76.0
175,2024-01-17,Line-A,Morning,M-101,OP-020,469,5,0,26.35,67.9
176,2024-01-17,Line-A,Afternoon,M-102,OP-019,587,8,15,29.92,72.8
177,2024-01-17,Line-A,Night,M-101,OP-003,631,8,4,35.22,70.7
178,2024-01-17,Line-B,Morning,M-201,OP-015,590,30,29,44.95,72.4
179,2024-01-17,Line-B,Afternoon,M-202,OP-013,529,12,28,35.85,73.5
180,2024-01-17,Line-B,Night,M-202,OP-011,518,8,14,36.03,64.7
181,2024-01-17,Line-C,Morning,M-302,OP-009,502,7,12,36.39,68.8
182,2024-01-17,Line-C,Afternoon,M-302,OP-009,482,2,23,33.23,76.7
183,2024-01-17,Line-C,Night,M-302,OP-001,461,9,15,37.89,67.6
184,2024-01-17,Line-D,Morning,M-401,OP-012,496,12,14,27.77,68.8
185,2024-01-17,Line-D,Afternoon,M-401,OP-002,544,4,13,26.5,72.8
186,2024-01-17,Line-D,Night,M-401,OP-007,388,5,17,37.83,67.7
187,2024-01-18,Line-A,Morning,M-101,OP-008,446,16,0,19.01,69.8
188,2024-01-18,Line-A,Afternoon,M-101,OP-019,449,3,22,31.22,65.7
189,2024-01-18,Line-A,Night,M-102,OP-009,403,11,21,29.5,75.4
190,2024-01-18,Line-B,Morning,M-201,OP-020,415,12,24,41.77,69.0
191,2024-01-18,Line-B,Afternoon,M-201,OP-006,465,23,16,49.22,67.7
192,2024-01-18,Line-B,Night,M-201,OP-019,547,26,41,44.85,69.8
193,2024-01-18,Line-C,Afternoon,M-303,OP-013,518,30,37,45.55,67.6
194,2024-01-18,Line-C,Night,M-303,OP-007,566,22,62,41.8,62.3
195,2024-01-18,Line-D,Afternoon,M-401,OP-004,487,5,24,26.74,66.2
196,2024-01-18,Line-D,Night,M-402,OP-020,366,5,0,22.08,71.0
197,2024-01-19,Line-A,Morning,M-101,OP-012,527,12,0,29.76,68.0
198,2024-01-19,Line-A,Afternoon,M-102,OP-003,410,14,25,28.9,68.1
199,2024-01-19,Line-A,Night,M-102,OP-001,492,0,8,26.59,64.0
200,2024-01-19,Line-B,Morning,M-202,OP-004,463,17,21,27.14,70.3
201,2024-01-19,Line-B,Afternoon,M-202,OP-015,563,15,12,26.77,70.8
202,2024-01-19,Line-B,Night,M-202,OP-006,503,14,21,35.25,65.9
203,2024-01-19,Line-C,Morning,M-303,OP-009,559,26,66,38.55,74.9
204,2024-01-19,Line-C,Afternoon,M-303,OP-016,491,19,27,40.4,69.7
205,2024-01-19,Line-C,Night,M-303,OP-019,511,20,34,52.71,74.9
206,2024-01-19,Line-D,Morning,M-401,OP-003,506,9,13,33.07,63.9
207,2024-01-19,Line-D,Afternoon,M-402,OP-008,464,1,17,33.24,66.1
208,2024-01-19,Line-D,Night,M-402,OP-011,574,3,0,31.12,72.2
209,2024-01-20,Line-A,Afternoon,M-101,OP-016,581,8,28,29.81,67.3
210,2024-01-20,Line-A,Night,M-102,OP-011,533,13,0,37.38,73.5
211,2024-01-20,Line-B,Morning,M-202,OP-018,442,10,19,31.3,65.8
212,2024-01-20,Line-B,Night,M-201,OP-008,439,20,52,44.72,66.5
213,2024-01-20,Line-C,Morning,M-302,OP-018,526,0,29,21.3,66.6
214,2024-01-20,Line-C,Afternoon,M-303,OP-016,412,13,52,39.66,69.4
215,2024-01-20,Line-C,Night,M-302,OP-015,477,11,13,23.59,72.0
216,2024-01-20,Line-D,Morning,M-401,OP-010,450,1,5,37.5,71.4
217,2024-01-20,Line-D,Afternoon,M-401,OP-010,459,7,7,40.38,69.5
218,2024-01-20,Line-D,Night,M-402,OP-016,505,14,15,28.7,67.2
219,2024-01-21,Line-A,Morning,M-102,OP-014,475,8,22,30.26,70.9
220,2024-01-21,Line-A,Afternoon,M-102,OP-012,475,9,0,34.58,69.4
221,2024-01-21,Line-A,Night,M-102,OP-010,539,0,43,29.3,72.4
222,2024-01-21,Line-B,Morning,M-201,OP-007,417,21,19,38.88,75.7
223,2024-01-21,Line-B,Afternoon,M-201,OP-007,468,22,48,44.48,68.6
224,2024-01-21,Line-B,Night,M-202,OP-009,501,21,11,31.01,72.2
225,2024-01-21,Line-C,Morning,M-303,OP-020,546,31,44,36.28,74.5
226,2024-01-21,Line-C,Afternoon,M-301,OP-007,411,9,0,29.68,69.3
227,2024-01-21,Line-C,Night,M-302,OP-006,499,11,36,32.27,67.0
228,2024-01-21,Line-D,Morning,M-401,OP-009,537,16,0,32.99,70.8
229,2024-01-22,Line-A,Morning,M-101,OP-016,462,15,9,30.63,67.3
230,2024-01-22,Line-A,Afternoon,M-101,OP-019,480,3,0,37.97,64.6
231,2024-01-22,Line-A,Night,M-102,OP-015,420,0,2,23.38,74.6
232,2024-01-22,Line-B,Morning,M-201,OP-009,540,21,68,46.91,66.7
233,2024-01-22,Line-B,Afternoon,M-202,OP-004,330,14,0,21.77,72.1
234,2024-01-22,Line-B,Night,M-202,OP-016,626,20,20,32.97,71.4
235,2024-01-22,Line-C,Afternoon,M-301,OP-005,525,11,13,29.69,65.0
236,2024-01-22,Line-C,Night,M-303,OP-010,463,13,33,37.06,63.6
237,2024-01-22,Line-D,Morning,M-401,OP-004,490,16,25,22.15,64.0
238,2024-01-22,Line-D,Afternoon,M-402,OP-020,536,4,8,32.75,64.1
239,2024-01-22,Line-D,Night,M-401,OP-017,486,2,2,31.6,61.6
240,2024-01-23,Line-A,Morning,M-102,OP-010,506,9,20,31.12,73.5
241,2024-01-23,Line-A,Afternoon,M-102,OP-010,487,7,13,32.72,68.2
242,2024-01-23,Line-A,Night,M-101,OP-020,482,5,2,22.99,75.0
243,2024-01-23,Line-B,Morning,M-201,OP-007,405,15,24,46.47,66.8
244,2024-01-23,Line-B,Afternoon,M-202,OP-003,554,6,16,25.82,76.6
245,2024-01-23,Line-B,Night,M-201,OP-018,408,20,44,44.07,67.3
246,2024-01-23,Line-C,Night,M-303,OP-016,472,21,32,46.82,76.8
247,2024-01-23,Line-D,Morning,M-401,OP-010,446,2,10,42.9,64.8
248,2024-01-23,Line-D,Afternoon,M-402,OP-003,578,20,3,32.84,74.5
249,2024-01-23,Line-D,Night,M-402,OP-019,457,7,3,24.93,65.4
250,2024-01-24,Line-A,Morning,M-101,OP-014,406,7,0,31.17,61.8
251,2024-01-24,Line-A,Afternoon,M-101,OP-005,499,13,0,31.87,72.9
252,2024-01-24,Line-A,Night,M-101,OP-003,407,14,18,26.47,67.8
253,2024-01-24,Line-B,Afternoon,M-202,OP-015,513,10,20,25.4,68.7
254,2024-01-24,Line-B,Night,M-202,OP-013,395,7,0,26.32,72.9
255,2024-01-24,Line-C,Morning,M-303,OP-018,545,28,18,40.42,72.9
256,2024-01-24,Line-C,Afternoon,M-301,OP-020,488,20,17,30.96,66.8
257,2024-01-24,Line-D,Morning,M-402,OP-020,488,8,22,34.78,64.9
258,2024-01-24,Line-D,Afternoon,M-401,OP-008,400,0,19,24.48,59.4
259,2024-01-24,Line-D,Night,M-401,OP-009,503,22,11,34.19,68.3
260,2024-01-25,Line-A,Morning,M-101,OP-016,474,13,7,31.34,69.3
261,2024-01-25,Line-A,Afternoon,M-102,OP-009,439,12,9,26.22,70.1
262,2024-01-25,Line-A,Night,M-102,OP-016,426,8,11,35.43,69.9
263,2024-01-25,Line-B,Morning,M-202,OP-012,478,13,32,32.79,68.0
264,2024-01-25,Line-B,Afternoon,M-202,OP-004,401,3,7,26.95,67.3
265,2024-01-25,Line-B,Night,M-202,OP-014,483,11,10,32.43,68.3
266,2024-01-25,Line-C,Morning,M-302,OP-013,361,3,9,23.95,70.4
267,2024-01-25,Line-C,Afternoon,M-303,OP-002,571,33,31,49.45,68.6
268,2024-01-25,Line-C,Night,M-302,OP-009,459,5,7,28.06,68.7
269,2024-01-25,Line-D,Morning,M-402,OP-017,489,9,18,35.95,71.8
270,2024-01-25,Line-D,Afternoon,M-401,OP-018,390,0,26,23.17,67.1
271,2024-01-25,Line-D,Night,M-401,OP-007,409,0,20,33.8,65.7
272,2024-01-26,Line-A,Morning,M-102,OP-015,324,4,17,22.61,68.7
273,2024-01-26,Line-A,Afternoon,M-101,OP-009,479,11,13,25.13,72.8
274,2024-01-26,Line-A,Night,M-102,OP-015,470,8,0,27.78,64.5
275,2024-01-26,Line-B,Morning,M-202,OP-004,469,16,0,21.93,73.9
276,2024-01-26,Line-B,Night,M-201,OP-006,467,18,50,38.97,75.3
277,2024-01-26,Line-C,Morning,M-301,OP-018,520,7,44,26.97,71.0
278,2024-01-26,Line-C,Afternoon,M-301,OP-004,497,15,35,30.16,65.0
279,2024-01-26,Line-C,Night,M-301,OP-005,507,6,42,30.68,66.5
280,2024-01-26,Line-D,Morning,M-402,OP-017,491,2,0,36.0,65.4
281,2024-01-26,Line-D,Afternoon,M-402,OP-016,417,10,29,33.59,72.0
282,2024-01-26,Line-D,Night,M-401,OP-015,434,2,34,28.39,67.0
283,2024-01-27,Line-A,Morning,M-102,OP-007,559,13,18,40.83,65.4
284,2024-01-27,Line-A,Afternoon,M-101,OP-003,535,10,16,37.64,70.0
285,2024-01-27,Line-A,Night,M-102,OP-011,512,15,6,25.8,63.8
286,2024-01-27,Line-B,Morning,M-202,OP-001,362,14,0,28.89,66.9
287,2024-01-27,Line-B,Afternoon,M-202,OP-019,498,13,24,27.08,67.3
288,2024-01-27,Line-B,Night,M-202,OP-005,496,8,36,32.45,70.9
289,2024-01-27,Line-C,Morning,M-302,OP-012,519,15,14,23.52,69.6
290,2024-01-27,Line-C,Afternoon,M-303,OP-013,440,17,43,48.19,68.1
291,2024-01-27,Line-C,Night,M-302,OP-007,498,17,15,43.01,70.3
292,2024-01-27,Line-D,Morning,M-401,OP-019,374,10,17,36.45,70.7
293,2024-01-27,Line-D,Afternoon,M-402,OP-002,471,3,8,25.75,65.7
294,2024-01-27,Line-D,Night,M-402,OP-013,515,18,17,24.02,69.8
295,2024-01-28,Line-A,Morning,M-101,OP-016,551,7,9,30.07,64.9
296,2024-01-28,Line-A,Afternoon,M-101,OP-017,518,9,18,25.56,66.3
297,2024-01-28,Line-A,Night,M-102,OP-004,523,7,37,28.0,68.9
298,2024-01-28,Line-B,Morning,M-202,OP-004,535,2,0,22.37,73.1
299,2024-01-28,Line-B,Afternoon,M-202,OP-001,446,19,3,30.92,74.2
300,2024-01-28,Line-B,Night,M-202,OP-005,600,23,30,35.12,70.4
301,2024-01-28,Line-C,Afternoon,M-302,OP-011,526,7,0,29.98,67.3
302,2024-01-28,Line-C,Night,M-302,OP-003,452,11,26,30.44,73.9
303,2024-01-28,Line-D,Morning,M-402,OP-011,411,7,1,20.67,67.7
304,2024-01-28,Line-D,Afternoon,M-402,OP-018,472,16,21,24.88,75.4
305,2024-01-29,Line-A,Afternoon,M-102,OP-008,553,13,8,25.2,66.5
306,2024-01-29,Line-A,Night,M-102,OP-004,545,20,35,27.56,63.5
307,2024-01-29,Line-B,Morning,M-201,OP-015,488,13,39,41.26,66.1
308,2024-01-29,Line-B,Afternoon,M-202,OP-001,384,9,4,24.15,56.5
309,2024-01-29,Line-C,Morning,M-302,OP-012,478,17,36,27.71,65.6
310,2024-01-29,Line-C,Afternoon,M-301,OP-008,508,4,16,33.83,72.9
311,2024-01-29,Line-C,Night,M-303,OP-006,473,20,21,37.87,67.1
312,2024-01-29,Line-D,Morning,M-401,OP-020,502,14,0,37.46,66.9
313,2024-01-29,Line-D,Afternoon,M-401,OP-016,478,5,0,34.42,70.9
314,2024-01-29,Line-D,Night,M-401,OP-008,463,9,19,22.19,65.9
315,2024-01-30,Line-A,Morning,M-102,OP-015,527,3,16,23.22,69.9
316,2024-01-30,Line-A,Afternoon,M-101,OP-015,477,1,29,26.33,64.8
317,2024-01-30,Line-A,Night,M-101,OP-003,492,15,0,30.31,69.7
318,2024-01-30,Line-B,Morning,M-202,OP-019,521,10,6,25.86,68.3
319,2024-01-30,Line-B,Afternoon,M-202,OP-009,415,0,18,34.52,58.5
320,2024-01-30,Line-B,Night,M-202,OP-007,419,10,42,30.1,65.1
321,2024-01-30,Line-C,Morning,M-302,OP-004,469,15,2,26.0,66.1
322,2024-01-30,Line-C,Afternoon,M-303,OP-012,422,20,59,43.62,67.0
323,2024-01-30,Line-C,Night,M-303,OP-010,462,14,48,41.61,67.3
324,2024-01-30,Line-D,Afternoon,M-402,OP-009,671,14,0,27.87,72.6
325,2024-01-31,Line-A,Morning,M-101,OP-020,486,2,25,26.66,75.5
326,2024-01-31,Line-A,Afternoon,M-102,OP-008,544,7,31,30.34,71.4
327,2024-01-31,Line-A,Night,M-102,OP-008,509,5,2,35.15,66.7
328,2024-01-31,Line-B,Morning,M-202,OP-005,455,4,18,40.31,63.7
329,2024-01-31,Line-B,Afternoon,M-201,OP-010,481,28,33,44.26,63.8
330,2024-01-31,Line-B,Night,M-201,OP-019,505,22,49,47.94,78.4
331,2024-01-31,Line-C,Morning,M-301,OP-003,514,11,14,28.23,69.4
332,2024-01-31,Line-C,Afternoon,M-302,OP-014,462,9,31,24.97,72.6
333,2024-01-31,Line-C,Night,M-301,OP-018,559,9,0,26.96,73.2
334,2024-01-31,Line-D,Morning,M-402,OP-017,478,4,4,34.2,70.2
335,2024-01-31,Line-D,Afternoon,M-402,OP-006,465,7,6,25.39,74.5
336,2024-01-31,Line-D,Night,M-402,OP-010,460,14,34,34.99,66.3
337,2024-02-01,Line-A,Morning,M-102,OP-004,504,9,0,31.62,63.3
338,2024-02-01,Line-A,Afternoon,M-101,OP-005,551,7,15,31.42,67.0
339,2024-02-01,Line-A,Night,M-101,OP-013,515,7,25,23.27,68.5
340,2024-02-01,Line-B,Morning,M-202,OP-003,596,5,1,32.57,68.7
341,2024-02-01,Line-B,Afternoon,M-201,OP-009,501,25,44,47.55,69.6
342,2024-02-01,Line-B,Night,M-202,OP-012,465,11,40,29.34,64.1
343,2024-02-01,Line-C,Morning,M-303,OP-009,546,24,2,46.24,65.9
344,2024-02-01,Line-C,Afternoon,M-303,OP-012,474,23,37,45.55,66.3
345,2024-02-01,Line-C,Night,M-301,OP-016,510,8,23,33.08,64.3
346,2024-02-01,Line-D,Afternoon,M-402,OP-020,545,7,24,31.84,75.4
347,2024-02-01,Line-D,Night,M-401,OP-015,466,7,11,28.48,71.2
348,2024-02-02,Line-A,Morning,M-102,OP-014,383,3,0,34.75,74.8
349,2024-02-02,Line-A,Afternoon,M-101,OP-002,473,8,13,35.81,64.3
350,2024-02-02,Line-A,Night,M-102,OP-004,494,14,19,30.95,72.0
351,2024-02-02,Line-B,Morning,M-201,OP-013,317,16,25,32.85,70.0
352,2024-02-02,Line-B,Afternoon,M-202,OP-019,562,9,26,38.06,73.3
353,2024-02-02,Line-B,Night,M-201,OP-014,578,30,36,33.99,67.0
354,2024-02-02,Line-C,Morning,M-302,OP-020,429,17,9,30.62,70.2
355,2024-02-02,Line-C,Afternoon,M-302,OP-002,482,17,2,30.97,65.0
356,2024-02-02,Line-C,Night,M-301,OP-015,400,5,11,27.85,65.2
357,2024-02-02,Line-D,Morning,M-401,OP-012,395,7,0,33.8,68.3
358,2024-02-02,Line-D,Afternoon,M-402,OP-018,392,6,0,31.6,73.4
359,2024-02-02,Line-D,Night,M-402,OP-002,367,7,9,33.36,68.9
360,2024-02-03,Line-A,Morning,M-101,OP-004,434,6,0,35.38,68.1
361,2024-02-03,Line-A,Afternoon,M-102,OP-003,594,10,1,22.43,60.8
362,2024-02-03,Line-A,Night,M-101,OP-002,384,8,19,22.09,71.6
363,2024-02-03,Line-B,Morning,M-201,OP-005,451,21,59,46.48,66.9
364,2024-02-03,Line-B,Afternoon,M-201,OP-003,426,10,24,40.94,64.1
365,2024-02-03,Line-B,Night,M-201,OP-019,472,22,31,38.75,68.7
366,2024-02-03,Line-C,Morning,M-301,OP-011,506,4,33,29.51,68.1
367,2024-02-03,Line-C,Afternoon,M-303,OP-001,522,25,49,43.44,65.6
368,2024-02-03,Line-C,Night,M-301,OP-005,501,3,13,29.83,67.2
369,2024-02-03,Line-D,Morning,M-401,OP-004,472,0,3,30.46,68.6
370,2024-02-03,Line-D,Afternoon,M-401,OP-005,418,13,0,34.85,69.7
371,2024-02-04,Line-A,Morning,M-101,OP-019,441,16,0,34.6,72.0
372,2024-02-04,Line-A,Afternoon,M-101,OP-009,439,14,8,31.44,69.0
373,2024-02-04,Line-B,Morning,M-201,OP-003,471,25,46,33.26,73.2
374,2024-02-04,Line-B,Afternoon,M-202,OP-017,380,11,28,24.55,66.4
375,2024-02-04,Line-B,Night,M-202,OP-017,413,7,7,33.9,73.2
376,2024-02-04,Line-C,Morning,M-303,OP-002,563,22,31,33.58,64.8
377,2024-02-04,Line-C,Afternoon,M-303,OP-017,537,33,16,39.04,67.9
378,2024-02-04,Line-C,Night,M-303,OP-001,496,18,41,39.63,67.9
379,2024-02-04,Line-D,Afternoon,M-402,OP-014,512,9,5,29.45,67.6
380,2024-02-04,Line-D,Night,M-402,OP-015,457,7,35,32.8,66.8
381,2024-02-05,Line-A,Afternoon,M-101,OP-003,521,8,29,31.85,67.6
382,2024-02-05,Line-A,Night,M-102,OP-013,506,1,0,24.03,68.6
383,2024-02-05,Line-B,Morning,M-202,OP-015,583,24,21,32.5,60.8
384,2024-02-05,Line-B,Afternoon,M-202,OP-004,447,5,2,29.16,66.1
385,2024-02-05,Line-B,Night,M-201,OP-018,361,19,18,43.2,76.3
386,2024-02-05,Line-C,Morning,M-301,OP-014,424,0,7,35.5,75.8
387,2024-02-05,Line-C,Afternoon,M-301,OP-014,406,9,5,29.47,78.6
388,2024-02-05,Line-C,Night,M-302,OP-013,389,8,19,35.43,68.4
389,2024-02-05,Line-D,Morning,M-401,OP-011,498,7,16,28.28,70.5
390,2024-02-05,Line-D,Afternoon,M-402,OP-012,457,10,11,35.63,67.8
391,2024-02-05,Line-D,Night,M-402,OP-003,373,11,0,26.73,65.6
392,2024-02-06,Line-A,Morning,M-101,OP-003,562,0,59,35.28,68.9
393,2024-02-06,Line-A,Afternoon,M-102,OP-005,476,10,19,33.23,70.2
394,2024-02-06,Line-A,Night,M-102,OP-004,485,8,9,29.03,72.5
395,2024-02-06,Line-B,Morning,M-202,OP-002,515,0,21,30.97,67.9
396,2024-02-06,Line-B,Afternoon,M-202,OP-012,456,13,26,26.14,69.6
397,2024-02-06,Line-B,Night,M-201,OP-005,421,13,25,46.31,71.8
398,2024-02-06,Line-C,Morning,M-301,OP-004,510,13,19,26.79,69.7
399,2024-02-06,Line-C,Afternoon,M-303,OP-012,528,28,52,45.54,69.4
400,2024-02-06,Line-C,Night,M-302,OP-019,544,10,0,29.18,65.0
401,2024-02-06,Line-D,Morning,M-402,OP-018,439,7,0,28.46,60.4
402,2024-02-06,Line-D,Afternoon,M-401,OP-020,492,9,0,33.3,71.8
403,2024-02-06,Line-D,Night,M-402,OP-001,383,4,0,25.3,71.3
404,2024-02-07,Line-A,Morning,M-102,OP-011,468,7,0,33.18,63.0
405,2024-02-07,Line-A,Afternoon,M-101,OP-005,483,10,32,23.46,55.9
406,2024-02-07,Line-A,Night,M-102,OP-003,491,18,30,31.05,66.0
407,2024-02-07,Line-B,Morning,M-201,OP-003,528,19,42,44.53,72.2
408,2024-02-07,Line-B,Afternoon,M-201,OP-013,645,32,27,41.87,60.9
409,2024-02-07,Line-B,Night,M-202,OP-006,438,6,4,30.76,64.7
410,2024-02-07,Line-C,Morning,M-303,OP-011,547,25,34,40.36,68.6
411,2024-02-07,Line-C,Afternoon,M-303,OP-020,529,19,25,40.48,62.6
412,2024-02-07,Line-C,Night,M-301,OP-005,430,6,25,31.31,68.8
413,2024-02-07,Line-D,Morning,M-401,OP-003,531,9,17,29.48,69.1
414,2024-02-07,Line-D,Afternoon,M-402,OP-016,445,0,9,37.11,71.7
415,2024-02-07,Line-D,Night,M-402,OP-009,537,16,13,30.99,65.5
416,2024-02-08,Line-A,Morning,M-101,OP-012,461,11,30,29.3,66.2
417,2024-02-08,Line-A,Afternoon,M-102,OP-019,480,12,0,18.52,65.8
418,2024-02-08,Line-A,Night,M-102,OP-002,406,5,9,27.73,73.8
419,2024-02-08,Line-B,Morning,M-201,OP-001,499,24,44,36.31,72.2
420,2024-02-08,Line-B,Afternoon,M-201,OP-005,475,25,18,34.23,71.3
421,2024-02-08,Line-B,Night,M-202,OP-011,502,5,0,35.63,63.2
422,2024-02-08,Line-C,Morning,M-302,OP-014,578,5,21,28.36,70.4
423,2024-02-08,Line-C,Afternoon,M-302,OP-018,447,7,12,24.99,71.0
424,2024-02-08,Line-C,Night,M-303,OP-018,449,19,20,29.19,67.2
425,2024-02-08,Line-D,Morning,M-402,OP-003,624,16,11,28.69,68.1
426,2024-02-08,Line-D,Afternoon,M-401,OP-014,512,3,28,33.58,70.9
427,2024-02-09,Line-A,Morning,M-102,OP-019,506,9,22,32.96,66.6
428,2024-02-09,Line-A,Afternoon,M-102,OP-014,445,8,35,23.8,62.1
429,2024-02-09,Line-A,Night,M-102,OP-001,489,9,14,31.22,67.1
430,2024-02-09,Line-B,Morning,M-201,OP-020,569,16,22,41.48,61.4
431,2024-02-09,Line-B,Afternoon,M-202,OP-003,469,16,12,31.15,63.0
432,2024-02-09,Line-B,Night,M-201,OP-008,443,18,30,48.41,70.2
433,2024-02-09,Line-C,Morning,M-302,OP-017,413,8,19,35.7,74.3
434,2024-02-09,Line-C,Night,M-303,OP-011,419,15,16,40.83,69.9
435,2024-02-09,Line-D,Morning,M-401,OP-003,539,9,7,30.76,64.7
436,2024-02-09,Line-D,Afternoon,M-401,OP-017,605,1,14,40.12,68.0
437,2024-02-09,Line-D,Night,M-402,OP-012,468,7,9,36.86,59.2
438,2024-02-10,Line-A,Morning,M-101,OP-008,572,2,8,27.85,70.4
439,2024-02-10,Line-A,Afternoon,M-102,OP-007,384,9,42,23.18,68.8
440,2024-02-10,Line-A,Night,M-101,OP-003,440,10,12,26.79,70.0
441,2024-02-10,Line-B,Morning,M-202,OP-015,588,9,22,23.53,64.2
442,2024-02-10,Line-B,Afternoon,M-202,OP-019,508,17,17,28.43,68.0
443,2024-02-10,Line-B,Night,M-202,OP-011,404,10,25,27.74,66.1
444,2024-02-10,Line-C,Morning,M-301,OP-016,495,7,11,40.5,67.0
445,2024-02-10,Line-C,Afternoon,M-302,OP-009,458,5,23,29.09,65.4
446,2024-02-10,Line-C,Night,M-302,OP-017,559,18,2,20.67,72.0
447,2024-02-10,Line-D,Afternoon,M-401,OP-002,438,11,0,34.46,63.2
448,2024-02-10,Line-D,Night,M-402,OP-003,523,9,0,27.96,70.7
449,2024-02-11,Line-A,Morning,M-101,OP-020,486,12,41,22.18,74.5
450,2024-02-11,Line-A,Afternoon,M-102,OP-015,486,4,0,29.05,71.7
451,2024-02-11,Line-A,Night,M-101,OP-015,472,16,0,29.94,63.0
452,2024-02-11,Line-B,Morning,M-201,OP-011,501,27,28,28.98,68.8
453,2024-02-11,Line-B,Afternoon,M-201,OP-002,506,25,53,36.64,70.7
454,2024-02-11,Line-B,Night,M-202,OP-003,551,0,16,27.48,67.7
455,2024-02-11,Line-C,Morning,M-301,OP-002,500,7,1,30.17,63.7
456,2024-02-11,Line-C,Afternoon,M-302,OP-015,414,10,0,33.33,69.9
457,2024-02-11,Line-C,Night,M-303,OP-006,376,14,52,37.09,66.1
458,2024-02-11,Line-D,Morning,M-402,OP-013,507,13,8,27.01,73.7
459,2024-02-11,Line-D,Afternoon,M-402,OP-020,584,16,13,25.96,64.7
460,2024-02-12,Line-A,Morning,M-102,OP-003,511,11,33,33.25,62.0
461,2024-02-12,Line-A,Afternoon,M-102,OP-010,543,4,6,31.25,76.0
462,2024-02-12,Line-A,Night,M-101,OP-011,666,16,9,32.67,71.6
463,2024-02-12,Line-B,Morning,M-201,OP-012,460,29,38,44.49,70.7
464,2024-02-12,Line-B,Afternoon,M-202,OP-005,505,13,2,27.21,63.6
465,2024-02-12,Line-B,Night,M-201,OP-010,506,27,41,50.37,68.0
466,2024-02-12,Line-C,Morning,M-303,OP-011,520,18,29,45.48,71.4
467,2024-02-12,Line-C,Afternoon,M-303,OP-017,462,20,12,40.21,71.6
468,2024-02-12,Line-C,Night,M-303,OP-014,514,26,35,42.04,65.4
469,2024-02-12,Line-D,Morning,M-401,OP-012,521,12,19,27.37,59.4
470,2024-02-12,Line-D,Afternoon,M-401,OP-011,545,7,0,33.47,66.4
471,2024-02-12,Line-D,Night,M-402,OP-007,543,13,22,23.17,72.8
472,2024-02-13,Line-A,Morning,M-101,OP-005,495,7,14,21.12,69.6
473,2024-02-13,Line-A,Night,M-101,OP-017,418,2,0,35.56,65.5
474,2024-02-13,Line-B,Morning,M-201,OP-011,572,23,9,36.42,72.9
475,2024-02-13,Line-B,Afternoon,M-201,OP-020,470,19,37,44.51,72.5
476,2024-02-13,Line-B,Night,M-201,OP-006,566,23,15,39.93,69.0
477,2024-02-13,Line-C,Morning,M-303,OP-006,422,15,40,41.76,68.1
478,2024-02-13,Line-C,Afternoon,M-301,OP-014,434,7,0,34.45,72.1
479,2024-02-13,Line-C,Night,M-303,OP-008,369,13,12,38.75,67.7
480,2024-02-13,Line-D,Morning,M-402,OP-015,393,3,0,31.04,68.3
481,2024-02-13,Line-D,Afternoon,M-401,OP-010,436,9,3,28.64,74.7
482,2024-02-13,Line-D,Night,M-402,OP-007,560,3,24,34.06,63.4
483,2024-02-14,Line-A,Morning,M-102,OP-015,529,18,0,25.41,72.1
484,2024-02-14,Line-A,Afternoon,M-102,OP-017,496,12,17,31.95,62.7
485,2024-02-14,Line-A,Night,M-101,OP-007,542,16,8,29.78,61.9
486,2024-02-14,Line-B,Morning,M-201,OP-009,510,26,34,47.62,66.7
487,2024-02-14,Line-B,Night,M-202,OP-018,513,4,11,29.13,68.9
488,2024-02-14,Line-C,Morning,M-303,OP-017,457,20,47,39.82,61.6
489,2024-02-14,Line-C,Afternoon,M-302,OP-003,584,19,0,33.45,66.0
490,2024-02-14,Line-C,Night,M-302,OP-015,495,10,8,26.08,65.2
491,2024-02-14,Line-D,Morning,M-401,OP-014,425,4,10,26.42,70.7
492,2024-02-14,Line-D,Afternoon,M-401,OP-015,569,7,15,32.5,69.9
493,2024-02-14,Line-D,Night,M-401,OP-014,484,12,19,23.81,71.5
494,2024-02-15,Line-A,Afternoon,M-101,OP-013,533,6,12,33.42,67.2
495,2024-02-15,Line-A,Night,M-102,OP-008,544,23,0,23.09,69.2
496,2024-02-15,Line-B,Afternoon,M-202,OP-005,523,8,33,23.31,70.8
497,2024-02-15,Line-B,Night,M-202,OP-016,443,16,41,26.17,65.8
498,2024-02-15,Line-C,Morning,M-301,OP-016,531,8,11,30.13,60.3
499,2024-02-15,Line-C,Afternoon,M-301,OP-003,479,5,4,37.22,63.0
500,2024-02-15,Line-D,Morning,M-401,OP-018,528,8,7,33.95,69.4
501,2024-02-15,Line-D,Afternoon,M-402,OP-004,514,14,7,26.94,63.7
502,2024-02-15,Line-D,Night,M-401,OP-010,430,20,30,23.24,62.7
503,2024-02-16,Line-A,Morning,M-101,OP-014,508,12,20,28.73,67.5
504,2024-02-16,Line-A,Afternoon,M-102,OP-003,499,9,0,28.85,64.6
505,2024-02-16,Line-A,Night,M-102,OP-020,490,23,17,28.43,71.7
506,2024-02-16,Line-B,Morning,M-201,OP-005,508,25,44,52.28,63.5
507,2024-02-16,Line-B,Afternoon,M-201,OP-020,508,18,43,37.41,66.3
508,2024-02-16,Line-B,Night,M-202,OP-006,462,13,25,23.77,68.2
509,2024-02-16,Line-C,Morning,M-301,OP-017,437,2,8,28.46,77.7
510,2024-02-16,Line-C,Afternoon,M-301,OP-017,505,2,3,35.11,76.4
511,2024-02-16,Line-C,Night,M-303,OP-018,384,10,63,43.95,64.5
512,2024-02-16,Line-D,Afternoon,M-401,OP-013,512,0,12,31.64,71.7
513,2024-02-16,Line-D,Night,M-402,OP-001,419,8,0,31.28,64.4
514,2024-02-17,Line-A,Morning,M-101,OP-012,455,4,21,34.29,67.1
515,2024-02-17,Line-A,Afternoon,M-101,OP-019,482,2,7,29.75,78.5
516,2024-02-17,Line-A,Night,M-102,OP-005,413,13,26,31.4,75.0
517,2024-02-17,Line-B,Afternoon,M-201,OP-015,502,25,34,48.12,72.4
518,2024-02-17,Line-B,Night,M-202,OP-006,442,2,8,26.0,67.7
519,2024-02-17,Line-C,Morning,M-301,OP-015,554,7,11,30.29,71.4
520,2024-02-17,Line-C,Night,M-301,OP-002,345,4,15,36.0,66.0
521,2024-02-17,Line-D,Morning,M-402,OP-017,367,9,2,24.05,65.5
522,2024-02-17,Line-D,Afternoon,M-402,OP-009,468,6,0,34.49,73.1
523,2024-02-18,Line-A,Morning,M-102,OP-012,519,3,8,29.97,70.4
524,2024-02-18,Line-A,Afternoon,M-101,OP-011,520,6,13,32.29,73.8
525,2024-02-18,Line-A,Night,M-102,OP-014,522,14,13,37.05,69.6
526,2024-02-18,Line-B,Morning,M-202,OP-013,428,14,22,27.78,66.1
527,2024-02-18,Line-B,Afternoon,M-201,OP-016,497,25,37,43.56,74.8
528,2024-02-18,Line-B,Night,M-202,OP-017,544,11,26,24.84,69.6
529,2024-02-18,Line-C,Morning,M-301,OP-014,588,9,0,26.74,63.6
530,2024-02-18,Line-C,Night,M-301,OP-018,432,6,0,30.08,71.6
531,2024-02-18,Line-D,Morning,M-401,OP-003,425,14,19,35.15,65.4
532,2024-02-18,Line-D,Afternoon,M-402,OP-010,531,4,25,30.86,70.2
533,2024-02-18,Line-D,Night,M-402,OP-006,409,4,20,25.26,69.9
534,2024-02-19,Line-A,Morning,M-102,OP-015,397,11,0,32.76,70.5
535,2024-02-19,Line-A,Night,M-102,OP-020,438,10,15,27.31,64.0
536,2024-02-19,Line-B,Morning,M-202,OP-002,362,8,0,30.48,66.9
537,2024-02-19,Line-B,Night,M-202,OP-017,520,8,7,33.66,69.3
538,2024-02-19,Line-C,Morning,M-303,OP-006,498,25,11,45.78,70.4
539,2024-02-19,Line-C,Afternoon,M-301,OP-020,418,7,11,29.33,69.3
540,2024-02-19,Line-C,Night,M-302,OP-002,565,16,0,33.11,73.3
541,2024-02-19,Line-D,Morning,M-401,OP-012,503,15,42,35.12,69.0
542,2024-02-19,Line-D,Afternoon,M-401,OP-020,542,11,12,28.24,74.3
543,2024-02-19,Line-D,Night,M-402,OP-012,430,14,19,23.0,69.5
544,2024-02-20,Line-A,Morning,M-101,OP-019,353,9,25,27.04,68.5
545,2024-02-20,Line-A,Afternoon,M-102,OP-013,597,8,0,37.41,75.9
546,2024-02-20,Line-A,Night,M-102,OP-008,480,13,32,26.29,66.1
547,2024-02-20,Line-B,Morning,M-201,OP-006,553,34,43,37.6,75.9
548,2024-02-20,Line-B,Afternoon,M-202,OP-018,448,7,17,37.77,71.4
549,2024-02-20,Line-B,Night,M-202,OP-015,504,11,12,32.79,57.9
550,2024-02-20,Line-C,Morning,M-303,OP-010,462,22,17,43.93,67.2
551,2024-02-20,Line-C,Afternoon,M-302,OP-007,585,20,5,29.25,67.7
552,2024-02-20,Line-C,Night,M-301,OP-015,452,9,0,24.35,70.5
553,2024-02-20,Line-D,Morning,M-402,OP-003,517,5,25,26.84,69.0
554,2024-02-20,Line-D,Afternoon,M-402,OP-012,529,9,18,27.42,67.2
555,2024-02-20,Line-D,Night,M-402,OP-010,467,5,9,22.26,66.0
556,2024-02-21,Line-A,Morning,M-101,OP-012,462,7,8,29.69,69.9
557,2024-02-21,Line-A,Afternoon,M-101,OP-007,532,6,0,24.79,66.1
558,2024-02-21,Line-A,Night,M-101,OP-016,458,5,0,27.72,68.7
559,2024-02-21,Line-B,Afternoon,M-202,OP-015,515,6,5,25.37,67.9
560,2024-02-21,Line-B,Night,M-201,OP-020,429,22,8,40.2,69.2
561,2024-02-21,Line-C,Morning,M-301,OP-010,491,22,17,24.98,67.6
562,2024-02-21,Line-C,Afternoon,M-303,OP-016,373,16,22,46.58,65.8
563,2024-02-21,Line-C,Night,M-302,OP-019,472,5,38,28.39,75.3
564,2024-02-21,Line-D,Afternoon,M-401,OP-015,528,12,17,31.97,60.3
565,2024-02-21,Line-D,Night,M-402,OP-005,463,12,11,22.97,67.8
566,2024-02-22,Line-A,Morning,M-101,OP-005,582,18,11,34.76,66.5
567,2024-02-22,Line-A,Afternoon,M-101,OP-004,377,3,35,28.63,67.0
568,2024-02-22,Line-A,Night,M-102,OP-006,462,17,36,41.09,67.4
569,2024-02-22,Line-B,Morning,M-201,OP-012,497,15,57,36.16,68.9
570,2024-02-22,Line-B,Afternoon,M-202,OP-003,414,5,0,26.96,65.8
571,2024-02-22,Line-B,Night,M-202,OP-005,447,12,0,31.1,72.9
572,2024-02-22,Line-C,Morning,M-303,OP-018,449,17,31,47.9,68.8
573,2024-02-22,Line-C,Afternoon,M-303,OP-006,448,22,18,45.41,69.6
574,2024-02-22,Line-C,Night,M-303,OP-005,461,17,21,44.67,72.9
575,2024-02-22,Line-D,Morning,M-402,OP-019,441,10,0,27.08,67.9
576,2024-02-22,Line-D,Night,M-401,OP-002,425,4,1,31.46,67.3
577,2024-02-23,Line-A,Morning,M-102,OP-007,345,0,2,32.29,57.0
578,2024-02-23,Line-A,Afternoon,M-102,OP-020,450,6,32,28.07,69.5
579,2024-02-23,Line-A,Night,M-102,OP-018,488,0,23,31.08,70.0
580,2024-02-23,Line-B,Morning,M-202,OP-016,715,0,37,28.56,69.1
581,2024-02-23,Line-B,Afternoon,M-202,OP-010,477,7,3,31.65,61.9
582,2024-02-23,Line-B,Night,M-201,OP-006,525,21,18,39.75,73.0
583,2024-02-23,Line-C,Morning,M-302,OP-015,447,10,1,33.79,70.7
584,2024-02-23,Line-C,Afternoon,M-303,OP-005,590,26,45,42.49,73.2
585,2024-02-23,Line-C,Night,M-303,OP-011,436,23,32,41.68,68.4
586,2024-02-23,Line-D,Morning,M-402,OP-013,495,8,15,37.89,71.9
587,2024-02-23,Line-D,Afternoon,M-402,OP-017,532,7,0,34.78,71.5
588,2024-02-23,Line-D,Night,M-402,OP-008,568,7,8,21.8,66.4
589,2024-02-24,Line-A,Morning,M-102,OP-015,539,7,21,29.05,69.3
590,2024-02-24,Line-A,Afternoon,M-101,OP-002,411,8,0,29.07,61.5
591,2024-02-24,Line-A,Night,M-102,OP-020,552,14,19,37.61,64.2
592,2024-02-24,Line-B,Morning,M-201,OP-011,584,32,31,47.68,63.6
593,2024-02-24,Line-B,Afternoon,M-202,OP-007,430,5,4,24.72,72.9
594,2024-02-24,Line-B,Night,M-202,OP-017,464,10,3,20.9,69.1
595,2024-02-24,Line-C,Morning,M-302,OP-016,365,6,0,39.94,71.6
596,2024-02-24,Line-C,Night,M-303,OP-015,486,28,22,44.72,68.8
597,2024-02-24,Line-D,Morning,M-401,OP-019,495,15,22,31.44,61.4
598,2024-02-24,Line-D,Afternoon,M-401,OP-010,422,7,13,24.35,77.6
599,2024-02-24,Line-D,Night,M-402,OP-010,570,14,13,28.94,64.2
600,2024-02-25,Line-A,Morning,M-101,OP-014,484,10,0,31.67,67.4
601,2024-02-25,Line-A,Afternoon,M-102,OP-012,365,3,5,39.44,70.2
602,2024-02-25,Line-A,Night,M-102,OP-002,399,9,0,35.41,66.1
603,2024-02-25,Line-B,Morning,M-201,OP-012,474,28,15,35.01,65.7
604,2024-02-25,Line-B,Afternoon,M-201,OP-013,542,16,0,39.74,70.2
605,2024-02-25,Line-B,Night,M-202,OP-020,552,7,5,35.77,60.5
606,2024-02-25,Line-C,Morning,M-301,OP-005,456,9,18,27.45,68.1
607,2024-02-25,Line-C,Afternoon,M-302,OP-012,330,4,18,25.09,68.2
608,2024-02-25,Line-C,Night,M-302,OP-018,506,7,14,25.19,67.2
609,2024-02-25,Line-D,Morning,M-401,OP-007,516,10,3,31.12,70.9
610,2024-02-25,Line-D,Afternoon,M-402,OP-017,357,11,6,32.13,72.8
611,2024-02-26,Line-A,Afternoon,M-102,OP-017,397,4,7,26.08,74.9
612,2024-02-26,Line-A,Night,M-101,OP-011,428,5,15,23.99,66.4
613,2024-02-26,Line-B,Morning,M-202,OP-006,499,7,10,27.35,61.9
614,2024-02-26,Line-B,Afternoon,M-202,OP-019,499,18,12,31.13,70.8
615,2024-02-26,Line-B,Night,M-202,OP-019,403,14,15,38.16,65.1
616,2024-02-26,Line-C,Morning,M-301,OP-012,589,15,20,31.17,67.0
617,2024-02-26,Line-C,Afternoon,M-301,OP-014,552,11,0,24.41,67.3
618,2024-02-26,Line-C,Night,M-303,OP-001,498,22,53,32.24,68.6
619,2024-02-26,Line-D,Morning,M-402,OP-019,370,9,10,32.1,64.5
620,2024-02-26,Line-D,Afternoon,M-401,OP-019,556,16,20,29.35,70.3
621,2024-02-26,Line-D,Night,M-402,OP-005,437,12,36,35.35,65.1
622,2024-02-27,Line-A,Morning,M-101,OP-002,501,3,20,32.25,60.5
623,2024-02-27,Line-A,Afternoon,M-101,OP-007,410,6,7,23.95,69.6
624,2024-02-27,Line-B,Morning,M-201,OP-014,495,21,23,47.24,74.6
625,2024-02-27,Line-B,Afternoon,M-202,OP-017,450,5,19,28.21,67.4
626,2024-02-27,Line-B,Night,M-202,OP-002,524,0,31,30.36,66.4
627,2024-02-27,Line-C,Morning,M-303,OP-007,474,21,9,49.47,68.2
628,2024-02-27,Line-C,Afternoon,M-303,OP-016,506,28,19,44.37,66.9
629,2024-02-27,Line-C,Night,M-302,OP-006,530,0,10,26.99,69.7
630,2024-02-27,Line-D,Morning,M-402,OP-018,508,6,1,29.45,64.4
631,2024-02-27,Line-D,Afternoon,M-402,OP-020,530,8,0,28.13,63.8
632,2024-02-27,Line-D,Night,M-401,OP-009,382,2,13,36.64,69.3
633,2024-02-28,Line-A,Morning,M-101,OP-010,443,10,5,26.53,63.4
634,2024-02-28,Line-A,Afternoon,M-101,OP-016,374,5,14,29.52,66.3
635,2024-02-28,Line-A,Night,M-102,OP-018,423,10,0,33.88,64.0
636,2024-02-28,Line-B,Morning,M-202,OP-010,434,1,4,34.88,70.1
637,2024-02-28,Line-B,Afternoon,M-202,OP-013,538,12,0,28.35,64.9
638,2024-02-28,Line-B,Night,M-201,OP-010,559,18,48,46.46,75.3
639,2024-02-28,Line-C,Afternoon,M-301,OP-012,455,11,46,26.91,61.9
640,2024-02-28,Line-C,Night,M-303,OP-009,367,19,6,40.14,69.7
641,2024-02-28,Line-D,Morning,M-401,OP-007,491,11,15,36.39,64.2
642,2024-02-28,Line-D,Afternoon,M-402,OP-018,439,5,24,34.5,69.8
643,2024-02-28,Line-D,Night,M-401,OP-004,551,3,37,37.62,70.9
644,2024-02-29,Line-A,Morning,M-101,OP-008,586,1,4,26.32,70.9
645,2024-02-29,Line-A,Night,M-101,OP-008,416,11,32,33.48,69.1
646,2024-02-29,Line-B,Afternoon,M-202,OP-004,420,4,30,33.9,67.8
647,2024-02-29,Line-B,Night,M-201,OP-001,454,11,18,51.56,62.9
648,2024-02-29,Line-C,Morning,M-301,OP-014,491,14,0,30.92,71.8
649,2024-02-29,Line-C,Afternoon,M-302,OP-016,480,22,0,35.29,67.3
650,2024-02-29,Line-C,Night,M-302,OP-011,526,12,1,31.14,60.6
651,2024-02-29,Line-D,Morning,M-401,OP-003,516,11,21,35.29,69.5
652,2024-02-29,Line-D,Afternoon,M-401,OP-018,488,4,1,35.93,73.7
653,2024-02-29,Line-D,Night,M-401,OP-006,465,9,0,35.86,70.7
654,2024-03-01,Line-A,Morning,M-101,OP-002,596,5,6,31.16,70.6
655,2024-03-01,Line-A,Afternoon,M-102,OP-016,467,4,25,33.61,64.3
656,2024-03-01,Line-A,Night,M-102,OP-002,561,17,14,30.4,70.2
657,2024-03-01,Line-B,Afternoon,M-201,OP-011,428,19,2,46.38,61.8
658,2024-03-01,Line-B,Night,M-202,OP-005,570,8,8,26.86,66.8
659,2024-03-01,Line-C,Morning,M-302,OP-009,565,0,31,31.69,63.2
660,2024-03-01,Line-C,Afternoon,M-301,OP-011,415,14,0,24.23,72.5
661,2024-03-01,Line-C,Night,M-302,OP-009,500,4,15,24.87,72.4
662,2024-03-01,Line-D,Morning,M-401,OP-011,543,13,17,38.81,68.0
663,2024-03-01,Line-D,Afternoon,M-401,OP-006,409,9,43,24.93,66.6
664,2024-03-01,Line-D,Night,M-402,OP-014,504,9,0,35.61,77.3
665,2024-03-02,Line-A,Morning,M-101,OP-013,491,4,0,31.29,72.4
666,2024-03-02,Line-A,Afternoon,M-101,OP-005,508,9,3,24.54,71.3
667,2024-03-02,Line-A,Night,M-101,OP-001,534,1,35,32.87,73.6
668,2024-03-02,Line-B,Morning,M-201,OP-015,399,13,32,44.51,75.2
669,2024-03-02,Line-B,Afternoon,M-202,OP-010,522,8,0,36.15,64.1
670,2024-03-02,Line-B,Night,M-201,OP-009,577,24,58,45.39,67.5
671,2024-03-02,Line-C,Morning,M-303,OP-008,448,19,41,42.39,65.6
672,2024-03-02,Line-C,Night,M-302,OP-006,470,9,0,32.29,64.1
673,2024-03-02,Line-D,Morning,M-402,OP-004,410,0,0,23.22,65.2
674,2024-03-02,Line-D,Afternoon,M-402,OP-012,597,8,14,32.0,68.5
675,2024-03-02,Line-D,Night,M-401,OP-005,475,3,33,39.04,61.3
676,2024-03-03,Line-A,Morning,M-102,OP-020,418,6,0,32.53,65.1
677,2024-03-03,Line-A,Afternoon,M-102,OP-018,609,18,15,35.13,72.4
678,2024-03-03,Line-A,Night,M-101,OP-008,446,4,13,34.31,68.6
679,2024-03-03,Line-B,Morning,M-201,OP-017,385,14,33,41.62,75.9
680,2024-03-03,Line-B,Afternoon,M-202,OP-003,396,9,34,41.36,66.4
681,2024-03-03,Line-B,Night,M-201,OP-002,509,26,37,41.51,69.7
682,2024-03-03,Line-C,Morning,M-303,OP-007,328,17,36,40.89,76.2
683,2024-03-03,Line-C,Afternoon,M-301,OP-006,439,6,41,25.84,65.8
684,2024-03-03,Line-C,Night,M-303,OP-015,471,25,38,35.54,65.9
685,2024-03-03,Line-D,Morning,M-401,OP-019,443,8,18,32.09,60.9
686,2024-03-03,Line-D,Afternoon,M-402,OP-002,543,11,32,32.22,72.4
687,2024-03-03,Line-D,Night,M-402,OP-015,507,16,19,29.51,77.1
688,2024-03-04,Line-A,Morning,M-102,OP-010,533,13,0,23.56,69.2
689,2024-03-04,Line-A,Afternoon,M-102,OP-009,488,6,14,37.94,70.8
690,2024-03-04,Line-A,Night,M-101,OP-019,411,7,0,28.06,66.3
691,2024-03-04,Line-B,Afternoon,M-201,OP-018,451,15,33,39.2,56.3
692,2024-03-04,Line-B,Night,M-201,OP-016,603,34,29,42.09,63.3
693,2024-03-04,Line-C,Afternoon,M-301,OP-014,581,21,14,35.12,68.7
694,2024-03-04,Line-C,Night,M-302,OP-015,399,6,13,27.73,67.1
695,2024-03-04,Line-D,Morning,M-402,OP-013,474,8,12,24.7,65.1
696,2024-03-04,Line-D,Afternoon,M-401,OP-012,402,11,0,35.77,73.5
697,2024-03-04,Line-D,Night,M-402,OP-017,461,0,6,29.68,64.0
698,2024-03-05,Line-A,Morning,M-101,OP-001,449,15,21,25.38,61.6
699,2024-03-05,Line-A,Afternoon,M-102,OP-015,460,7,19,27.32,70.0
700,2024-03-05,Line-A,Night,M-102,OP-018,596,16,11,29.08,66.6
701,2024-03-05,Line-B,Morning,M-201,OP-008,550,21,35,42.26,66.0
702,2024-03-05,Line-B,Afternoon,M-201,OP-009,397,19,34,44.5,65.9
703,2024-03-05,Line-B,Night,M-201,OP-002,553,20,60,33.26,69.7
704,2024-03-05,Line-C,Morning,M-302,OP-020,508,5,18,36.4,59.1
705,2024-03-05,Line-C,Afternoon,M-301,OP-008,510,0,0,38.15,65.7
706,2024-03-05,Line-C,Night,M-301,OP-020,409,7,43,20.84,63.8
707,2024-03-05,Line-D,Afternoon,M-401,OP-008,569,21,10,23.8,76.4
708,2024-03-05,Line-D,Night,M-402,OP-015,575,14,0,29.75,67.4
709,2024-03-06,Line-A,Morning,M-101,OP-002,499,16,25,24.61,73.5
710,2024-03-06,Line-A,Afternoon,M-102,OP-008,498,12,33,24.44,67.9
711,2024-03-06,Line-A,Night,M-102,OP-019,448,1,17,42.56,60.6
712,2024-03-06,Line-B,Morning,M-202,OP-008,478,12,13,29.43,62.8
713,2024-03-06,Line-B,Afternoon,M-201,OP-017,493,18,2,47.97,71.8
714,2024-03-06,Line-B,Night,M-202,OP-009,483,10,28,31.12,71.6
715,2024-03-06,Line-C,Afternoon,M-303,OP-006,462,27,39,42.97,62.9
716,2024-03-06,Line-C,Night,M-302,OP-018,497,5,2,25.92,63.7
717,2024-03-06,Line-D,Morning,M-402,OP-013,607,19,40,23.89,68.3
718,2024-03-06,Line-D,Afternoon,M-402,OP-014,402,4,0,36.2,66.4
719,2024-03-06,Line-D,Night,M-402,OP-013,544,13,46,22.6,73.0
720,2024-03-07,Line-A,Morning,M-102,OP-008,548,5,27,31.68,67.1
721,2024-03-07,Line-A,Afternoon,M-102,OP-005,430,5,42,30.0,71.1
722,2024-03-07,Line-A,Night,M-101,OP-018,432,4,28,23.25,66.3
723,2024-03-07,Line-B,Morning,M-202,OP-018,482,9,9,31.98,70.8
724,2024-03-07,Line-B,Afternoon,M-202,OP-008,524,4,7,35.97,71.6
725,2024-03-07,Line-B,Night,M-202,OP-003,397,9,0,30.23,75.6
726,2024-03-07,Line-C,Morning,M-302,OP-003,423,4,23,22.29,65.5
727,2024-03-07,Line-C,Afternoon,M-301,OP-002,515,6,8,33.72,69.7
728,2024-03-07,Line-C,Night,M-303,OP-020,496,21,40,41.38,69.8
729,2024-03-07,Line-D,Morning,M-401,OP-007,450,7,0,29.82,64.8
730,2024-03-07,Line-D,Afternoon,M-401,OP-016,413,9,15,33.91,66.3
731,2024-03-07,Line-D,Night,M-402,OP-010,504,12,18,25.87,68.6
732,2024-03-08,Line-A,Morning,M-101,OP-007,501,9,0,30.8,76.9
733,2024-03-08,Line-A,Afternoon,M-101,OP-016,458,5,17,31.56,72.8
734,2024-03-08,Line-A,Night,M-101,OP-013,404,10,20,29.29,69.4
735,2024-03-08,Line-B,Morning,M-202,OP-010,541,14,0,34.1,67.7
736,2024-03-08,Line-B,Afternoon,M-202,OP-010,484,9,9,35.96,67.7
737,2024-03-08,Line-B,Night,M-202,OP-015,412,6,14,36.15,70.4
738,2024-03-08,Line-C,Morning,M-303,OP-016,428,30,38,48.38,67.4
739,2024-03-08,Line-C,Afternoon,M-302,OP-007,512,14,30,35.29,71.5
740,2024-03-08,Line-C,Night,M-302,OP-002,461,6,16,34.67,67.1
741,2024-03-08,Line-D,Morning,M-401,OP-005,543,18,0,25.82,67.4
742,2024-03-08,Line-D,Night,M-402,OP-010,498,6,32,32.12,68.2
743,2024-03-09,Line-A,Morning,M-102,OP-008,393,2,16,19.34,72.1
744,2024-03-09,Line-A,Afternoon,M-101,OP-016,470,24,46,29.09,67.6
745,2024-03-09,Line-A,Night,M-102,OP-009,539,19,0,21.07,65.5
746,2024-03-09,Line-B,Morning,M-202,OP-016,514,12,28,24.0,58.7
747,2024-03-09,Line-B,Afternoon,M-202,OP-006,531,5,0,30.73,71.2
748,2024-03-09,Line-B,Night,M-202,OP-006,472,6,9,28.15,62.6
749,2024-03-09,Line-C,Morning,M-303,OP-002,437,22,39,42.84,64.0
750,2024-03-09,Line-C,Afternoon,M-301,OP-002,469,0,14,37.14,62.1
751,2024-03-09,Line-C,Night,M-302,OP-005,444,9,30,27.76,65.2
752,2024-03-09,Line-D,Morning,M-401,OP-003,361,7,42,31.39,67.9
753,2024-03-09,Line-D,Afternoon,M-401,OP-007,499,9,0,34.12,68.9
754,2024-03-09,Line-D,Night,M-402,OP-002,481,4,31,33.32,65.8
755,2024-03-10,Line-A,Morning,M-102,OP-016,540,7,0,26.2,60.9
756,2024-03-10,Line-A,Night,M-102,OP-001,508,0,0,19.62,67.7
757,2024-03-10,Line-B,Afternoon,M-202,OP-001,470,7,0,24.14,69.9
758,2024-03-10,Line-B,Night,M-202,OP-006,446,9,0,30.91,73.2
759,2024-03-10,Line-C,Morning,M-301,OP-017,515,7,15,28.8,68.0
760,2024-03-10,Line-C,Afternoon,M-301,OP-020,460,8,15,25.03,63.9
761,2024-03-10,Line-C,Night,M-302,OP-009,396,1,0,30.8,64.4
762,2024-03-10,Line-D,Morning,M-401,OP-012,510,9,0,33.27,71.2
763,2024-03-10,Line-D,Afternoon,M-402,OP-019,420,9,0,30.49,62.9
764,2024-03-10,Line-D,Night,M-401,OP-010,372,5,10,28.01,63.3
765,2024-03-11,Line-A,Morning,M-101,OP-002,456,9,11,30.91,65.3
766,2024-03-11,Line-A,Afternoon,M-102,OP-013,550,3,19,35.91,69.9
767,2024-03-11,Line-A,Night,M-101,OP-001,467,6,27,22.89,64.1
768,2024-03-11,Line-B,Morning,M-201,OP-016,456,26,40,37.16,66.8
769,2024-03-11,Line-B,Afternoon,M-202,OP-019,443,5,26,23.14,74.4
770,2024-03-11,Line-B,Night,M-201,OP-017,529,30,28,41.25,62.3
771,2024-03-11,Line-C,Morning,M-301,OP-007,448,10,31,24.46,66.5
772,2024-03-11,Line-C,Afternoon,M-303,OP-019,470,15,43,38.38,67.2
773,2024-03-11,Line-C,Night,M-301,OP-003,452,5,11,28.92,66.5
774,2024-03-11,Line-D,Morning,M-402,OP-018,436,9,36,30.7,72.0
775,2024-03-11,Line-D,Afternoon,M-401,OP-006,396,8,0,22.62,65.0
776,2024-03-11,Line-D,Night,M-402,OP-001,551,15,15,22.34,67.2
777,2024-03-12,Line-A,Morning,M-101,OP-013,498,10,0,25.55,67.7
778,2024-03-12,Line-A,Afternoon,M-102,OP-006,512,0,9,30.72,71.4
779,2024-03-12,Line-A,Night,M-102,OP-018,521,12,0,20.46,66.4
780,2024-03-12,Line-B,Morning,M-201,OP-003,540,32,45,44.15,69.5
781,2024-03-12,Line-B,Afternoon,M-202,OP-002,446,7,37,25.29,74.5
782,2024-03-12,Line-B,Night,M-201,OP-003,460,27,13,44.93,65.1
783,2024-03-12,Line-C,Morning,M-303,OP-020,395,19,50,37.78,62.0
784,2024-03-12,Line-C,Afternoon,M-302,OP-001,474,8,20,34.75,67.8
785,2024-03-12,Line-C,Night,M-302,OP-016,591,12,6,21.94,66.9
786,2024-03-12,Line-D,Morning,M-402,OP-014,459,13,18,24.1,68.7
787,2024-03-12,Line-D,Afternoon,M-402,OP-003,520,17,25,33.8,68.2
788,2024-03-12,Line-D,Night,M-402,OP-008,503,15,0,28.25,64.9
789,2024-03-13,Line-A,Morning,M-101,OP-009,502,15,3,18.05,66.4
790,2024-03-13,Line-A,Afternoon,M-101,OP-013,534,12,18,28.6,62.9
791,2024-03-13,Line-A,Night,M-101,OP-003,510,5,44,32.85,65.7
792,2024-03-13,Line-B,Afternoon,M-202,OP-009,443,8,8,35.58,68.7
793,2024-03-13,Line-B,Night,M-201,OP-006,436,28,35,45.84,65.6
794,2024-03-13,Line-C,Morning,M-303,OP-018,501,24,6,52.08,73.2
795,2024-03-13,Line-C,Afternoon,M-301,OP-001,456,3,17,30.43,69.4
796,2024-03-13,Line-C,Night,M-303,OP-003,491,25,56,44.84,63.8
797,2024-03-13,Line-D,Morning,M-402,OP-013,561,19,59,24.38,69.0
798,2024-03-13,Line-D,Night,M-401,OP-018,355,8,3,39.62,64.9
799,2024-03-14,Line-A,Morning,M-101,OP-019,378,5,0,33.76,59.7
800,2024-03-14,Line-A,Afternoon,M-102,OP-006,481,0,7,38.22,69.4
801,2024-03-14,Line-A,Night,M-102,OP-009,428,8,12,32.36,62.5
802,2024-03-14,Line-B,Morning,M-201,OP-006,515,9,25,39.56,70.5
803,2024-03-14,Line-B,Afternoon,M-202,OP-010,481,2,0,30.99,67.7
804,2024-03-14,Line-B,Night,M-201,OP-012,445,18,45,39.41,67.6
805,2024-03-14,Line-C,Morning,M-301,OP-016,610,2,0,33.92,65.3
806,2024-03-14,Line-C,Afternoon,M-301,OP-015,460,5,8,37.99,71.2
807,2024-03-14,Line-C,Night,M-302,OP-001,531,2,0,15.8,64.8
808,2024-03-14,Line-D,Morning,M-402,OP-020,537,12,8,29.89,65.2
809,2024-03-14,Line-D,Afternoon,M-402,OP-015,492,13,0,31.5,71.7
810,2024-03-14,Line-D,Night,M-401,OP-010,455,11,54,29.48,69.6
811,2024-03-15,Line-A,Morning,M-101,OP-016,435,9,18,30.97,63.9
812,2024-03-15,Line-A,Afternoon,M-102,OP-011,492,16,18,34.81,67.1
813,2024-03-15,Line-A,Night,M-102,OP-019,524,11,0,31.59,64.0
814,2024-03-15,Line-B,Morning,M-202,OP-013,442,9,16,24.05,72.2
815,2024-03-15,Line-B,Afternoon,M-202,OP-012,514,6,0,29.28,66.2
816,2024-03-15,Line-B,Night,M-201,OP-019,486,20,4,40.06,66.8
817,2024-03-15,Line-C,Morning,M-301,OP-018,518,6,37,20.44,73.2
818,2024-03-15,Line-C,Night,M-303,OP-007,466,25,36,47.7,66.5
819,2024-03-15,Line-D,Morning,M-402,OP-003,414,13,10,31.11,72.9
820,2024-03-15,Line-D,Afternoon,M-402,OP-016,418,10,3,29.34,68.3
821,2024-03-15,Line-D,Night,M-402,OP-008,389,4,32,34.43,67.7
822,2024-03-16,Line-A,Morning,M-101,OP-014,494,7,32,29.0,68.9
823,2024-03-16,Line-A,Afternoon,M-101,OP-015,548,6,35,22.35,74.5
824,2024-03-16,Line-A,Night,M-102,OP-019,457,7,0,27.73,63.8
825,2024-03-16,Line-B,Morning,M-202,OP-018,443,7,26,31.04,69.2
826,2024-03-16,Line-B,Night,M-201,OP-004,414,15,61,38.32,74.6
827,2024-03-16,Line-C,Morning,M-303,OP-012,465,21,51,48.36,67.6
828,2024-03-16,Line-C,Afternoon,M-303,OP-002,456,20,40,46.46,68.0
829,2024-03-16,Line-C,Night,M-303,OP-013,517,32,40,43.56,61.9
830,2024-03-16,Line-D,Morning,M-402,OP-014,322,7,10,27.43,69.0
831,2024-03-16,Line-D,Afternoon,M-401,OP-009,476,14,13,26.27,72.0
832,2024-03-16,Line-D,Night,M-401,OP-015,466,11,4,26.75,68.3
833,2024-03-17,Line-A,Morning,M-102,OP-019,480,11,7,20.82,66.3
834,2024-03-17,Line-A,Afternoon,M-101,OP-012,527,8,8,34.93,65.2
835,2024-03-17,Line-A,Night,M-102,OP-004,387,6,4,25.17,67.3
836,2024-03-17,Line-B,Morning,M-201,OP-004,509,23,39,51.07,66.6
837,2024-03-17,Line-B,Afternoon,M-201,OP-012,496,20,22,39.08,66.1
838,2024-03-17,Line-B,Night,M-202,OP-007,501,21,1,27.92,67.7
839,2024-03-17,Line-C,Morning,M-302,OP-016,503,10,31,17.87,58.5
840,2024-03-17,Line-C,Afternoon,M-303,OP-015,450,25,11,26.96,70.3
841,2024-03-17,Line-C,Night,M-302,OP-002,494,4,0,25.15,68.4
842,2024-03-17,Line-D,Morning,M-401,OP-001,442,10,0,25.72,63.5
843,2024-03-17,Line-D,Afternoon,M-401,OP-006,464,6,23,20.7,68.2
844,2024-03-17,Line-D,Night,M-401,OP-017,513,19,4,31.62,60.8
845,2024-03-18,Line-A,Morning,M-101,OP-011,336,9,11,35.89,62.5
846,2024-03-18,Line-A,Afternoon,M-102,OP-008,511,19,18,31.38,68.0
847,2024-03-18,Line-A,Night,M-101,OP-006,385,12,2,32.52,61.7
848,2024-03-18,Line-B,Morning,M-202,OP-013,409,13,6,37.27,67.7
849,2024-03-18,Line-B,Night,M-201,OP-015,369,20,26,45.49,68.1
850,2024-03-18,Line-C,Morning,M-302,OP-001,387,8,44,32.46,67.8
851,2024-03-18,Line-C,Afternoon,M-301,OP-009,544,11,15,24.54,68.9
852,2024-03-18,Line-C,Night,M-301,OP-019,542,5,33,29.54,64.4
853,2024-03-18,Line-D,Morning,M-401,OP-012,539,8,23,28.54,67.8
854,2024-03-18,Line-D,Afternoon,M-402,OP-004,509,11,0,24.39,71.7
855,2024-03-18,Line-D,Night,M-402,OP-017,472,6,0,24.6,59.9
856,2024-03-19,Line-A,Morning,M-102,OP-020,473,6,0,29.66,69.5
857,2024-03-19,Line-A,Afternoon,M-102,OP-019,605,2,29,34.87,64.9
858,2024-03-19,Line-A,Night,M-102,OP-015,492,7,14,37.55,70.4
859,2024-03-19,Line-B,Morning,M-202,OP-020,510,7,0,28.96,72.8
860,2024-03-19,Line-B,Afternoon,M-201,OP-011,388,13,36,37.08,64.8
861,2024-03-19,Line-B,Night,M-202,OP-004,454,2,0,33.52,62.8
862,2024-03-19,Line-C,Morning,M-303,OP-005,384,15,45,41.02,66.1
863,2024-03-19,Line-C,Afternoon,M-302,OP-020,482,0,19,31.92,66.4
864,2024-03-19,Line-C,Night,M-302,OP-014,540,4,28,30.77,66.7
865,2024-03-19,Line-D,Morning,M-401,OP-018,478,8,30,24.62,64.9
866,2024-03-19,Line-D,Afternoon,M-402,OP-005,542,7,25,38.5,66.4
867,2024-03-19,Line-D,Night,M-402,OP-020,520,3,23,31.0,69.9
868,2024-03-20,Line-A,Afternoon,M-101,OP-016,441,1,19,19.68,66.7
869,2024-03-20,Line-A,Night,M-102,OP-018,536,11,41,35.13,65.4
870,2024-03-20,Line-B,Morning,M-202,OP-014,481,8,0,25.3,65.8
871,2024-03-20,Line-B,Afternoon,M-202,OP-015,357,7,8,21.64,69.6
872,2024-03-20,Line-B,Night,M-201,OP-019,522,25,30,44.96,70.7
873,2024-03-20,Line-C,Afternoon,M-302,OP-002,498,5,16,35.98,65.6
874,2024-03-20,Line-C,Night,M-303,OP-010,605,24,35,38.64,68.9
875,2024-03-20,Line-D,Morning,M-402,OP-019,375,5,0,30.68,72.0
876,2024-03-20,Line-D,Afternoon,M-402,OP-018,518,0,42,31.48,64.9
877,2024-03-20,Line-D,Night,M-401,OP-009,489,10,1,30.99,65.6
878,2024-03-21,Line-A,Morning,M-102,OP-018,455,5,0,30.73,70.3
879,2024-03-21,Line-A,Afternoon,M-101,OP-015,510,13,16,27.34,71.4
880,2024-03-21,Line-A,Night,M-102,OP-004,398,4,0,35.4,71.8
881,2024-03-21,Line-B,Morning,M-201,OP-010,509,28,21,43.74,67.5
882,2024-03-21,Line-B,Afternoon,M-201,OP-015,530,23,29,44.7,71.5
883,2024-03-21,Line-B,Night,M-201,OP-015,439,19,19,29.51,68.8
884,2024-03-21,Line-C,Morning,M-301,OP-008,516,11,0,28.25,59.1
885,2024-03-21,Line-C,Afternoon,M-303,OP-019,562,19,53,46.73,64.4
886,2024-03-21,Line-C,Night,M-303,OP-020,412,20,22,42.51,66.1
887,2024-03-21,Line-D,Morning,M-401,OP-020,373,0,15,27.19,65.8
888,2024-03-21,Line-D,Afternoon,M-401,OP-007,521,15,7,28.3,70.0
889,2024-03-21,Line-D,Night,M-402,OP-018,398,8,20,33.4,60.3
890,2024-03-22,Line-A,Morning,M-101,OP-011,434,4,13,32.4,74.0
891,2024-03-22,Line-A,Afternoon,M-102,OP-010,450,6,29,31.48,73.1
892,2024-03-22,Line-A,Night,M-101,OP-005,497,3,0,22.24,70.6
893,2024-03-22,Line-B,Morning,M-202,OP-002,551,20,24,35.81,65.7
894,2024-03-22,Line-B,Afternoon,M-201,OP-005,410,22,41,42.54,69.5
895,2024-03-22,Line-B,Night,M-202,OP-008,499,15,31,32.72,71.4
896,2024-03-22,Line-C,Morning,M-303,OP-013,510,21,46,35.03,72.2
897,2024-03-22,Line-C,Afternoon,M-303,OP-009,408,20,22,44.77,67.9
898,2024-03-22,Line-C,Night,M-302,OP-015,384,9,3,34.41,68.0
899,2024-03-22,Line-D,Afternoon,M-401,OP-013,503,4,3,27.71,71.4
900,2024-03-22,Line-D,Night,M-402,OP-012,580,6,28,19.15,63.2
901,2024-03-23,Line-A,Morning,M-102,OP-011,422,2,0,32.06,67.1
902,2024-03-23,Line-A,Afternoon,M-101,OP-015,502,13,15,33.29,67.7
903,2024-03-23,Line-A,Night,M-102,OP-003,408,12,3,25.32,67.3
904,2024-03-23,Line-B,Morning,M-202,OP-007,425,6,17,31.74,64.4
905,2024-03-23,Line-B,Afternoon,M-201,OP-016,450,25,42,52.38,72.7
906,2024-03-23,Line-B,Night,M-202,OP-011,548,2,23,29.73,65.8
907,2024-03-23,Line-C,Morning,M-301,OP-019,490,13,19,25.61,71.0
908,2024-03-23,Line-C,Afternoon,M-302,OP-002,441,9,7,28.91,71.1
909,2024-03-23,Line-D,Morning,M-402,OP-001,417,16,0,27.01,69.5
910,2024-03-23,Line-D,Afternoon,M-401,OP-015,515,9,11,32.05,67.1
911,2024-03-23,Line-D,Night,M-402,OP-007,563,15,25,25.17,67.7
912,2024-03-24,Line-A,Morning,M-101,OP-010,461,4,17,27.31,70.6
913,2024-03-24,Line-A,Afternoon,M-102,OP-003,415,15,0,31.1,71.2
914,2024-03-24,Line-A,Night,M-102,OP-003,445,12,0,37.26,68.1
915,2024-03-24,Line-B,Morning,M-201,OP-002,444,19,47,39.08,65.0
916,2024-03-24,Line-B,Afternoon,M-202,OP-008,466,3,39,27.17,71.3
917,2024-03-24,Line-B,Night,M-201,OP-004,492,17,34,45.92,67.2
918,2024-03-24,Line-C,Afternoon,M-301,OP-019,551,16,25,27.7,63.7
919,2024-03-24,Line-C,Night,M-303,OP-015,443,21,43,31.14,68.0
920,2024-03-24,Line-D,Afternoon,M-401,OP-014,489,7,31,32.11,73.2
921,2024-03-24,Line-D,Night,M-402,OP-003,467,13,36,36.56,63.6
922,2024-03-25,Line-A,Morning,M-101,OP-004,464,7,19,33.43,64.6
923,2024-03-25,Line-A,Afternoon,M-102,OP-010,484,0,33,27.44,68.2
924,2024-03-25,Line-A,Night,M-101,OP-005,461,14,0,29.92,67.6
925,2024-03-25,Line-B,Afternoon,M-201,OP-015,452,28,21,45.86,69.4
926,2024-03-25,Line-B,Night,M-201,OP-005,555,21,24,47.48,69.7
927,2024-03-25,Line-C,Morning,M-303,OP-015,387,15,40,46.19,65.3
928,2024-03-25,Line-C,Afternoon,M-301,OP-004,305,7,0,19.91,56.7
929,2024-03-25,Line-C,Night,M-301,OP-019,528,10,8,36.95,70.5
930,2024-03-25,Line-D,Morning,M-402,OP-014,576,2,11,21.92,67.1
931,2024-03-25,Line-D,Afternoon,M-401,OP-008,465,11,12,33.12,70.8
932,2024-03-25,Line-D,Night,M-401,OP-008,609,9,0,31.23,64.8
933,2024-03-26,Line-A,Morning,M-102,OP-001,568,9,3,27.64,70.9
934,2024-03-26,Line-A,Afternoon,M-102,OP-007,470,5,36,25.72,68.1
935,2024-03-26,Line-A,Night,M-101,OP-013,519,1,19,24.72,71.3
936,2024-03-26,Line-B,Morning,M-201,OP-008,422,22,51,46.31,69.0
937,2024-03-26,Line-B,Afternoon,M-201,OP-008,466,18,57,38.5,63.9
938,2024-03-26,Line-B,Night,M-201,OP-017,519,19,20,34.78,66.1
939,2024-03-26,Line-C,Morning,M-301,OP-012,475,10,26,32.63,67.2
940,2024-03-26,Line-C,Afternoon,M-301,OP-013,468,11,31,30.63,66.1
941,2024-03-26,Line-C,Night,M-303,OP-014,420,13,44,44.89,70.3
942,2024-03-26,Line-D,Morning,M-401,OP-016,472,15,4,34.78,67.8
943,2024-03-26,Line-D,Afternoon,M-401,OP-001,443,11,18,31.78,68.3
944,2024-03-26,Line-D,Night,M-401,OP-009,477,20,29,33.61,68.4
945,2024-03-27,Line-A,Morning,M-101,OP-013,540,13,12,28.48,67.7
946,2024-03-27,Line-A,Afternoon,M-102,OP-014,289,6,4,37.96,68.1
947,2024-03-27,Line-A,Night,M-101,OP-018,408,7,0,32.37,69.2
948,2024-03-27,Line-B,Morning,M-201,OP-009,537,20,35,35.17,70.8
949,2024-03-27,Line-B,Afternoon,M-201,OP-017,511,26,35,44.07,74.4
950,2024-03-27,Line-B,Night,M-201,OP-018,462,21,18,37.66,68.4
951,2024-03-27,Line-C,Morning,M-303,OP-003,546,23,31,39.97,65.9
952,2024-03-27,Line-C,Afternoon,M-302,OP-008,497,2,31,26.67,70.9
953,2024-03-27,Line-D,Morning,M-402,OP-004,403,10,22,31.92,64.0
954,2024-03-27,Line-D,Afternoon,M-401,OP-010,494,3,8,35.15,71.2
955,2024-03-27,Line-D,Night,M-401,OP-004,480,4,21,30.1,58.7
956,2024-03-28,Line-A,Afternoon,M-101,OP-006,526,9,30,24.52,55.3
957,2024-03-28,Line-A,Night,M-102,OP-017,496,10,0,25.11,79.0
958,2024-03-28,Line-B,Morning,M-202,OP-006,461,12,2,19.55,67.3
959,2024-03-28,Line-B,Afternoon,M-202,OP-004,464,6,10,31.32,67.4
960,2024-03-28,Line-B,Night,M-201,OP-011,404,20,5,31.75,71.0
961,2024-03-28,Line-C,Morning,M-302,OP-017,510,9,0,26.46,66.9
962,2024-03-28,Line-C,Night,M-303,OP-003,384,14,44,49.14,66.3
963,2024-03-28,Line-D,Morning,M-402,OP-002,525,0,21,25.98,69.2
964,2024-03-28,Line-D,Afternoon,M-401,OP-012,465,15,0,33.14,66.9
965,2024-03-28,Line-D,Night,M-401,OP-019,470,8,0,29.93,67.7
966,2024-03-29,Line-A,Morning,M-101,OP-008,494,9,23,34.62,63.8
967,2024-03-29,Line-A,Afternoon,M-101,OP-002,532,3,20,33.1,60.4
968,2024-03-29,Line-A,Night,M-101,OP-008,485,6,0,36.75,65.4
969,2024-03-29,Line-B,Afternoon,M-201,OP-006,431,20,45,41.29,72.7
970,2024-03-29,Line-B,Night,M-201,OP-018,511,12,27,39.19,69.9
971,2024-03-29,Line-C,Morning,M-303,OP-014,322,23,42,42.74,72.7
972,2024-03-29,Line-C,Afternoon,M-301,OP-014,620,17,26,30.65,67.4
973,2024-03-29,Line-C,Night,M-302,OP-009,451,4,1,23.25,67.7
974,2024-03-29,Line-D,Morning,M-402,OP-004,378,8,11,30.73,65.9
975,2024-03-29,Line-D,Afternoon,M-401,OP-006,664,21,0,31.16,65.6
976,2024-03-29,Line-D,Night,M-401,OP-013,419,2,18,26.59,71.9
977,2024-03-30,Line-A,Afternoon,M-102,OP-010,539,17,0,32.38,70.5
978,2024-03-30,Line-A,Night,M-102,OP-001,451,5,36,31.14,70.5
979,2024-03-30,Line-B,Morning,M-202,OP-019,430,2,3,29.38,63.7
980,2024-03-30,Line-B,Afternoon,M-201,OP-015,479,13,18,45.35,70.4
981,2024-03-30,Line-B,Night,M-202,OP-007,456,4,0,28.13,70.6
982,2024-03-30,Line-C,Morning,M-303,OP-008,535,21,17,43.34,64.7
983,2024-03-30,Line-C,Afternoon,M-302,OP-001,448,14,24,30.79,62.9
984,2024-03-30,Line-C,Night,M-302,OP-001,492,14,6,36.76,73.2
985,2024-03-30,Line-D,Morning,M-401,OP-013,579,12,20,37.07,69.8
986,2024-03-30,Line-D,Afternoon,M-402,OP-004,449,6,15,23.55,67.4
987,2024-03-30,Line-D,Night,M-401,OP-014,545,0,35,35.61,66.2
988,2024-03-31,Line-A,Morning,M-101,OP-005,512,9,30,34.91,62.4
989,2024-03-31,Line-A,Afternoon,M-101,OP-002,515,8,13,26.36,75.0
990,2024-03-31,Line-A,Night,M-102,OP-012,542,6,0,28.07,69.7
991,2024-03-31,Line-B,Morning,M-201,OP-019,494,28,46,46.85,69.3
992,2024-03-31,Line-B,Afternoon,M-201,OP-013,396,17,50,41.74,70.0
993,2024-03-31,Line-C,Morning,M-302,OP-005,460,4,10,31.55,65.4
994,2024-03-31,Line-C,Afternoon,M-302,OP-011,465,4,28,28.53,73.8
995,2024-03-31,Line-C,Night,M-302,OP-011,571,10,0,19.57,62.1
996,2024-03-31,Line-D,Morning,M-402,OP-008,397,13,13,31.95,59.1
997,2024-03-31,Line-D,Night,M-401,OP-005,408,11,16,29.26,70.3
998,2024-04-01,Line-A,Morning,M-102,OP-015,578,9,13,30.96,77.6
999,2024-04-01,Line-A,Afternoon,M-101,OP-018,354,9,10,32.83,65.4
1000,2024-04-01,Line-A,Night,M-101,OP-015,477,12,58,34.04,64.6
1001,2024-04-01,Line-B,Morning,M-202,OP-004,454,6,0,28.35,70.9
1002,2024-04-01,Line-B,Afternoon,M-202,OP-020,403,11,19,26.33,67.4
1003,2024-04-01,Line-C,Morning,M-302,OP-005,575,15,12,28.81,68.3
1004,2024-04-01,Line-C,Afternoon,M-301,OP-012,449,0,42,30.78,69.6
1005,2024-04-01,Line-C,Night,M-301,OP-010,476,5,9,22.0,77.1
1006,2024-04-01,Line-D,Morning,M-401,OP-001,405,3,5,36.44,68.1
1007,2024-04-01,Line-D,Afternoon,M-402,OP-018,405,12,22,32.69,70.9
1008,2024-04-01,Line-D,Night,M-401,OP-004,623,25,1,38.12,69.5
1009,2024-04-02,Line-A,Morning,M-101,OP-004,509,1,9,25.94,71.3
1010,2024-04-02,Line-A,Night,M-101,OP-005,544,0,11,35.61,67.3
1011,2024-04-02,Line-B,Morning,M-202,OP-012,523,11,17,28.64,63.1
1012,2024-04-02,Line-B,Afternoon,M-201,OP-019,412,21,35,41.31,66.3
1013,2024-04-02,Line-B,Night,M-201,OP-001,461,26,29,35.29,71.0
1014,2024-04-02,Line-C,Morning,M-301,OP-015,467,9,36,29.9,69.2
1015,2024-04-02,Line-C,Afternoon,M-301,OP-011,409,6,21,22.22,68.8
1016,2024-04-02,Line-C,Night,M-302,OP-002,486,9,27,31.67,73.9
1017,2024-04-02,Line-D,Morning,M-402,OP-013,420,8,13,24.65,71.8
1018,2024-04-02,Line-D,Afternoon,M-402,OP-014,619,11,19,30.42,65.1
1019,2024-04-02,Line-D,Night,M-401,OP-006,370,4,0,38.52,67.5
1020,2024-04-03,Line-A,Morning,M-102,OP-005,459,12,0,26.17,68.3
1021,2024-04-03,Line-A,Night,M-101,OP-010,541,12,15,30.39,69.6
1022,2024-04-03,Line-B,Morning,M-202,OP-002,492,4,12,24.63,68.3
1023,2024-04-03,Line-B,Afternoon,M-202,OP-005,451,20,11,22.98,67.5
1024,2024-04-03,Line-B,Night,M-201,OP-018,511,32,26,34.09,71.3
1025,2024-04-03,Line-C,Morning,M-302,OP-012,397,5,8,29.65,70.8
1026,2024-04-03,Line-C,Afternoon,M-302,OP-012,438,7,11,30.75,68.4
1027,2024-04-03,Line-C,Night,M-303,OP-011,506,27,40,44.27,61.7
1028,2024-04-03,Line-D,Morning,M-401,OP-001,483,11,22,26.54,65.4
1029,2024-04-03,Line-D,Afternoon,M-401,OP-001,445,10,27,27.96,71.6
1030,2024-04-03,Line-D,Night,M-402,OP-002,487,8,8,33.73,69.3
1031,2024-04-04,Line-A,Morning,M-102,OP-017,616,6,19,27.35,64.5
1032,2024-04-04,Line-A,Afternoon,M-101,OP-006,479,9,55,29.08,63.5
1033,2024-04-04,Line-A,Night,M-101,OP-009,496,0,10,30.08,71.2
1034,2024-04-04,Line-B,Morning,M-201,OP-008,538,22,32,38.17,63.5
1035,2024-04-04,Line-B,Afternoon,M-202,OP-012,498,3,5,25.02,70.2
1036,2024-04-04,Line-B,Night,M-201,OP-006,588,19,7,41.38,68.1
1037,2024-04-04,Line-C,Morning,M-302,OP-012,493,7,8,31.84,72.2
1038,2024-04-04,Line-C,Afternoon,M-301,OP-012,362,5,15,25.41,74.9
1039,2024-04-04,Line-C,Night,M-303,OP-005,441,20,43,39.04,60.6
1040,2024-04-04,Line-D,Morning,M-401,OP-016,454,13,6,25.77,71.7
1041,2024-04-04,Line-D,Afternoon,M-401,OP-016,460,6,14,33.85,77.5
1042,2024-04-05,Line-A,Afternoon,M-101,OP-017,529,16,4,24.87,68.2
1043,2024-04-05,Line-A,Night,M-102,OP-020,486,4,9,32.0,69.4
1044,2024-04-05,Line-B,Morning,M-201,OP-011,510,24,27,39.43,63.2
1045,2024-04-05,Line-B,Afternoon,M-202,OP-002,587,11,8,25.36,79.7
1046,2024-04-05,Line-C,Morning,M-301,OP-004,415,6,18,33.0,71.8
1047,2024-04-05,Line-C,Afternoon,M-302,OP-003,588,14,0,28.72,69.2
1048,2024-04-05,Line-C,Night,M-303,OP-013,604,19,53,42.9,71.4
1049,2024-04-05,Line-D,Morning,M-402,OP-010,473,5,23,33.27,71.9
1050,2024-04-05,Line-D,Afternoon,M-401,OP-014,479,6,0,34.1,69.7
1051,2024-04-05,Line-D,Night,M-402,OP-011,422,5,4,22.59,64.7
1052,2024-04-06,Line-A,Morning,M-102,OP-008,411,6,0,21.86,76.1
1053,2024-04-06,Line-A,Afternoon,M-101,OP-013,555,6,16,32.09,72.8
1054,2024-04-06,Line-A,Night,M-102,OP-005,430,12,3,23.32,70.9
1055,2024-04-06,Line-B,Morning,M-201,OP-019,557,39,17,45.49,66.4
1056,2024-04-06,Line-B,Afternoon,M-201,OP-006,527,16,16,38.12,68.3
1057,2024-04-06,Line-B,Night,M-201,OP-019,441,23,50,45.0,74.5
1058,2024-04-06,Line-C,Morning,M-302,OP-005,504,3,32,26.97,71.6
1059,2024-04-06,Line-C,Afternoon,M-301,OP-008,574,13,0,25.41,73.3
1060,2024-04-06,Line-C,Night,M-302,OP-006,469,9,23,33.48,69.1
1061,2024-04-06,Line-D,Morning,M-401,OP-011,467,7,24,32.77,67.0
1062,2024-04-06,Line-D,Afternoon,M-402,OP-007,544,9,0,26.21,64.1
1063,2024-04-06,Line-D,Night,M-401,OP-012,463,14,0,30.94,65.4
1064,2024-04-07,Line-A,Morning,M-101,OP-001,464,1,8,29.03,70.2
1065,2024-04-07,Line-A,Night,M-102,OP-006,493,3,28,31.05,68.8
1066,2024-04-07,Line-B,Morning,M-202,OP-013,479,6,15,32.38,61.0
1067,2024-04-07,Line-B,Afternoon,M-202,OP-004,447,7,15,35.97,64.9
1068,2024-04-07,Line-B,Night,M-201,OP-006,450,18,22,40.26,71.1
1069,2024-04-07,Line-C,Morning,M-301,OP-010,416,9,0,27.19,66.7
1070,2024-04-07,Line-C,Night,M-301,OP-003,580,9,0,20.01,68.1
1071,2024-04-07,Line-D,Morning,M-402,OP-006,516,11,14,35.81,65.8
1072,2024-04-07,Line-D,Afternoon,M-401,OP-011,533,1,0,20.96,66.9
1073,2024-04-07,Line-D,Night,M-402,OP-001,477,9,12,25.36,67.2
1074,2024-04-08,Line-A,Morning,M-101,OP-020,390,12,7,27.56,74.4
1075,2024-04-08,Line-A,Afternoon,M-101,OP-002,405,3,0,29.66,69.7
1076,2024-04-08,Line-A,Night,M-101,OP-007,524,23,0,33.04,65.8
1077,2024-04-08,Line-B,Morning,M-202,OP-010,444,5,0,38.42,71.4
1078,2024-04-08,Line-B,Afternoon,M-201,OP-002,481,28,12,35.35,59.3
1079,2024-04-08,Line-B,Night,M-202,OP-005,438,9,13,30.75,62.4
1080,2024-04-08,Line-C,Night,M-303,OP-020,528,25,45,32.54,69.2
1081,2024-04-08,Line-D,Morning,M-401,OP-001,408,6,20,30.46,64.6
1082,2024-04-08,Line-D,Afternoon,M-402,OP-003,480,1,29,28.97,72.5
1083,2024-04-08,Line-D,Night,M-401,OP-010,448,6,0,34.38,65.2
1084,2024-04-09,Line-A,Morning,M-102,OP-016,518,7,0,27.15,63.3
1085,2024-04-09,Line-A,Afternoon,M-102,OP-003,482,3,25,29.54,67.3
1086,2024-04-09,Line-A,Night,M-102,OP-006,519,14,11,26.14,60.9
1087,2024-04-09,Line-B,Morning,M-202,OP-012,438,5,13,28.27,70.8
1088,2024-04-09,Line-B,Afternoon,M-201,OP-009,443,20,52,43.71,67.8
1089,2024-04-09,Line-B,Night,M-202,OP-008,443,5,0,27.29,71.0
1090,2024-04-09,Line-C,Morning,M-303,OP-002,466,15,61,43.6,62.4
1091,2024-04-09,Line-C,Afternoon,M-303,OP-004,453,21,60,36.46,71.9
1092,2024-04-09,Line-C,Night,M-302,OP-018,563,7,7,24.82,67.2
1093,2024-04-09,Line-D,Morning,M-401,OP-018,477,12,28,26.26,60.1
1094,2024-04-09,Line-D,Night,M-402,OP-018,478,10,15,28.37,68.5
1095,2024-04-10,Line-A,Morning,M-102,OP-019,570,12,6,27.5,67.3
1096,2024-04-10,Line-A,Afternoon,M-102,OP-010,578,9,11,27.59,72.4
1097,2024-04-10,Line-B,Morning,M-201,OP-017,597,30,36,42.18,58.5
1098,2024-04-10,Line-B,Afternoon,M-201,OP-004,524,24,41,38.44,66.5
1099,2024-04-10,Line-B,Night,M-202,OP-006,455,13,6,40.41,69.7
1100,2024-04-10,Line-C,Morning,M-301,OP-007,403,7,2,19.03,74.4
1101,2024-04-10,Line-C,Afternoon,M-301,OP-002,522,12,14,23.09,66.1
1102,2024-04-10,Line-C,Night,M-303,OP-014,530,18,0,40.86,67.4
1103,2024-04-10,Line-D,Morning,M-401,OP-020,488,12,21,31.29,72.8
1104,2024-04-10,Line-D,Afternoon,M-401,OP-003,388,9,21,23.8,62.0
1105,2024-04-10,Line-D,Night,M-402,OP-018,435,5,23,26.93,64.6
1106,2024-04-11,Line-A,Morning,M-102,OP-017,443,13,12,29.1,67.6
1107,2024-04-11,Line-A,Afternoon,M-101,OP-020,557,6,31,31.05,67.4
1108,2024-04-11,Line-A,Night,M-102,OP-004,630,5,6,23.84,71.8
1109,2024-04-11,Line-B,Morning,M-201,OP-019,581,36,53,41.01,66.5
1110,2024-04-11,Line-B,Afternoon,M-201,OP-004,379,25,42,39.54,73.3
1111,2024-04-11,Line-B,Night,M-201,OP-010,421,21,32,45.19,67.7
1112,2024-04-11,Line-C,Morning,M-302,OP-014,392,7,27,29.85,71.1
1113,2024-04-11,Line-C,Afternoon,M-303,OP-016,417,19,25,45.73,68.1
1114,2024-04-11,Line-C,Night,M-302,OP-002,521,15,22,31.37,64.0
1115,2024-04-11,Line-D,Morning,M-402,OP-005,479,6,6,28.13,64.1
1116,2024-04-11,Line-D,Afternoon,M-402,OP-002,362,4,14,23.26,68.1
1117,2024-04-11,Line-D,Night,M-402,OP-008,594,17,36,31.96,72.7
1118,2024-04-12,Line-A,Afternoon,M-102,OP-012,436,5,0,35.93,74.2
1119,2024-04-12,Line-B,Morning,M-202,OP-010,446,7,0,31.91,72.5
1120,2024-04-12,Line-B,Afternoon,M-202,OP-004,375,8,7,30.57,69.8
1121,2024-04-12,Line-B,Night,M-201,OP-005,468,21,31,46.85,69.7
1122,2024-04-12,Line-C,Morning,M-303,OP-015,493,16,29,46.49,68.2
1123,2024-04-12,Line-C,Afternoon,M-302,OP-009,519,19,27,30.47,66.0
1124,2024-04-12,Line-C,Night,M-303,OP-003,326,14,30,43.95,67.4
1125,2024-04-12,Line-D,Morning,M-401,OP-014,460,0,0,32.38,74.9
1126,2024-04-12,Line-D,Afternoon,M-402,OP-002,474,10,26,25.95,69.5
1127,2024-04-12,Line-D,Night,M-401,OP-003,435,12,14,31.49,64.9
1128,2024-04-13,Line-A,Morning,M-102,OP-005,522,20,0,28.3,68.9
1129,2024-04-13,Line-A,Afternoon,M-101,OP-006,527,7,0,36.8,71.0
1130,2024-04-13,Line-A,Night,M-101,OP-002,375,4,35,37.24,71.8
1131,2024-04-13,Line-B,Morning,M-202,OP-002,469,9,10,35.64,64.5
1132,2024-04-13,Line-B,Afternoon,M-201,OP-009,431,24,34,48.89,65.3
1133,2024-04-13,Line-B,Night,M-202,OP-017,476,4,12,22.61,66.0
1134,2024-04-13,Line-C,Morning,M-301,OP-001,393,10,22,21.35,73.3
1135,2024-04-13,Line-C,Afternoon,M-302,OP-020,629,12,2,44.12,62.7
1136,2024-04-13,Line-C,Night,M-302,OP-019,481,10,32,31.8,66.0
1137,2024-04-13,Line-D,Morning,M-402,OP-006,422,6,0,30.24,65.7
1138,2024-04-13,Line-D,Afternoon,M-402,OP-003,390,12,4,23.66,67.3
1139,2024-04-13,Line-D,Night,M-402,OP-002,484,0,16,24.76,74.8
1140,2024-04-14,Line-A,Morning,M-101,OP-008,511,7,0,29.48,70.5
1141,2024-04-14,Line-A,Afternoon,M-101,OP-009,478,8,12,26.98,66.6
1142,2024-04-14,Line-A,Night,M-101,OP-001,354,10,16,26.13,75.6
1143,2024-04-14,Line-B,Morning,M-201,OP-006,485,17,47,43.99,69.6
1144,2024-04-14,Line-B,Afternoon,M-201,OP-008,454,22,31,44.78,60.4
1145,2024-04-14,Line-B,Night,M-202,OP-009,453,16,0,26.98,66.2
1146,2024-04-14,Line-C,Morning,M-302,OP-012,407,0,8,30.68,67.8
1147,2024-04-14,Line-C,Afternoon,M-301,OP-015,471,9,27,29.05,65.7
1148,2024-04-14,Line-C,Night,M-303,OP-020,463,24,56,38.86,68.4
1149,2024-04-14,Line-D,Morning,M-401,OP-001,500,4,12,22.67,60.9
1150,2024-04-14,Line-D,Afternoon,M-402,OP-018,502,7,15,29.91,64.1
1151,2024-04-14,Line-D,Night,M-402,OP-010,477,3,32,23.22,67.2
1152,2024-04-15,Line-A,Morning,M-102,OP-003,417,10,7,27.41,71.4
1153,2024-04-15,Line-A,Afternoon,M-102,OP-011,481,11,0,22.98,68.4
1154,2024-04-15,Line-A,Night,M-102,OP-010,460,11,10,31.03,61.5
1155,2024-04-15,Line-B,Morning,M-201,OP-002,593,26,45,37.82,69.2
1156,2024-04-15,Line-B,Afternoon,M-202,OP-011,401,9,6,30.15,70.8
1157,2024-04-15,Line-B,Night,M-201,OP-016,406,15,41,52.49,67.4
1158,2024-04-15,Line-C,Morning,M-302,OP-014,515,9,41,21.26,68.4
1159,2024-04-15,Line-C,Afternoon,M-303,OP-002,382,8,39,42.7,66.9
1160,2024-04-15,Line-C,Night,M-303,OP-007,473,36,31,44.55,65.4
1161,2024-04-15,Line-D,Morning,M-401,OP-018,497,8,5,39.09,72.7
1162,2024-04-15,Line-D,Afternoon,M-402,OP-012,488,0,6,43.52,67.1
1163,2024-04-15,Line-D,Night,M-401,OP-018,546,18,15,25.79,58.3
1164,2024-04-16,Line-A,Morning,M-101,OP-016,521,5,14,23.75,66.9
1165,2024-04-16,Line-A,Afternoon,M-102,OP-018,482,10,0,35.98,65.6
1166,2024-04-16,Line-A,Night,M-101,OP-011,379,6,12,30.8,73.4
1167,2024-04-16,Line-B,Morning,M-201,OP-012,465,20,18,46.1,68.7
1168,2024-04-16,Line-B,Afternoon,M-202,OP-014,454,0,33,23.86,65.6
1169,2024-04-16,Line-B,Night,M-202,OP-012,501,3,0,19.38,70.9
1170,2024-04-16,Line-C,Morning,M-302,OP-015,447,21,0,25.39,65.7
1171,2024-04-16,Line-C,Afternoon,M-302,OP-002,494,7,21,25.11,62.5
1172,2024-04-16,Line-C,Night,M-303,OP-019,372,8,27,40.5,65.5
1173,2024-04-16,Line-D,Morning,M-401,OP-016,554,17,6,21.03,65.7
1174,2024-04-16,Line-D,Afternoon,M-401,OP-013,444,5,1,26.73,66.5
1175,2024-04-16,Line-D,Night,M-402,OP-002,441,9,17,25.45,73.1
1176,2024-04-17,Line-A,Morning,M-101,OP-005,421,1,17,25.91,69.3
1177,2024-04-17,Line-A,Afternoon,M-102,OP-014,335,11,22,22.5,62.1
1178,2024-04-17,Line-A,Night,M-102,OP-005,580,6,0,18.67,66.6
1179,2024-04-17,Line-B,Morning,M-201,OP-003,466,24,14,34.4,69.8
1180,2024-04-17,Line-B,Afternoon,M-201,OP-011,540,16,51,42.19,72.4
1181,2024-04-17,Line-B,Night,M-201,OP-015,475,9,32,47.3,64.4
1182,2024-04-17,Line-C,Morning,M-301,OP-019,456,7,0,38.36,64.4
1183,2024-04-17,Line-C,Afternoon,M-302,OP-003,510,9,30,32.03,67.1
1184,2024-04-17,Line-C,Night,M-302,OP-014,426,11,0,33.23,63.6
1185,2024-04-17,Line-D,Morning,M-402,OP-013,555,11,21,30.41,61.0
1186,2024-04-17,Line-D,Night,M-402,OP-001,428,11,14,35.9,69.6
1187,2024-04-18,Line-A,Morning,M-101,OP-001,421,4,13,18.43,74.7
1188,2024-04-18,Line-A,Afternoon,M-101,OP-008,506,15,0,36.22,76.9
1189,2024-04-18,Line-A,Night,M-102,OP-010,400,10,12,22.28,70.0
1190,2024-04-18,Line-B,Morning,M-202,OP-017,530,6,29,21.67,62.0
1191,2024-04-18,Line-B,Afternoon,M-201,OP-003,488,22,24,46.05,70.1
1192,2024-04-18,Line-B,Night,M-202,OP-010,531,9,21,27.77,76.2
1193,2024-04-18,Line-C,Morning,M-303,OP-020,431,28,35,35.12,73.5
1194,2024-04-18,Line-C,Afternoon,M-302,OP-005,487,13,30,31.69,65.6
1195,2024-04-18,Line-C,Night,M-302,OP-012,538,10,22,19.23,69.8
1196,2024-04-18,Line-D,Morning,M-401,OP-013,441,15,21,31.2,69.9
1197,2024-04-18,Line-D,Night,M-401,OP-007,420,14,41,31.96,74.4
1198,2024-04-19,Line-A,Morning,M-101,OP-004,445,4,12,32.17,66.4
1199,2024-04-19,Line-A,Afternoon,M-101,OP-013,512,11,0,32.59,71.5
1200,2024-04-19,Line-A,Night,M-102,OP-018,490,14,0,32.34,63.3
1201,2024-04-19,Line-B,Morning,M-201,OP-004,413,16,20,39.26,67.1
1202,2024-04-19,Line-B,Afternoon,M-201,OP-002,530,22,11,47.7,64.7
1203,2024-04-19,Line-B,Night,M-202,OP-015,476,11,14,35.47,69.9
1204,2024-04-19,Line-C,Morning,M-303,OP-009,428,29,37,41.26,71.9
1205,2024-04-19,Line-C,Afternoon,M-301,OP-007,494,11,49,28.62,66.7
1206,2024-04-19,Line-C,Night,M-303,OP-001,486,27,12,32.17,65.7
1207,2024-04-19,Line-D,Morning,M-401,OP-017,381,5,19,25.55,62.3
1208,2024-04-19,Line-D,Afternoon,M-401,OP-014,484,13,0,34.1,71.3
1209,2024-04-19,Line-D,Night,M-401,OP-017,537,16,45,28.22,68.4
1210,2024-04-20,Line-A,Morning,M-101,OP-010,455,8,34,23.27,64.6
1211,2024-04-20,Line-A,Afternoon,M-101,OP-016,562,16,6,34.27,69.4
1212,2024-04-20,Line-A,Night,M-101,OP-009,570,11,27,43.21,70.4
1213,2024-04-20,Line-B,Morning,M-201,OP-012,482,25,29,53.94,68.7
1214,2024-04-20,Line-B,Afternoon,M-202,OP-006,463,4,28,34.34,66.0
1215,2024-04-20,Line-C,Morning,M-301,OP-016,514,1,14,32.26,74.8
1216,2024-04-20,Line-C,Afternoon,M-301,OP-001,433,2,0,23.32,73.3
1217,2024-04-20,Line-C,Night,M-301,OP-019,572,12,30,30.67,67.6
1218,2024-04-20,Line-D,Morning,M-401,OP-003,460,7,0,31.32,67.8
1219,2024-04-20,Line-D,Afternoon,M-401,OP-004,524,10,9,25.64,68.3
1220,2024-04-20,Line-D,Night,M-401,OP-015,524,3,13,31.17,65.1
1221,2024-04-21,Line-A,Morning,M-102,OP-009,444,9,0,31.75,64.4
1222,2024-04-21,Line-A,Afternoon,M-101,OP-006,543,22,0,32.67,65.1
1223,2024-04-21,Line-A,Night,M-102,OP-012,542,3,19,25.64,67.2
1224,2024-04-21,Line-B,Morning,M-202,OP-014,418,11,0,32.76,66.6
1225,2024-04-21,Line-B,Afternoon,M-201,OP-002,473,22,23,43.05,74.1
1226,2024-04-21,Line-C,Morning,M-303,OP-006,433,25,57,37.92,62.2
1227,2024-04-21,Line-C,Afternoon,M-302,OP-020,498,6,40,30.17,64.8
1228,2024-04-21,Line-C,Night,M-303,OP-003,411,23,26,42.22,71.8
1229,2024-04-21,Line-D,Morning,M-402,OP-006,450,8,11,33.42,70.4
1230,2024-04-21,Line-D,Afternoon,M-402,OP-015,466,9,6,22.61,69.0
1231,2024-04-21,Line-D,Night,M-402,OP-016,593,5,0,25.65,70.9
1232,2024-04-22,Line-A,Morning,M-101,OP-004,506,8,0,30.46,61.7
1233,2024-04-22,Line-A,Afternoon,M-101,OP-006,488,13,0,22.34,74.3
1234,2024-04-22,Line-A,Night,M-102,OP-019,443,13,9,29.19,69.8
1235,2024-04-22,Line-B,Morning,M-201,OP-020,426,20,29,35.4,69.3
1236,2024-04-22,Line-B,Afternoon,M-202,OP-020,464,8,0,37.96,71.5
1237,2024-04-22,Line-C,Morning,M-303,OP-005,537,23,9,51.76,67.8
1238,2024-04-22,Line-C,Afternoon,M-302,OP-004,435,10,29,29.88,73.1
1239,2024-04-22,Line-C,Night,M-302,OP-002,544,4,1,34.79,57.1
1240,2024-04-22,Line-D,Afternoon,M-401,OP-017,471,2,4,28.51,66.6
1241,2024-04-22,Line-D,Night,M-401,OP-011,446,3,46,39.34,63.4
1242,2024-04-23,Line-A,Morning,M-101,OP-014,574,8,13,29.68,65.4
1243,2024-04-23,Line-A,Afternoon,M-101,OP-016,539,10,4,23.48,64.4
1244,2024-04-23,Line-A,Night,M-102,OP-005,381,7,0,28.67,73.5
1245,2024-04-23,Line-B,Morning,M-201,OP-001,551,25,33,51.4,70.1
1246,2024-04-23,Line-B,Afternoon,M-201,OP-017,460,14,40,46.15,65.5
1247,2024-04-23,Line-B,Night,M-202,OP-006,497,7,9,17.56,67.1
1248,2024-04-23,Line-C,Afternoon,M-301,OP-011,538,6,12,26.22,69.4
1249,2024-04-23,Line-C,Night,M-301,OP-017,467,4,31,34.64,65.6
1250,2024-04-23,Line-D,Morning,M-402,OP-013,509,12,21,21.53,72.0
1251,2024-04-23,Line-D,Afternoon,M-401,OP-015,445,6,51,31.51,66.5
1252,2024-04-23,Line-D,Night,M-402,OP-003,347,11,0,24.98,66.7
1253,2024-04-24,Line-A,Morning,M-102,OP-011,564,15,9,31.54,65.6
1254,2024-04-24,Line-A,Afternoon,M-102,OP-001,488,9,26,34.84,70.0
1255,2024-04-24,Line-A,Night,M-102,OP-002,458,12,10,24.59,66.4
1256,2024-04-24,Line-B,Morning,M-201,OP-003,485,26,32,35.95,68.2
1257,2024-04-24,Line-B,Afternoon,M-202,OP-017,486,10,25,35.09,65.6
1258,2024-04-24,Line-B,Night,M-202,OP-011,443,3,22,37.24,66.7
1259,2024-04-24,Line-C,Morning,M-301,OP-008,465,15,19,32.18,63.2
1260,2024-04-24,Line-C,Afternoon,M-302,OP-018,520,5,0,28.27,65.7
1261,2024-04-24,Line-C,Night,M-303,OP-016,466,14,49,47.64,60.2
1262,2024-04-24,Line-D,Morning,M-402,OP-015,538,5,24,29.66,68.1
1263,2024-04-24,Line-D,Afternoon,M-401,OP-001,468,14,0,33.04,72.4
1264,2024-04-24,Line-D,Night,M-402,OP-018,522,22,4,34.79,67.6
1265,2024-04-25,Line-A,Morning,M-101,OP-002,554,10,6,36.53,66.0
1266,2024-04-25,Line-A,Afternoon,M-102,OP-005,395,5,21,36.96,68.4
1267,2024-04-25,Line-A,Night,M-102,OP-004,559,2,5,28.56,67.5
1268,2024-04-25,Line-B,Morning,M-201,OP-007,485,25,28,42.7,67.8
1269,2024-04-25,Line-B,Afternoon,M-202,OP-007,424,7,9,29.17,68.1
1270,2024-04-25,Line-B,Night,M-201,OP-011,484,20,54,36.15,65.1
1271,2024-04-25,Line-C,Morning,M-302,OP-002,646,5,0,33.67,59.7
1272,2024-04-25,Line-C,Afternoon,M-303,OP-019,465,31,11,32.09,62.0
1273,2024-04-25,Line-C,Night,M-302,OP-015,533,16,4,33.42,73.6
1274,2024-04-25,Line-D,Morning,M-401,OP-016,587,9,0,25.9,66.3
1275,2024-04-25,Line-D,Night,M-402,OP-019,464,7,28,36.37,67.3
1276,2024-04-26,Line-A,Morning,M-101,OP-019,545,12,12,34.53,68.3
1277,2024-04-26,Line-A,Afternoon,M-101,OP-004,603,2,4,29.37,69.8
1278,2024-04-26,Line-A,Night,M-102,OP-017,556,10,0,34.21,71.0
1279,2024-04-26,Line-B,Morning,M-202,OP-020,363,7,0,26.68,64.4
1280,2024-04-26,Line-B,Afternoon,M-201,OP-009,528,24,15,46.4,62.3
1281,2024-04-26,Line-B,Night,M-202,OP-010,499,5,6,32.52,70.1
1282,2024-04-26,Line-C,Morning,M-301,OP-005,560,10,16,27.81,68.7
1283,2024-04-26,Line-C,Afternoon,M-303,OP-017,506,22,7,43.66,69.5
1284,2024-04-26,Line-C,Night,M-303,OP-018,439,14,57,44.46,67.1
1285,2024-04-26,Line-D,Morning,M-401,OP-007,411,4,31,30.69,65.8
1286,2024-04-26,Line-D,Afternoon,M-402,OP-012,510,5,34,36.76,66.1
1287,2024-04-26,Line-D,Night,M-401,OP-006,442,0,0,23.3,68.5
1288,2024-04-27,Line-A,Morning,M-102,OP-004,460,2,7,32.53,70.1
1289,2024-04-27,Line-A,Afternoon,M-102,OP-019,366,6,0,34.51,71.1
1290,2024-04-27,Line-A,Night,M-102,OP-018,426,4,5,18.74,69.3
1291,2024-04-27,Line-B,Morning,M-202,OP-001,463,13,0,26.9,62.0
1292,2024-04-27,Line-B,Afternoon,M-201,OP-013,419,14,49,38.51,68.5
1293,2024-04-27,Line-B,Night,M-201,OP-007,457,15,32,45.0,63.2
1294,2024-04-27,Line-C,Morning,M-301,OP-010,528,5,4,32.65,65.3
1295,2024-04-27,Line-C,Afternoon,M-301,OP-002,482,7,13,18.1,60.7
1296,2024-04-27,Line-C,Night,M-302,OP-007,516,15,0,28.78,69.2
1297,2024-04-27,Line-D,Morning,M-401,OP-012,521,0,0,28.34,70.8
1298,2024-04-27,Line-D,Afternoon,M-401,OP-020,629,10,0,32.01,73.3
1299,2024-04-27,Line-D,Night,M-401,OP-018,486,4,26,33.32,63.9
1300,2024-04-28,Line-A,Morning,M-102,OP-002,502,14,29,29.67,66.6
1301,2024-04-28,Line-A,Afternoon,M-102,OP-014,553,3,18,23.15,72.3
1302,2024-04-28,Line-A,Night,M-102,OP-018,464,14,19,23.88,73.7
1303,2024-04-28,Line-B,Afternoon,M-201,OP-020,573,31,23,40.47,68.6
1304,2024-04-28,Line-B,Night,M-202,OP-008,437,15,14,16.48,69.4
1305,2024-04-28,Line-C,Morning,M-303,OP-012,459,20,29,46.04,72.5
1306,2024-04-28,Line-C,Afternoon,M-303,OP-020,496,21,34,42.1,64.8
1307,2024-04-28,Line-C,Night,M-303,OP-007,514,25,58,48.28,65.3
1308,2024-04-28,Line-D,Morning,M-401,OP-003,529,4,22,27.42,63.9
1309,2024-04-28,Line-D,Afternoon,M-401,OP-017,496,0,0,29.11,68.3
1310,2024-04-28,Line-D,Night,M-401,OP-014,457,1,0,31.96,70.3
1311,2024-04-29,Line-A,Morning,M-102,OP-005,479,14,17,26.26,66.9
1312,2024-04-29,Line-A,Afternoon,M-102,OP-001,395,7,28,33.43,73.6
1313,2024-04-29,Line-A,Night,M-101,OP-002,461,15,9,37.36,67.9
1314,2024-04-29,Line-B,Morning,M-202,OP-020,522,17,9,31.09,73.2
1315,2024-04-29,Line-B,Night,M-202,OP-016,472,2,44,27.65,68.6
1316,2024-04-29,Line-C,Morning,M-303,OP-012,549,21,19,43.27,60.8
1317,2024-04-29,Line-C,Night,M-303,OP-008,462,22,30,34.28,74.4
1318,2024-04-29,Line-D,Morning,M-401,OP-017,486,16,8,25.6,69.1
1319,2024-04-29,Line-D,Afternoon,M-402,OP-003,467,3,34,26.89,60.6
1320,2024-04-29,Line-D,Night,M-401,OP-011,559,7,2,21.17,75.0
1321,2024-04-30,Line-A,Morning,M-102,OP-007,402,7,25,32.11,67.8
1322,2024-04-30,Line-A,Afternoon,M-102,OP-018,377,4,14,26.06,68.8
1323,2024-04-30,Line-A,Night,M-101,OP-004,520,14,0,40.98,71.1
1324,2024-04-30,Line-B,Morning,M-202,OP-008,479,14,47,22.81,67.1
1325,2024-04-30,Line-B,Afternoon,M-201,OP-002,337,16,40,41.8,65.4
1326,2024-04-30,Line-B,Night,M-202,OP-013,357,8,33,27.04,69.8
1327,2024-04-30,Line-C,Morning,M-301,OP-013,385,9,6,26.19,65.0
1328,2024-04-30,Line-C,Afternoon,M-303,OP-010,456,22,15,40.01,67.8
1329,2024-04-30,Line-D,Morning,M-402,OP-017,414,15,0,26.65,64.1
1330,2024-04-30,Line-D,Afternoon,M-402,OP-016,587,14,0,35.53,68.8
1331,2024-05-01,Line-A,Morning,M-101,OP-011,495,7,0,31.69,65.8
1332,2024-05-01,Line-A,Afternoon,M-101,OP-006,589,3,35,29.44,69.2
1333,2024-05-01,Line-A,Night,M-101,OP-003,529,6,24,16.46,65.1
1334,2024-05-01,Line-B,Morning,M-201,OP-014,424,14,31,43.93,70.8
1335,2024-05-01,Line-B,Afternoon,M-201,OP-018,494,19,40,42.62,71.7
1336,2024-05-01,Line-B,Night,M-202,OP-003,526,10,0,26.74,65.8
1337,2024-05-01,Line-C,Morning,M-301,OP-001,461,10,22,29.74,68.1
1338,2024-05-01,Line-C,Afternoon,M-302,OP-002,488,6,0,21.22,65.2
1339,2024-05-01,Line-C,Night,M-301,OP-006,508,6,8,32.33,70.1
1340,2024-05-01,Line-D,Morning,M-401,OP-019,415,12,28,24.35,64.7
1341,2024-05-01,Line-D,Afternoon,M-402,OP-014,551,9,0,23.0,67.0
1342,2024-05-01,Line-D,Night,M-402,OP-014,410,6,12,37.31,66.8
1343,2024-05-02,Line-A,Morning,M-102,OP-004,544,18,33,31.42,60.1
1344,2024-05-02,Line-A,Afternoon,M-101,OP-019,507,14,10,38.72,71.4
1345,2024-05-02,Line-B,Morning,M-202,OP-017,514,15,17,17.54,66.0
1346,2024-05-02,Line-B,Afternoon,M-202,OP-020,551,5,8,24.78,75.1
1347,2024-05-02,Line-B,Night,M-202,OP-013,580,5,14,26.6,70.5
1348,2024-05-02,Line-C,Morning,M-303,OP-001,510,27,39,56.68,63.9
1349,2024-05-02,Line-C,Afternoon,M-303,OP-008,377,15,11,34.54,64.0
1350,2024-05-02,Line-C,Night,M-302,OP-018,424,4,19,27.47,67.3
1351,2024-05-02,Line-D,Morning,M-401,OP-010,533,6,8,31.83,60.2
1352,2024-05-02,Line-D,Afternoon,M-402,OP-001,336,7,19,40.32,68.6
1353,2024-05-02,Line-D,Night,M-401,OP-004,529,8,16,38.34,59.5
1354,2024-05-03,Line-A,Afternoon,M-102,OP-018,504,20,16,38.25,65.5
1355,2024-05-03,Line-A,Night,M-101,OP-010,478,9,0,24.16,63.6
1356,2024-05-03,Line-B,Morning,M-202,OP-007,529,14,16,34.12,67.3
1357,2024-05-03,Line-B,Afternoon,M-201,OP-006,552,25,35,40.67,70.7
1358,2024-05-03,Line-B,Night,M-202,OP-007,454,13,0,24.51,70.7
1359,2024-05-03,Line-C,Morning,M-303,OP-019,474,19,48,38.96,67.2
1360,2024-05-03,Line-C,Afternoon,M-303,OP-015,563,34,58,40.59,72.9
1361,2024-05-03,Line-C,Night,M-301,OP-010,423,4,0,38.36,64.5
1362,2024-05-03,Line-D,Morning,M-402,OP-004,472,4,22,28.12,62.8
1363,2024-05-03,Line-D,Afternoon,M-402,OP-011,506,2,0,19.47,62.3
1364,2024-05-03,Line-D,Night,M-401,OP-004,490,0,0,29.99,65.8
1365,2024-05-04,Line-A,Morning,M-101,OP-007,599,22,0,32.79,71.0
1366,2024-05-04,Line-A,Afternoon,M-102,OP-011,444,1,11,29.14,66.3
1367,2024-05-04,Line-A,Night,M-102,OP-019,506,5,0,30.55,69.5
1368,2024-05-04,Line-B,Morning,M-202,OP-011,409,11,0,27.11,67.0
1369,2024-05-04,Line-B,Afternoon,M-201,OP-001,441,17,63,37.75,77.8
1370,2024-05-04,Line-B,Night,M-201,OP-014,506,23,42,54.65,64.0
1371,2024-05-04,Line-C,Morning,M-302,OP-005,412,4,12,21.37,68.1
1372,2024-05-04,Line-C,Afternoon,M-302,OP-016,581,11,7,26.91,71.6
1373,2024-05-04,Line-C,Night,M-302,OP-010,430,16,41,31.28,68.0
1374,2024-05-04,Line-D,Morning,M-401,OP-006,541,16,0,27.37,62.7
1375,2024-05-04,Line-D,Afternoon,M-401,OP-009,504,12,0,27.72,62.6
1376,2024-05-04,Line-D,Night,M-401,OP-018,426,10,0,28.5,61.5
1377,2024-05-05,Line-A,Morning,M-101,OP-003,491,9,1,29.05,68.7
1378,2024-05-05,Line-A,Afternoon,M-101,OP-019,431,1,39,26.83,67.6
1379,2024-05-05,Line-A,Night,M-101,OP-002,540,29,0,32.25,65.2
1380,2024-05-05,Line-B,Morning,M-202,OP-005,447,5,0,29.79,62.1
1381,2024-05-05,Line-B,Afternoon,M-201,OP-019,536,24,41,39.67,66.5
1382,2024-05-05,Line-B,Night,M-202,OP-005,497,3,6,25.7,64.4
1383,2024-05-05,Line-C,Morning,M-303,OP-003,353,21,24,47.82,72.3
1384,2024-05-05,Line-C,Afternoon,M-303,OP-001,402,14,73,50.75,67.9
1385,2024-05-05,Line-C,Night,M-303,OP-006,495,19,41,38.41,59.9
1386,2024-05-05,Line-D,Morning,M-401,OP-015,400,7,0,29.66,63.7
1387,2024-05-05,Line-D,Afternoon,M-401,OP-016,433,11,15,29.95,71.5
1388,2024-05-05,Line-D,Night,M-401,OP-008,508,16,5,27.85,62.8
1389,2024-05-06,Line-A,Morning,M-101,OP-003,454,13,31,34.8,60.8
1390,2024-05-06,Line-A,Afternoon,M-101,OP-002,544,0,25,28.16,70.8
1391,2024-05-06,Line-A,Night,M-102,OP-013,400,12,0,26.66,64.0
1392,2024-05-06,Line-B,Morning,M-202,OP-002,374,7,39,43.33,68.4
1393,2024-05-06,Line-B,Night,M-201,OP-017,547,26,42,40.29,68.8
1394,2024-05-06,Line-C,Morning,M-302,OP-009,512,6,10,29.71,71.3
1395,2024-05-06,Line-C,Afternoon,M-303,OP-006,416,19,63,47.82,73.4
1396,2024-05-06,Line-C,Night,M-302,OP-012,481,10,27,37.8,60.2
1397,2024-05-06,Line-D,Morning,M-401,OP-017,401,12,7,26.64,63.0
1398,2024-05-06,Line-D,Afternoon,M-401,OP-017,446,2,43,29.89,67.8
1399,2024-05-06,Line-D,Night,M-402,OP-016,515,14,26,35.37,65.5
1400,2024-05-07,Line-A,Morning,M-101,OP-017,462,12,4,29.97,69.6
1401,2024-05-07,Line-A,Afternoon,M-102,OP-006,527,0,22,28.83,70.8
1402,2024-05-07,Line-A,Night,M-102,OP-007,526,18,32,36.73,73.8
1403,2024-05-07,Line-B,Morning,M-201,OP-012,497,23,48,45.66,66.8
1404,2024-05-07,Line-B,Afternoon,M-201,OP-008,504,23,22,48.45,68.2
1405,2024-05-07,Line-B,Night,M-202,OP-004,602,1,3,30.16,72.5
1406,2024-05-07,Line-C,Morning,M-302,OP-016,503,11,0,24.22,69.3
1407,2024-05-07,Line-C,Afternoon,M-301,OP-014,398,5,19,25.09,74.4
1408,2024-05-07,Line-D,Afternoon,M-401,OP-005,553,1,0,18.57,64.9
1409,2024-05-07,Line-D,Night,M-401,OP-019,525,7,18,22.39,71.2
1410,2024-05-08,Line-A,Morning,M-101,OP-009,446,8,10,23.64,63.4
1411,2024-05-08,Line-A,Afternoon,M-102,OP-020,538,12,27,31.62,68.6
1412,2024-05-08,Line-A,Night,M-101,OP-010,376,6,11,39.77,70.7
1413,2024-05-08,Line-B,Morning,M-201,OP-015,572,29,24,42.59,68.9
1414,2024-05-08,Line-B,Afternoon,M-202,OP-016,423,6,8,38.03,59.7
1415,2024-05-08,Line-B,Night,M-202,OP-020,552,5,0,35.9,70.9
1416,2024-05-08,Line-C,Morning,M-303,OP-006,555,29,65,44.79,67.4
1417,2024-05-08,Line-C,Afternoon,M-303,OP-009,500,29,23,38.74,66.8
1418,2024-05-08,Line-C,Night,M-303,OP-011,353,16,6,42.27,71.5
1419,2024-05-08,Line-D,Morning,M-401,OP-008,451,16,0,35.96,70.7
1420,2024-05-08,Line-D,Afternoon,M-401,OP-004,377,17,11,25.61,62.4
1421,2024-05-09,Line-A,Morning,M-102,OP-005,466,8,13,28.51,70.5
1422,2024-05-09,Line-A,Afternoon,M-101,OP-016,456,0,9,18.16,69.4
1423,2024-05-09,Line-A,Night,M-101,OP-018,421,8,31,25.26,72.2
1424,2024-05-09,Line-B,Morning,M-201,OP-003,453,28,29,37.8,70.7
1425,2024-05-09,Line-B,Afternoon,M-201,OP-020,453,17,27,41.78,73.4
1426,2024-05-09,Line-B,Night,M-201,OP-014,363,16,44,42.97,73.2
1427,2024-05-09,Line-C,Morning,M-302,OP-002,475,8,20,30.5,66.4
1428,2024-05-09,Line-C,Afternoon,M-302,OP-008,510,6,2,27.36,73.4
1429,2024-05-09,Line-C,Night,M-302,OP-013,286,6,12,21.6,69.2
1430,2024-05-09,Line-D,Morning,M-401,OP-014,508,12,0,36.83,65.0
1431,2024-05-09,Line-D,Afternoon,M-402,OP-008,521,13,0,33.3,66.5
1432,2024-05-09,Line-D,Night,M-401,OP-010,355,11,0,25.73,66.4
1433,2024-05-10,Line-A,Morning,M-102,OP-009,496,9,20,23.3,65.0
1434,2024-05-10,Line-A,Afternoon,M-101,OP-019,473,17,10,35.43,68.2
1435,2024-05-10,Line-A,Night,M-101,OP-013,450,7,9,33.02,73.5
1436,2024-05-10,Line-B,Morning,M-202,OP-014,501,15,0,27.93,65.1
1437,2024-05-10,Line-B,Afternoon,M-201,OP-014,498,21,45,37.34,68.2
1438,2024-05-10,Line-B,Night,M-202,OP-009,521,0,43,28.58,59.9
1439,2024-05-10,Line-C,Morning,M-302,OP-019,489,9,10,34.96,71.0
1440,2024-05-10,Line-C,Afternoon,M-302,OP-013,497,11,10,38.88,62.1
1441,2024-05-10,Line-C,Night,M-302,OP-018,488,9,24,25.78,61.0
1442,2024-05-10,Line-D,Morning,M-402,OP-006,489,10,34,23.65,72.6
1443,2024-05-10,Line-D,Afternoon,M-402,OP-009,622,9,0,27.97,68.1
1444,2024-05-10,Line-D,Night,M-402,OP-013,513,6,35,24.43,61.0
1445,2024-05-11,Line-A,Morning,M-101,OP-008,546,0,8,45.59,68.0
1446,2024-05-11,Line-A,Afternoon,M-101,OP-004,412,7,11,30.8,70.6
1447,2024-05-11,Line-A,Night,M-102,OP-011,417,15,15,33.63,65.5
1448,2024-05-11,Line-B,Morning,M-201,OP-006,557,24,39,37.33,64.0
1449,2024-05-11,Line-B,Afternoon,M-201,OP-003,521,21,22,38.78,70.8
1450,2024-05-11,Line-B,Night,M-202,OP-020,442,7,12,20.41,62.1
1451,2024-05-11,Line-C,Morning,M-301,OP-009,500,5,27,34.83,70.9
1452,2024-05-11,Line-C,Afternoon,M-301,OP-020,589,10,21,27.08,77.8
1453,2024-05-11,Line-D,Morning,M-402,OP-020,599,11,17,36.8,67.4
1454,2024-05-11,Line-D,Afternoon,M-402,OP-020,440,12,13,30.91,64.7
1455,2024-05-12,Line-A,Morning,M-101,OP-016,376,8,25,28.87,73.7
1456,2024-05-12,Line-A,Afternoon,M-101,OP-017,437,3,10,29.59,71.1
1457,2024-05-12,Line-A,Night,M-101,OP-020,433,14,41,29.8,73.0
1458,2024-05-12,Line-B,Morning,M-201,OP-020,416,23,50,46.32,67.9
1459,2024-05-12,Line-B,Afternoon,M-201,OP-012,302,12,25,37.11,68.5
1460,2024-05-12,Line-B,Night,M-201,OP-006,454,17,19,38.42,72.5
1461,2024-05-12,Line-C,Morning,M-302,OP-013,440,6,5,31.69,69.8
1462,2024-05-12,Line-C,Afternoon,M-302,OP-013,297,8,33,24.75,64.1
1463,2024-05-12,Line-C,Night,M-303,OP-001,452,17,38,32.27,63.5
1464,2024-05-12,Line-D,Morning,M-401,OP-003,572,5,30,31.78,60.8
1465,2024-05-12,Line-D,Afternoon,M-402,OP-012,518,9,5,31.22,69.9
1466,2024-05-12,Line-D,Night,M-402,OP-008,522,16,18,23.12,66.1
1467,2024-05-13,Line-A,Morning,M-101,OP-015,656,17,47,36.98,69.0
1468,2024-05-13,Line-A,Afternoon,M-101,OP-009,498,9,0,30.09,72.8
1469,2024-05-13,Line-A,Night,M-101,OP-018,444,10,24,25.45,66.2
1470,2024-05-13,Line-B,Afternoon,M-201,OP-017,418,15,15,37.5,73.7
1471,2024-05-13,Line-B,Night,M-202,OP-015,425,8,4,35.89,73.2
1472,2024-05-13,Line-C,Morning,M-303,OP-016,531,26,31,36.04,75.8
1473,2024-05-13,Line-C,Afternoon,M-302,OP-015,434,11,27,27.22,72.2
1474,2024-05-13,Line-C,Night,M-303,OP-001,525,33,27,35.57,66.0
1475,2024-05-13,Line-D,Morning,M-402,OP-003,492,9,6,20.45,69.9
1476,2024-05-13,Line-D,Afternoon,M-401,OP-008,598,14,21,32.86,69.6
1477,2024-05-13,Line-D,Night,M-402,OP-012,535,12,7,26.02,67.0
1478,2024-05-14,Line-A,Morning,M-101,OP-009,498,7,16,32.2,71.3
1479,2024-05-14,Line-A,Afternoon,M-101,OP-013,556,10,0,28.27,68.2
1480,2024-05-14,Line-A,Night,M-102,OP-003,369,12,14,31.91,73.5
1481,2024-05-14,Line-B,Morning,M-201,OP-016,442,22,33,41.08,64.9
1482,2024-05-14,Line-B,Afternoon,M-201,OP-019,579,24,45,32.62,72.7
1483,2024-05-14,Line-B,Night,M-201,OP-016,543,25,31,44.0,77.2
1484,2024-05-14,Line-C,Morning,M-301,OP-008,374,10,0,29.9,67.0
1485,2024-05-14,Line-C,Afternoon,M-301,OP-008,454,8,0,35.15,60.8
1486,2024-05-14,Line-C,Night,M-301,OP-020,512,8,0,31.01,61.8
1487,2024-05-14,Line-D,Morning,M-401,OP-004,482,2,18,25.38,66.2
1488,2024-05-14,Line-D,Afternoon,M-402,OP-020,497,5,11,22.43,70.5
1489,2024-05-15,Line-A,Morning,M-101,OP-016,585,27,13,33.94,60.9
1490,2024-05-15,Line-A,Afternoon,M-102,OP-016,570,15,4,36.19,67.0
1491,2024-05-15,Line-A,Night,M-102,OP-016,452,10,0,35.11,63.8
1492,2024-05-15,Line-B,Morning,M-202,OP-013,416,4,23,26.92,62.6
1493,2024-05-15,Line-B,Afternoon,M-201,OP-002,443,20,17,36.24,76.4
1494,2024-05-15,Line-B,Night,M-202,OP-016,428,6,6,27.89,70.5
1495,2024-05-15,Line-C,Morning,M-301,OP-017,536,8,0,36.37,67.6
1496,2024-05-15,Line-C,Afternoon,M-303,OP-006,583,13,37,51.59,66.6
1497,2024-05-15,Line-C,Night,M-301,OP-017,466,10,3,28.44,66.6
1498,2024-05-15,Line-D,Morning,M-401,OP-001,442,13,18,31.25,71.2
1499,2024-05-15,Line-D,Afternoon,M-402,OP-019,464,5,2,30.01,63.8
1500,2024-05-15,Line-D,Night,M-402,OP-020,449,6,43,16.13,67.3
1501,2024-05-16,Line-A,Morning,M-101,OP-018,583,11,23,30.5,65.3
1502,2024-05-16,Line-A,Afternoon,M-102,OP-016,345,7,0,26.0,66.0
1503,2024-05-16,Line-A,Night,M-102,OP-012,584,25,15,27.68,63.3
1504,2024-05-16,Line-B,Morning,M-202,OP-007,508,18,8,18.11,70.7
1505,2024-05-16,Line-B,Afternoon,M-202,OP-012,539,1,14,32.26,67.7
1506,2024-05-16,Line-B,Night,M-202,OP-015,432,12,5,22.57,59.8
1507,2024-05-16,Line-C,Morning,M-301,OP-019,555,13,13,27.8,65.9
1508,2024-05-16,Line-C,Afternoon,M-301,OP-009,415,6,0,26.32,66.8
1509,2024-05-16,Line-C,Night,M-303,OP-014,516,23,46,48.75,72.2
1510,2024-05-16,Line-D,Morning,M-401,OP-005,508,9,0,33.7,74.7
1511,2024-05-16,Line-D,Afternoon,M-401,OP-016,500,19,0,24.23,71.4
1512,2024-05-16,Line-D,Night,M-401,OP-014,495,15,11,25.66,67.1
1513,2024-05-17,Line-A,Morning,M-102,OP-016,388,3,26,34.36,69.5
1514,2024-05-17,Line-A,Afternoon,M-101,OP-013,376,5,0,35.88,65.7
1515,2024-05-17,Line-A,Night,M-101,OP-002,414,8,2,37.42,65.1
1516,2024-05-17,Line-B,Morning,M-202,OP-016,396,0,11,27.19,62.3
1517,2024-05-17,Line-B,Afternoon,M-201,OP-015,551,28,34,48.82,70.7
1518,2024-05-17,Line-B,Night,M-202,OP-012,430,3,24,31.98,68.7
1519,2024-05-17,Line-C,Morning,M-303,OP-009,429,22,23,41.49,73.8
1520,2024-05-17,Line-C,Afternoon,M-302,OP-004,440,1,0,34.97,69.0
1521,2024-05-17,Line-C,Night,M-303,OP-020,472,19,42,37.75,69.2
1522,2024-05-17,Line-D,Morning,M-401,OP-010,436,4,2,28.12,67.8
1523,2024-05-17,Line-D,Afternoon,M-402,OP-015,494,0,0,28.04,74.0
1524,2024-05-17,Line-D,Night,M-402,OP-020,415,8,34,23.44,69.6
1525,2024-05-18,Line-A,Morning,M-101,OP-006,431,6,0,26.34,78.9
1526,2024-05-18,Line-A,Afternoon,M-102,OP-014,530,15,19,21.97,69.6
1527,2024-05-18,Line-A,Night,M-102,OP-003,544,5,26,33.52,75.4
1528,2024-05-18,Line-B,Afternoon,M-202,OP-011,454,3,6,37.18,60.7
1529,2024-05-18,Line-B,Night,M-202,OP-020,355,7,5,30.04,71.8
1530,2024-05-18,Line-C,Morning,M-302,OP-015,446,0,42,25.01,63.8
1531,2024-05-18,Line-C,Afternoon,M-302,OP-019,546,8,11,32.41,72.3
1532,2024-05-18,Line-C,Night,M-302,OP-014,459,15,0,33.8,64.6
1533,2024-05-18,Line-D,Morning,M-401,OP-005,562,11,1,33.31,71.6
1534,2024-05-18,Line-D,Afternoon,M-402,OP-003,518,4,4,29.98,67.8
1535,2024-05-18,Line-D,Night,M-402,OP-004,524,0,17,28.55,64.6
1536,2024-05-19,Line-A,Morning,M-102,OP-018,435,7,0,26.49,64.5
1537,2024-05-19,Line-A,Night,M-101,OP-004,511,5,8,37.71,72.0
1538,2024-05-19,Line-B,Morning,M-201,OP-003,534,21,43,40.83,67.2
1539,2024-05-19,Line-B,Afternoon,M-202,OP-010,504,6,34,29.2,70.5
1540,2024-05-19,Line-B,Night,M-202,OP-015,567,16,0,32.22,71.4
1541,2024-05-19,Line-C,Morning,M-301,OP-017,533,4,2,34.97,65.0
1542,2024-05-19,Line-C,Afternoon,M-301,OP-002,462,16,11,26.37,64.5
1543,2024-05-19,Line-C,Night,M-302,OP-016,499,2,8,31.67,73.2
1544,2024-05-19,Line-D,Morning,M-402,OP-018,520,6,29,28.5,63.1
1545,2024-05-19,Line-D,Afternoon,M-401,OP-019,469,15,14,30.06,74.5
1546,2024-05-19,Line-D,Night,M-402,OP-017,394,2,0,31.86,68.7
1547,2024-05-20,Line-A,Morning,M-102,OP-012,572,12,5,30.01,68.5
1548,2024-05-20,Line-A,Afternoon,M-101,OP-003,379,17,19,31.05,70.5
1549,2024-05-20,Line-A,Night,M-102,OP-014,522,9,2,33.0,69.5
1550,2024-05-20,Line-B,Morning,M-202,OP-001,431,14,16,33.65,73.6
1551,2024-05-20,Line-B,Night,M-201,OP-012,481,23,47,38.38,68.2
1552,2024-05-20,Line-C,Morning,M-303,OP-001,487,17,69,34.96,62.8
1553,2024-05-20,Line-C,Afternoon,M-302,OP-016,558,14,0,33.04,73.9
1554,2024-05-20,Line-C,Night,M-302,OP-010,478,21,0,33.47,72.7
1555,2024-05-20,Line-D,Morning,M-401,OP-018,533,9,7,32.22,71.3
1556,2024-05-20,Line-D,Afternoon,M-402,OP-018,516,15,0,28.86,64.2
1557,2024-05-20,Line-D,Night,M-401,OP-006,456,13,13,43.03,68.8
1558,2024-05-21,Line-A,Morning,M-102,OP-013,483,9,2,29.71,72.5
1559,2024-05-21,Line-A,Afternoon,M-101,OP-014,486,5,0,27.75,68.3
1560,2024-05-21,Line-A,Night,M-102,OP-010,551,3,7,30.72,60.7
1561,2024-05-21,Line-B,Morning,M-202,OP-014,429,5,0,30.96,67.4
1562,2024-05-21,Line-B,Afternoon,M-201,OP-006,446,22,60,50.2,60.3
1563,2024-05-21,Line-B,Night,M-201,OP-015,514,22,37,40.01,68.5
1564,2024-05-21,Line-C,Morning,M-302,OP-020,489,6,0,27.76,68.9
1565,2024-05-21,Line-C,Afternoon,M-302,OP-001,515,14,4,31.42,71.9
1566,2024-05-21,Line-C,Night,M-303,OP-001,549,24,31,42.96,63.4
1567,2024-05-21,Line-D,Morning,M-401,OP-010,468,12,21,28.65,68.9
1568,2024-05-21,Line-D,Afternoon,M-402,OP-001,430,11,10,28.62,66.6
1569,2024-05-21,Line-D,Night,M-401,OP-001,476,6,21,28.02,74.4
1570,2024-05-22,Line-A,Morning,M-102,OP-014,567,5,13,26.75,66.7
1571,2024-05-22,Line-A,Afternoon,M-102,OP-012,600,9,17,32.71,64.0
1572,2024-05-22,Line-A,Night,M-101,OP-011,428,3,0,15.75,70.2
1573,2024-05-22,Line-B,Morning,M-201,OP-002,603,28,13,38.79,66.2
1574,2024-05-22,Line-B,Afternoon,M-202,OP-003,418,11,24,24.22,70.9
1575,2024-05-22,Line-B,Night,M-201,OP-007,571,37,77,37.49,79.3
1576,2024-05-22,Line-C,Morning,M-302,OP-013,458,6,16,27.09,69.6
1577,2024-05-22,Line-C,Afternoon,M-301,OP-008,400,6,31,29.71,68.6
1578,2024-05-22,Line-C,Night,M-302,OP-008,508,15,0,32.92,66.9
1579,2024-05-22,Line-D,Morning,M-401,OP-007,489,14,0,24.94,60.3
1580,2024-05-22,Line-D,Afternoon,M-401,OP-017,447,14,10,23.3,66.1
1581,2024-05-22,Line-D,Night,M-401,OP-016,390,3,17,24.13,72.5
1582,2024-05-23,Line-A,Morning,M-102,OP-011,475,9,7,33.86,71.1
1583,2024-05-23,Line-A,Afternoon,M-101,OP-018,500,12,8,32.71,66.6
1584,2024-05-23,Line-A,Night,M-102,OP-016,480,7,5,26.55,69.9
1585,2024-05-23,Line-B,Morning,M-201,OP-012,558,32,16,48.45,66.7
1586,2024-05-23,Line-B,Afternoon,M-201,OP-004,516,19,37,43.57,62.1
1587,2024-05-23,Line-B,Night,M-202,OP-011,516,16,9,36.8,67.2
1588,2024-05-23,Line-C,Afternoon,M-303,OP-004,530,12,71,49.48,66.9
1589,2024-05-23,Line-C,Night,M-301,OP-001,361,8,0,32.22,69.6
1590,2024-05-23,Line-D,Morning,M-402,OP-020,423,12,24,34.88,68.0
1591,2024-05-23,Line-D,Afternoon,M-401,OP-008,395,11,7,23.05,73.4
1592,2024-05-23,Line-D,Night,M-401,OP-020,605,11,44,30.46,66.5
1593,2024-05-24,Line-A,Morning,M-101,OP-002,442,15,0,33.68,65.8
1594,2024-05-24,Line-A,Afternoon,M-101,OP-018,452,13,6,27.98,72.5
1595,2024-05-24,Line-A,Night,M-101,OP-016,575,14,2,27.45,68.3
1596,2024-05-24,Line-B,Morning,M-202,OP-015,499,4,22,30.43,61.1
1597,2024-05-24,Line-B,Afternoon,M-201,OP-013,424,17,33,51.45,69.0
1598,2024-05-24,Line-B,Night,M-201,OP-009,429,20,29,43.62,70.3
1599,2024-05-24,Line-C,Morning,M-302,OP-015,552,10,36,34.54,65.2
1600,2024-05-24,Line-C,Afternoon,M-303,OP-016,612,30,22,50.26,76.3
1601,2024-05-24,Line-C,Night,M-301,OP-018,478,6,9,33.57,73.1
1602,2024-05-24,Line-D,Morning,M-402,OP-009,514,10,34,28.44,72.1
1603,2024-05-24,Line-D,Afternoon,M-401,OP-003,462,10,10,29.72,66.5
1604,2024-05-24,Line-D,Night,M-402,OP-010,560,6,0,40.6,71.9
1605,2024-05-25,Line-A,Morning,M-102,OP-015,336,4,0,25.25,55.4
1606,2024-05-25,Line-A,Night,M-102,OP-006,471,3,12,21.87,68.3
1607,2024-05-25,Line-B,Morning,M-202,OP-020,455,15,33,33.93,66.7
1608,2024-05-25,Line-B,Afternoon,M-201,OP-018,599,18,13,41.58,77.0
1609,2024-05-25,Line-B,Night,M-201,OP-017,467,20,13,46.73,71.8
1610,2024-05-25,Line-C,Morning,M-303,OP-005,527,20,24,35.53,68.3
1611,2024-05-25,Line-C,Afternoon,M-302,OP-014,415,3,5,27.55,65.8
1612,2024-05-25,Line-C,Night,M-301,OP-004,507,10,7,30.92,64.0
1613,2024-05-25,Line-D,Morning,M-401,OP-002,486,9,0,34.98,64.5
1614,2024-05-25,Line-D,Afternoon,M-401,OP-006,485,14,25,30.17,66.6
1615,2024-05-25,Line-D,Night,M-401,OP-004,536,13,2,26.03,59.7
1616,2024-05-26,Line-A,Morning,M-101,OP-002,489,8,29,31.8,73.3
1617,2024-05-26,Line-A,Afternoon,M-102,OP-016,438,13,4,33.89,62.2
1618,2024-05-26,Line-A,Night,M-102,OP-002,494,0,7,32.2,65.9
1619,2024-05-26,Line-B,Morning,M-201,OP-001,416,22,33,39.55,68.2
1620,2024-05-26,Line-B,Afternoon,M-201,OP-016,638,36,52,44.18,68.7
1621,2024-05-26,Line-B,Night,M-201,OP-015,336,13,27,32.63,63.4
1622,2024-05-26,Line-C,Morning,M-301,OP-012,361,6,24,35.53,69.7
1623,2024-05-26,Line-C,Afternoon,M-302,OP-012,422,0,0,23.66,64.4
1624,2024-05-26,Line-C,Night,M-301,OP-020,470,4,17,28.84,68.0
1625,2024-05-26,Line-D,Morning,M-401,OP-003,548,3,18,29.93,66.7
1626,2024-05-26,Line-D,Afternoon,M-401,OP-007,533,14,0,29.09,69.1
1627,2024-05-26,Line-D,Night,M-401,OP-004,463,11,16,39.16,61.9
1628,2024-05-27,Line-A,Morning,M-102,OP-007,472,4,21,21.91,69.4
1629,2024-05-27,Line-A,Afternoon,M-101,OP-019,442,5,0,27.67,72.3
1630,2024-05-27,Line-A,Night,M-101,OP-018,478,12,36,31.32,65.8
1631,2024-05-27,Line-B,Morning,M-202,OP-004,508,6,4,22.4,71.7
1632,2024-05-27,Line-B,Afternoon,M-202,OP-015,456,9,0,32.18,65.0
1633,2024-05-27,Line-B,Night,M-202,OP-004,471,13,23,29.89,60.9
1634,2024-05-27,Line-C,Morning,M-301,OP-018,659,23,22,26.23,67.5
1635,2024-05-27,Line-C,Afternoon,M-302,OP-006,447,14,15,26.08,66.1
1636,2024-05-27,Line-C,Night,M-303,OP-015,547,33,57,45.79,67.0
1637,2024-05-27,Line-D,Morning,M-402,OP-018,285,6,11,30.7,68.2
1638,2024-05-27,Line-D,Afternoon,M-402,OP-012,400,9,21,33.41,71.8
1639,2024-05-27,Line-D,Night,M-402,OP-011,516,7,10,30.46,68.4
1640,2024-05-28,Line-A,Morning,M-101,OP-013,539,13,43,41.03,68.3
1641,2024-05-28,Line-A,Afternoon,M-102,OP-012,249,8,3,25.99,66.4
1642,2024-05-28,Line-A,Night,M-102,OP-013,453,11,0,24.61,69.4
1643,2024-05-28,Line-B,Night,M-201,OP-017,517,27,23,37.11,66.0
1644,2024-05-28,Line-C,Morning,M-302,OP-001,494,16,0,28.9,62.7
1645,2024-05-28,Line-C,Afternoon,M-301,OP-007,380,11,20,32.25,71.7
1646,2024-05-28,Line-C,Night,M-301,OP-009,451,6,44,28.77,70.9
1647,2024-05-28,Line-D,Morning,M-401,OP-004,480,0,0,27.11,72.2
1648,2024-05-28,Line-D,Night,M-401,OP-009,527,14,0,38.08,64.1
1649,2024-05-29,Line-A,Morning,M-101,OP-008,492,9,9,36.69,65.2
1650,2024-05-29,Line-A,Afternoon,M-102,OP-003,399,7,6,46.89,70.7
1651,2024-05-29,Line-A,Night,M-101,OP-003,455,3,0,24.87,68.5
1652,2024-05-29,Line-B,Morning,M-202,OP-006,565,17,15,28.38,69.1
1653,2024-05-29,Line-B,Afternoon,M-201,OP-020,448,28,32,41.57,59.1
1654,2024-05-29,Line-B,Night,M-201,OP-019,468,25,18,38.25,71.2
1655,2024-05-29,Line-C,Morning,M-301,OP-011,391,11,4,28.06,63.5
1656,2024-05-29,Line-C,Afternoon,M-302,OP-014,502,21,23,25.68,72.5
1657,2024-05-29,Line-C,Night,M-301,OP-008,460,15,24,15.28,64.0
1658,2024-05-29,Line-D,Morning,M-401,OP-013,536,10,0,26.83,60.4
1659,2024-05-29,Line-D,Night,M-402,OP-018,474,19,24,40.95,71.5
1660,2024-05-30,Line-A,Morning,M-102,OP-017,541,20,17,29.06,72.1
1661,2024-05-30,Line-A,Afternoon,M-101,OP-002,567,7,1,30.69,71.3
1662,2024-05-30,Line-A,Night,M-102,OP-015,527,2,40,26.79,66.9
1663,2024-05-30,Line-B,Morning,M-201,OP-008,425,31,38,37.75,71.5
1664,2024-05-30,Line-B,Afternoon,M-202,OP-005,526,8,24,25.87,66.0
1665,2024-05-30,Line-B,Night,M-201,OP-016,359,11,62,50.21,68.3
1666,2024-05-30,Line-C,Morning,M-301,OP-018,579,9,8,30.28,67.5
1667,2024-05-30,Line-C,Afternoon,M-301,OP-013,467,14,14,33.56,72.1
1668,2024-05-30,Line-C,Night,M-303,OP-005,503,18,14,42.74,67.3
1669,2024-05-30,Line-D,Morning,M-402,OP-018,485,9,50,23.35,60.0
1670,2024-05-30,Line-D,Afternoon,M-402,OP-019,499,7,16,32.92,73.1
1671,2024-05-30,Line-D,Night,M-401,OP-008,389,5,18,33.85,76.8
1672,2024-05-31,Line-A,Afternoon,M-102,OP-019,537,9,0,27.18,65.6
1673,2024-05-31,Line-A,Night,M-102,OP-014,519,11,0,27.82,71.5
1674,2024-05-31,Line-B,Morning,M-201,OP-011,501,25,40,50.13,68.9
1675,2024-05-31,Line-B,Afternoon,M-201,OP-010,456,16,38,29.8,67.3
1676,2024-05-31,Line-B,Night,M-202,OP-020,467,2,0,34.05,68.9
1677,2024-05-31,Line-C,Morning,M-302,OP-020,486,10,13,36.21,68.5
1678,2024-05-31,Line-C,Afternoon,M-301,OP-008,392,13,17,27.05,63.0
1679,2024-05-31,Line-C,Night,M-302,OP-005,503,8,35,28.27,64.7
1680,2024-05-31,Line-D,Morning,M-401,OP-004,533,15,14,33.38,67.8
1681,2024-05-31,Line-D,Afternoon,M-401,OP-020,494,15,21,29.15,73.4
1682,2024-05-31,Line-D,Night,M-402,OP-001,338,13,0,26.86,67.8
1683,2024-06-01,Line-A,Morning,M-101,OP-010,471,13,0,31.3,65.7
1684,2024-06-01,Line-A,Afternoon,M-101,OP-011,497,9,13,27.25,66.0
1685,2024-06-01,Line-A,Night,M-101,OP-007,497,14,3,25.66,70.5
1686,2024-06-01,Line-B,Morning,M-202,OP-018,478,13,0,21.1,65.9
1687,2024-06-01,Line-B,Afternoon,M-201,OP-001,434,19,25,45.71,66.8
1688,2024-06-01,Line-B,Night,M-201,OP-009,489,23,37,41.88,70.0
1689,2024-06-01,Line-C,Morning,M-302,OP-007,432,14,8,23.44,68.8
1690,2024-06-01,Line-C,Afternoon,M-303,OP-009,428,22,68,38.07,69.3
1691,2024-06-01,Line-D,Morning,M-401,OP-003,374,8,0,26.88,63.6
1692,2024-06-01,Line-D,Afternoon,M-402,OP-012,523,15,12,25.68,74.4
1693,2024-06-01,Line-D,Night,M-401,OP-010,434,0,18,24.48,72.0
1694,2024-06-02,Line-A,Morning,M-102,OP-008,457,11,33,23.96,65.7
1695,2024-06-02,Line-A,Afternoon,M-101,OP-011,475,16,2,27.03,69.9
1696,2024-06-02,Line-A,Night,M-101,OP-006,445,9,0,41.07,62.6
1697,2024-06-02,Line-B,Morning,M-202,OP-018,460,8,40,23.38,75.9
1698,2024-06-02,Line-B,Afternoon,M-201,OP-002,525,26,20,44.86,65.1
1699,2024-06-02,Line-B,Night,M-202,OP-011,555,5,10,27.22,64.0
1700,2024-06-02,Line-C,Morning,M-303,OP-006,524,26,53,33.1,72.3
1701,2024-06-02,Line-C,Night,M-302,OP-010,630,8,40,28.68,62.5
1702,2024-06-02,Line-D,Morning,M-402,OP-002,461,13,0,27.0,70.4
1703,2024-06-02,Line-D,Afternoon,M-402,OP-001,480,11,15,32.4,66.3
1704,2024-06-02,Line-D,Night,M-402,OP-008,493,4,31,26.83,72.5
1705,2024-06-03,Line-A,Morning,M-102,OP-005,465,9,4,24.92,61.0
1706,2024-06-03,Line-A,Afternoon,M-102,OP-017,416,6,15,35.05,66.2
1707,2024-06-03,Line-A,Night,M-101,OP-014,427,2,19,36.92,73.1
1708,2024-06-03,Line-B,Morning,M-201,OP-014,522,27,60,43.66,70.6
1709,2024-06-03,Line-B,Afternoon,M-202,OP-015,460,2,1,29.95,68.2
1710,2024-06-03,Line-B,Night,M-201,OP-005,595,27,52,39.82,66.8
1711,2024-06-03,Line-C,Morning,M-303,OP-007,400,15,42,42.04,71.8
1712,2024-06-03,Line-C,Afternoon,M-302,OP-017,490,7,44,29.53,72.7
1713,2024-06-03,Line-C,Night,M-302,OP-005,455,11,25,31.04,58.6
1714,2024-06-03,Line-D,Morning,M-401,OP-011,481,15,19,32.23,61.1
1715,2024-06-03,Line-D,Night,M-401,OP-006,436,10,18,36.07,67.4
1716,2024-06-04,Line-A,Morning,M-101,OP-001,504,9,0,18.72,69.7
1717,2024-06-04,Line-A,Afternoon,M-102,OP-014,490,6,0,33.15,66.9
1718,2024-06-04,Line-A,Night,M-102,OP-005,513,19,0,26.5,67.2
1719,2024-06-04,Line-B,Morning,M-201,OP-005,567,16,64,42.68,67.6
1720,2024-06-04,Line-B,Afternoon,M-202,OP-020,468,6,27,24.66,69.4
1721,2024-06-04,Line-B,Night,M-201,OP-020,456,17,73,44.1,70.5
1722,2024-06-04,Line-C,Morning,M-303,OP-001,548,17,61,29.46,64.9
1723,2024-06-04,Line-C,Afternoon,M-303,OP-016,452,23,38,41.17,68.0
1724,2024-06-04,Line-C,Night,M-303,OP-016,421,13,45,45.47,74.3
1725,2024-06-04,Line-D,Morning,M-402,OP-006,432,11,7,35.95,72.1
1726,2024-06-04,Line-D,Afternoon,M-402,OP-016,492,7,26,33.23,65.3
1727,2024-06-04,Line-D,Night,M-401,OP-008,400,6,34,35.73,63.6
1728,2024-06-05,Line-A,Afternoon,M-101,OP-009,409,13,0,32.55,65.5
1729,2024-06-05,Line-A,Night,M-101,OP-007,577,6,29,30.92,69.0
1730,2024-06-05,Line-B,Morning,M-201,OP-006,361,8,31,43.23,63.5
1731,2024-06-05,Line-B,Afternoon,M-202,OP-020,414,10,20,29.31,71.1
1732,2024-06-05,Line-B,Night,M-202,OP-015,409,6,36,30.34,68.5
1733,2024-06-05,Line-C,Morning,M-302,OP-013,618,2,23,38.32,66.7
1734,2024-06-05,Line-C,Afternoon,M-303,OP-013,531,19,24,43.92,71.2
1735,2024-06-05,Line-C,Night,M-302,OP-020,547,18,10,35.97,66.6
1736,2024-06-05,Line-D,Morning,M-401,OP-017,534,11,18,32.12,61.6
1737,2024-06-05,Line-D,Afternoon,M-402,OP-002,412,8,0,34.16,71.5
1738,2024-06-05,Line-D,Night,M-401,OP-017,499,3,32,40.19,68.6
1739,2024-06-06,Line-A,Morning,M-101,OP-018,510,10,19,29.4,67.9
1740,2024-06-06,Line-A,Afternoon,M-101,OP-007,534,22,0,29.48,63.3
1741,2024-06-06,Line-A,Night,M-102,OP-010,575,7,0,33.19,75.0
1742,2024-06-06,Line-B,Morning,M-202,OP-015,519,10,18,37.07,64.5
1743,2024-06-06,Line-B,Afternoon,M-202,OP-020,473,6,0,28.36,72.4
1744,2024-06-06,Line-B,Night,M-201,OP-015,513,26,37,44.62,64.8
1745,2024-06-06,Line-C,Morning,M-302,OP-003,461,9,16,31.6,67.4
1746,2024-06-06,Line-C,Afternoon,M-301,OP-006,457,23,25,32.07,67.1
1747,2024-06-06,Line-C,Night,M-303,OP-018,452,20,39,32.6,61.7
1748,2024-06-06,Line-D,Morning,M-402,OP-011,441,9,8,37.39,62.1
1749,2024-06-06,Line-D,Afternoon,M-401,OP-015,434,14,13,34.42,76.2
1750,2024-06-06,Line-D,Night,M-401,OP-015,438,7,7,20.23,66.8
1751,2024-06-07,Line-A,Morning,M-102,OP-006,532,12,21,28.12,65.4
1752,2024-06-07,Line-A,Afternoon,M-101,OP-003,556,7,16,30.82,73.8
1753,2024-06-07,Line-A,Night,M-102,OP-012,538,3,0,32.89,67.7
1754,2024-06-07,Line-B,Morning,M-202,OP-017,452,13,14,30.26,71.1
1755,2024-06-07,Line-B,Afternoon,M-201,OP-013,457,28,23,45.28,73.7
1756,2024-06-07,Line-B,Night,M-201,OP-006,397,17,52,47.79,67.3
1757,2024-06-07,Line-C,Morning,M-303,OP-005,435,24,52,36.18,63.2
1758,2024-06-07,Line-C,Afternoon,M-301,OP-006,493,12,7,33.4,65.2
1759,2024-06-07,Line-C,Night,M-301,OP-014,353,5,12,28.62,63.4
1760,2024-06-07,Line-D,Morning,M-402,OP-010,371,5,25,36.28,72.8
1761,2024-06-07,Line-D,Afternoon,M-401,OP-005,431,3,19,33.18,69.6
1762,2024-06-07,Line-D,Night,M-401,OP-020,359,3,11,32.44,71.1
1763,2024-06-08,Line-A,Morning,M-101,OP-015,488,10,13,33.43,69.3
1764,2024-06-08,Line-A,Afternoon,M-102,OP-018,483,7,13,32.42,69.1
1765,2024-06-08,Line-A,Night,M-102,OP-008,502,16,15,26.76,71.5
1766,2024-06-08,Line-B,Morning,M-202,OP-015,398,3,17,32.58,63.0
1767,2024-06-08,Line-B,Afternoon,M-201,OP-020,457,18,27,46.72,70.8
1768,2024-06-08,Line-B,Night,M-201,OP-018,478,19,14,49.1,70.4
1769,2024-06-08,Line-C,Morning,M-303,OP-018,437,23,33,40.56,69.7
1770,2024-06-08,Line-C,Afternoon,M-301,OP-002,435,6,13,27.5,70.7
1771,2024-06-08,Line-C,Night,M-301,OP-012,592,6,0,19.99,67.4
1772,2024-06-08,Line-D,Afternoon,M-402,OP-011,440,9,13,21.98,60.7
1773,2024-06-08,Line-D,Night,M-401,OP-004,497,10,5,21.71,69.9
1774,2024-06-09,Line-A,Morning,M-101,OP-006,556,12,0,30.22,62.5
1775,2024-06-09,Line-A,Afternoon,M-101,OP-015,543,10,0,28.5,69.9
1776,2024-06-09,Line-A,Night,M-102,OP-002,460,7,0,32.83,65.4
1777,2024-06-09,Line-B,Morning,M-202,OP-011,350,5,26,28.07,75.0
1778,2024-06-09,Line-B,Afternoon,M-202,OP-003,505,11,10,29.66,66.9
1779,2024-06-09,Line-B,Night,M-201,OP-010,461,23,20,36.62,63.5
1780,2024-06-09,Line-C,Morning,M-301,OP-009,602,14,16,24.71,70.5
1781,2024-06-09,Line-C,Afternoon,M-302,OP-017,473,10,0,30.8,66.3
1782,2024-06-09,Line-C,Night,M-301,OP-020,434,11,0,32.82,70.7
1783,2024-06-09,Line-D,Afternoon,M-401,OP-016,427,4,8,31.41,67.4
1784,2024-06-09,Line-D,Night,M-402,OP-014,506,18,4,21.42,71.3
1785,2024-06-10,Line-A,Morning,M-102,OP-009,580,13,0,29.38,63.5
1786,2024-06-10,Line-A,Afternoon,M-102,OP-005,518,2,7,24.98,68.5
1787,2024-06-10,Line-A,Night,M-102,OP-017,458,9,12,25.07,70.5
1788,2024-06-10,Line-B,Morning,M-202,OP-016,477,4,45,32.38,67.4
1789,2024-06-10,Line-B,Afternoon,M-201,OP-010,564,36,32,43.74,64.0
1790,2024-06-10,Line-B,Night,M-201,OP-004,471,20,37,43.66,70.2
1791,2024-06-10,Line-C,Afternoon,M-301,OP-007,494,3,0,27.27,66.9
1792,2024-06-10,Line-C,Night,M-302,OP-014,543,3,6,34.77,66.8
1793,2024-06-10,Line-D,Afternoon,M-401,OP-001,507,8,15,28.86,70.7
1794,2024-06-10,Line-D,Night,M-402,OP-009,387,6,16,32.67,74.0
1795,2024-06-11,Line-A,Morning,M-102,OP-010,456,15,2,36.64,71.3
1796,2024-06-11,Line-A,Afternoon,M-102,OP-001,425,9,11,33.13,67.1
1797,2024-06-11,Line-A,Night,M-102,OP-011,461,15,10,34.13,67.1
1798,2024-06-11,Line-B,Morning,M-201,OP-006,579,22,25,49.62,66.2
1799,2024-06-11,Line-B,Afternoon,M-202,OP-016,576,16,9,20.93,67.9
1800,2024-06-11,Line-B,Night,M-201,OP-005,486,28,58,38.58,71.2
1801,2024-06-11,Line-C,Morning,M-303,OP-015,525,29,42,32.29,67.4
1802,2024-06-11,Line-C,Afternoon,M-303,OP-011,410,18,49,43.53,72.6
1803,2024-06-11,Line-C,Night,M-302,OP-002,500,3,0,30.74,67.1
1804,2024-06-11,Line-D,Morning,M-402,OP-019,421,0,0,29.03,70.7
1805,2024-06-11,Line-D,Afternoon,M-402,OP-018,491,17,0,34.41,68.2
1806,2024-06-11,Line-D,Night,M-401,OP-019,521,7,28,31.48,65.3
1807,2024-06-12,Line-A,Morning,M-102,OP-003,479,7,19,24.1,67.9
1808,2024-06-12,Line-A,Afternoon,M-102,OP-001,503,9,32,33.87,68.0
1809,2024-06-12,Line-A,Night,M-102,OP-018,493,10,18,20.87,66.8
1810,2024-06-12,Line-B,Morning,M-202,OP-006,390,12,11,29.03,71.6
1811,2024-06-12,Line-B,Afternoon,M-202,OP-011,505,3,10,28.32,61.0
1812,2024-06-12,Line-B,Night,M-202,OP-014,438,7,10,22.59,72.6
1813,2024-06-12,Line-C,Morning,M-301,OP-012,473,9,18,26.06,69.8
1814,2024-06-12,Line-C,Afternoon,M-302,OP-007,457,4,20,37.46,70.9
1815,2024-06-12,Line-C,Night,M-301,OP-004,535,7,0,37.45,76.2
1816,2024-06-12,Line-D,Morning,M-401,OP-007,572,8,0,24.67,61.3
1817,2024-06-12,Line-D,Afternoon,M-402,OP-017,473,16,9,31.51,73.5
1818,2024-06-13,Line-A,Morning,M-101,OP-007,455,17,41,29.34,65.7
1819,2024-06-13,Line-A,Afternoon,M-102,OP-017,521,8,0,36.41,72.9
1820,2024-06-13,Line-A,Night,M-102,OP-005,489,3,0,30.54,66.0
1821,2024-06-13,Line-B,Morning,M-201,OP-017,459,25,45,48.89,64.0
1822,2024-06-13,Line-B,Afternoon,M-201,OP-007,459,24,41,49.66,69.7
1823,2024-06-13,Line-B,Night,M-202,OP-013,590,14,27,28.38,68.1
1824,2024-06-13,Line-C,Morning,M-303,OP-004,534,33,45,41.58,73.5
1825,2024-06-13,Line-C,Night,M-303,OP-020,348,11,45,42.07,70.4
1826,2024-06-13,Line-D,Morning,M-402,OP-015,483,11,0,32.85,72.0
1827,2024-06-13,Line-D,Afternoon,M-401,OP-017,553,21,15,31.37,61.9
1828,2024-06-13,Line-D,Night,M-402,OP-001,448,7,27,26.94,71.2
1829,2024-06-14,Line-A,Morning,M-102,OP-007,479,8,15,28.04,66.3
1830,2024-06-14,Line-A,Afternoon,M-101,OP-010,377,6,4,27.42,69.7
1831,2024-06-14,Line-A,Night,M-102,OP-015,519,11,26,32.88,66.8
1832,2024-06-14,Line-B,Morning,M-202,OP-005,452,10,20,36.99,72.8
1833,2024-06-14,Line-B,Afternoon,M-201,OP-001,447,20,45,47.34,71.8
1834,2024-06-14,Line-B,Night,M-201,OP-007,476,15,20,43.36,69.4
1835,2024-06-14,Line-C,Morning,M-303,OP-011,414,19,44,36.24,72.4
1836,2024-06-14,Line-C,Afternoon,M-303,OP-010,457,26,26,36.87,66.2
1837,2024-06-14,Line-C,Night,M-301,OP-003,474,7,8,31.67,67.3
1838,2024-06-14,Line-D,Morning,M-402,OP-018,476,0,17,29.55,74.4
1839,2024-06-14,Line-D,Afternoon,M-401,OP-001,423,0,21,31.73,64.0
1840,2024-06-14,Line-D,Night,M-401,OP-004,388,13,33,17.56,66.2
1841,2024-06-15,Line-A,Morning,M-101,OP-014,579,8,4,28.59,63.5
1842,2024-06-15,Line-A,Afternoon,M-102,OP-020,377,11,0,31.24,71.5
1843,2024-06-15,Line-A,Night,M-102,OP-007,392,3,30,32.66,65.5
1844,2024-06-15,Line-B,Morning,M-201,OP-015,552,32,39,37.5,66.3
1845,2024-06-15,Line-B,Afternoon,M-201,OP-015,497,21,49,34.35,62.0
1846,2024-06-15,Line-B,Night,M-202,OP-015,490,6,2,21.16,68.1
1847,2024-06-15,Line-C,Morning,M-301,OP-005,476,12,13,29.34,72.7
1848,2024-06-15,Line-C,Afternoon,M-303,OP-009,401,20,9,37.81,63.1
1849,2024-06-15,Line-C,Night,M-302,OP-006,526,9,11,24.47,66.8
1850,2024-06-15,Line-D,Morning,M-402,OP-011,434,9,0,36.65,61.3
1851,2024-06-15,Line-D,Afternoon,M-401,OP-003,431,15,5,23.43,68.9
1852,2024-06-15,Line-D,Night,M-402,OP-016,451,4,0,43.84,67.0
1853,2024-06-16,Line-A,Morning,M-101,OP-010,364,12,21,26.17,64.3
1854,2024-06-16,Line-A,Afternoon,M-101,OP-017,520,8,0,38.94,66.3
1855,2024-06-16,Line-A,Night,M-101,OP-011,569,18,0,35.17,65.4
1856,2024-06-16,Line-B,Morning,M-201,OP-010,367,15,40,39.69,66.8
1857,2024-06-16,Line-B,Afternoon,M-202,OP-019,548,10,0,33.51,68.8
1858,2024-06-16,Line-B,Night,M-201,OP-018,328,16,40,42.1,71.6
1859,2024-06-16,Line-C,Morning,M-302,OP-013,439,9,0,32.04,75.8
1860,2024-06-16,Line-C,Night,M-303,OP-019,420,16,24,42.65,63.7
1861,2024-06-16,Line-D,Morning,M-402,OP-019,505,13,20,21.16,72.0
1862,2024-06-16,Line-D,Afternoon,M-401,OP-006,536,14,17,31.1,72.1
1863,2024-06-16,Line-D,Night,M-401,OP-019,595,5,28,29.57,67.5
1864,2024-06-17,Line-A,Morning,M-101,OP-019,387,6,0,27.68,63.6
1865,2024-06-17,Line-A,Afternoon,M-102,OP-018,453,6,13,21.93,62.2
1866,2024-06-17,Line-A,Night,M-102,OP-006,501,5,28,31.13,70.4
1867,2024-06-17,Line-B,Morning,M-202,OP-003,564,8,3,34.36,70.0
1868,2024-06-17,Line-B,Afternoon,M-202,OP-011,468,15,8,30.16,68.1
1869,2024-06-17,Line-B,Night,M-201,OP-003,423,19,55,44.22,68.1
1870,2024-06-17,Line-C,Morning,M-301,OP-019,470,10,23,33.05,66.7
1871,2024-06-17,Line-C,Afternoon,M-303,OP-001,499,25,19,42.84,59.4
1872,2024-06-17,Line-C,Night,M-303,OP-005,508,26,46,40.02,69.2
1873,2024-06-17,Line-D,Morning,M-402,OP-013,565,18,11,30.7,72.4
1874,2024-06-17,Line-D,Afternoon,M-402,OP-007,389,6,32,34.88,69.5
1875,2024-06-17,Line-D,Night,M-402,OP-010,389,7,3,31.66,64.8
1876,2024-06-18,Line-A,Morning,M-102,OP-014,418,0,30,28.0,68.6
1877,2024-06-18,Line-A,Afternoon,M-102,OP-003,479,4,0,24.97,65.1
1878,2024-06-18,Line-A,Night,M-102,OP-005,501,5,38,35.14,71.2
1879,2024-06-18,Line-B,Morning,M-201,OP-012,472,28,31,41.84,68.7
1880,2024-06-18,Line-B,Afternoon,M-201,OP-001,522,27,27,39.34,70.6
1881,2024-06-18,Line-B,Night,M-202,OP-004,522,7,0,28.96,70.5
1882,2024-06-18,Line-C,Morning,M-301,OP-008,588,4,5,28.05,73.4
1883,2024-06-18,Line-C,Afternoon,M-303,OP-013,477,17,43,39.98,63.1
1884,2024-06-18,Line-C,Night,M-303,OP-013,426,27,40,42.54,67.0
1885,2024-06-18,Line-D,Morning,M-402,OP-018,497,10,16,30.57,71.5
1886,2024-06-18,Line-D,Afternoon,M-401,OP-016,481,4,2,20.1,76.1
1887,2024-06-18,Line-D,Night,M-402,OP-012,531,5,7,26.82,74.2
1888,2024-06-19,Line-A,Morning,M-101,OP-010,394,8,10,34.13,67.6
1889,2024-06-19,Line-A,Afternoon,M-101,OP-005,374,6,0,30.4,73.7
1890,2024-06-19,Line-B,Morning,M-201,OP-016,375,14,26,40.09,71.0
1891,2024-06-19,Line-B,Afternoon,M-201,OP-003,469,23,25,43.15,71.1
1892,2024-06-19,Line-B,Night,M-202,OP-015,436,11,12,35.23,67.2
1893,2024-06-19,Line-C,Morning,M-303,OP-020,502,22,33,43.29,70.1
1894,2024-06-19,Line-C,Afternoon,M-303,OP-006,405,24,7,38.58,67.6
1895,2024-06-19,Line-C,Night,M-302,OP-018,504,17,0,27.46,59.5
1896,2024-06-19,Line-D,Morning,M-402,OP-012,481,10,35,30.6,72.2
1897,2024-06-19,Line-D,Afternoon,M-402,OP-020,515,7,0,31.38,62.0
1898,2024-06-20,Line-A,Morning,M-101,OP-017,557,9,29,27.6,69.1
1899,2024-06-20,Line-A,Afternoon,M-102,OP-002,492,9,5,31.96,64.3
1900,2024-06-20,Line-A,Night,M-102,OP-012,407,12,22,30.33,74.7
1901,2024-06-20,Line-B,Morning,M-202,OP-003,463,14,14,24.88,75.4
1902,2024-06-20,Line-B,Afternoon,M-202,OP-015,539,9,22,27.98,71.3
1903,2024-06-20,Line-B,Night,M-201,OP-008,336,12,49,40.75,68.8
1904,2024-06-20,Line-C,Morning,M-303,OP-003,399,25,52,41.0,66.4
1905,2024-06-20,Line-C,Afternoon,M-303,OP-019,541,35,49,52.86,64.3
1906,2024-06-20,Line-C,Night,M-301,OP-011,430,3,18,30.88,67.4
1907,2024-06-20,Line-D,Morning,M-401,OP-016,528,16,0,27.02,71.3
1908,2024-06-20,Line-D,Afternoon,M-402,OP-019,451,5,27,23.55,66.8
1909,2024-06-20,Line-D,Night,M-402,OP-012,499,6,23,27.16,73.6
1910,2024-06-21,Line-A,Morning,M-102,OP-010,472,12,23,26.86,59.8
1911,2024-06-21,Line-A,Afternoon,M-102,OP-019,501,9,20,28.87,66.3
1912,2024-06-21,Line-A,Night,M-102,OP-019,600,2,23,27.13,66.7
1913,2024-06-21,Line-B,Morning,M-201,OP-010,460,17,43,48.95,69.9
1914,2024-06-21,Line-B,Afternoon,M-201,OP-010,486,17,42,52.78,66.5
1915,2024-06-21,Line-B,Night,M-201,OP-017,457,18,27,28.27,69.6
1916,2024-06-21,Line-C,Afternoon,M-302,OP-005,429,1,23,24.59,66.6
1917,2024-06-21,Line-C,Night,M-302,OP-009,567,2,0,31.35,72.6
1918,2024-06-21,Line-D,Afternoon,M-401,OP-019,385,8,20,19.7,71.2
1919,2024-06-21,Line-D,Night,M-402,OP-012,532,8,30,35.68,68.4
1920,2024-06-22,Line-A,Morning,M-102,OP-008,452,4,11,32.85,66.7
1921,2024-06-22,Line-A,Afternoon,M-101,OP-011,348,11,14,28.1,71.4
1922,2024-06-22,Line-A,Night,M-101,OP-020,571,0,18,22.87,70.0
1923,2024-06-22,Line-B,Morning,M-201,OP-016,487,25,27,32.63,66.2
1924,2024-06-22,Line-B,Afternoon,M-202,OP-013,504,14,0,35.14,65.4
1925,2024-06-22,Line-B,Night,M-202,OP-006,501,6,14,34.46,63.1
1926,2024-06-22,Line-C,Morning,M-303,OP-012,439,21,71,37.68,76.2
1927,2024-06-22,Line-C,Night,M-301,OP-002,600,10,7,26.54,67.7
1928,2024-06-22,Line-D,Morning,M-402,OP-016,395,7,34,26.94,67.0
1929,2024-06-22,Line-D,Afternoon,M-401,OP-013,377,8,15,30.32,67.1
1930,2024-06-22,Line-D,Night,M-402,OP-016,462,11,11,31.57,68.9
1931,2024-06-23,Line-A,Morning,M-102,OP-001,547,14,14,37.59,69.7
1932,2024-06-23,Line-A,Afternoon,M-102,OP-013,558,13,0,36.52,68.5
1933,2024-06-23,Line-A,Night,M-101,OP-004,476,10,6,31.14,65.6
1934,2024-06-23,Line-B,Morning,M-202,OP-014,556,9,6,25.38,69.1
1935,2024-06-23,Line-B,Afternoon,M-202,OP-011,491,11,0,21.99,70.5
1936,2024-06-23,Line-B,Night,M-201,OP-009,569,20,58,43.42,68.0
1937,2024-06-23,Line-C,Morning,M-302,OP-015,456,2,26,26.12,64.9
1938,2024-06-23,Line-C,Afternoon,M-303,OP-008,539,14,12,41.91,69.2
1939,2024-06-23,Line-C,Night,M-303,OP-007,509,21,72,40.86,67.1
1940,2024-06-23,Line-D,Morning,M-401,OP-011,432,8,21,36.02,62.0
1941,2024-06-23,Line-D,Afternoon,M-401,OP-003,465,10,20,30.03,70.2
1942,2024-06-24,Line-A,Morning,M-101,OP-015,431,14,26,23.28,63.7
1943,2024-06-24,Line-A,Afternoon,M-102,OP-009,417,10,0,28.34,69.8
1944,2024-06-24,Line-A,Night,M-101,OP-020,476,10,0,32.97,65.5
1945,2024-06-24,Line-B,Morning,M-201,OP-020,460,22,36,42.12,65.0
1946,2024-06-24,Line-B,Afternoon,M-201,OP-003,462,21,14,39.69,69.6
1947,2024-06-24,Line-B,Night,M-201,OP-013,403,23,54,35.77,73.4
1948,2024-06-24,Line-C,Morning,M-303,OP-019,471,23,27,46.62,69.6
1949,2024-06-24,Line-C,Afternoon,M-301,OP-004,431,3,0,30.94,70.3
1950,2024-06-24,Line-C,Night,M-302,OP-010,519,9,0,26.59,72.6
1951,2024-06-24,Line-D,Morning,M-401,OP-015,450,9,0,31.68,66.2
1952,2024-06-24,Line-D,Afternoon,M-402,OP-014,542,14,4,29.37,65.8
1953,2024-06-24,Line-D,Night,M-402,OP-009,394,4,14,31.63,68.6
1954,2024-06-25,Line-A,Morning,M-101,OP-009,461,13,12,33.52,60.9
1955,2024-06-25,Line-A,Afternoon,M-102,OP-013,244,5,0,28.94,66.8
1956,2024-06-25,Line-A,Night,M-101,OP-009,575,13,14,34.18,69.5
1957,2024-06-25,Line-B,Morning,M-202,OP-006,452,13,0,31.62,61.8
1958,2024-06-25,Line-B,Afternoon,M-202,OP-007,492,10,37,22.18,65.6
1959,2024-06-25,Line-B,Night,M-201,OP-016,529,26,37,37.22,65.6
1960,2024-06-25,Line-C,Morning,M-303,OP-014,554,25,40,41.42,63.3
1961,2024-06-25,Line-C,Afternoon,M-303,OP-004,536,27,69,36.92,71.3
1962,2024-06-25,Line-C,Night,M-303,OP-009,401,19,49,31.64,67.2
1963,2024-06-25,Line-D,Morning,M-401,OP-003,446,5,17,35.6,67.5
1964,2024-06-25,Line-D,Afternoon,M-402,OP-015,492,9,12,24.55,72.4
1965,2024-06-26,Line-A,Morning,M-101,OP-002,497,11,0,27.7,67.3
1966,2024-06-26,Line-A,Afternoon,M-102,OP-005,387,0,2,32.61,65.4
1967,2024-06-26,Line-A,Night,M-102,OP-019,418,4,5,28.23,76.7
1968,2024-06-26,Line-B,Afternoon,M-202,OP-016,543,15,29,25.01,63.1
1969,2024-06-26,Line-B,Night,M-201,OP-018,413,24,26,35.74,66.3
1970,2024-06-26,Line-C,Morning,M-302,OP-016,465,10,15,25.86,70.7
1971,2024-06-26,Line-C,Afternoon,M-303,OP-012,441,19,45,38.79,65.7
1972,2024-06-26,Line-C,Night,M-302,OP-013,515,5,6,32.78,76.2
1973,2024-06-26,Line-D,Afternoon,M-401,OP-012,516,12,19,24.63,68.5
1974,2024-06-26,Line-D,Night,M-402,OP-003,478,10,13,31.9,66.8
1975,2024-06-27,Line-A,Morning,M-102,OP-007,483,3,7,36.95,69.3
1976,2024-06-27,Line-A,Afternoon,M-101,OP-013,478,18,0,24.45,74.9
1977,2024-06-27,Line-A,Night,M-102,OP-013,482,8,0,32.24,70.2
1978,2024-06-27,Line-B,Morning,M-202,OP-016,414,7,6,31.28,63.5
1979,2024-06-27,Line-B,Afternoon,M-202,OP-007,555,15,6,28.92,67.5
1980,2024-06-27,Line-B,Night,M-201,OP-001,433,18,30,50.06,71.8
1981,2024-06-27,Line-C,Morning,M-303,OP-008,536,26,18,41.79,71.9
1982,2024-06-27,Line-C,Afternoon,M-301,OP-018,404,10,46,35.31,73.7
1983,2024-06-27,Line-C,Night,M-302,OP-018,493,14,1,33.98,70.6
1984,2024-06-27,Line-D,Morning,M-402,OP-001,497,15,3,29.06,68.4
1985,2024-06-28,Line-A,Morning,M-101,OP-013,418,8,0,35.23,68.2
1986,2024-06-28,Line-A,Afternoon,M-102,OP-018,448,4,8,33.44,70.2
1987,2024-06-28,Line-A,Night,M-101,OP-003,437,4,21,26.39,68.2
1988,2024-06-28,Line-B,Afternoon,M-201,OP-016,487,23,47,35.69,60.4
1989,2024-06-28,Line-B,Night,M-201,OP-008,445,28,65,51.16,67.2
1990,2024-06-28,Line-C,Morning,M-301,OP-001,373,0,2,29.01,73.2
1991,2024-06-28,Line-C,Afternoon,M-301,OP-010,532,11,0,25.2,69.0
1992,2024-06-28,Line-C,Night,M-301,OP-015,521,11,0,33.25,69.7
1993,2024-06-28,Line-D,Morning,M-401,OP-004,415,4,22,28.83,74.4
1994,2024-06-28,Line-D,Afternoon,M-401,OP-003,510,7,11,30.32,65.1
1995,2024-06-28,Line-D,Night,M-402,OP-011,425,11,24,33.02,74.1
1996,2024-06-29,Line-A,Morning,M-102,OP-011,447,16,0,24.94,61.0
1997,2024-06-29,Line-A,Afternoon,M-101,OP-011,453,6,19,31.22,63.2
1998,2024-06-29,Line-A,Night,M-101,OP-002,456,7,0,25.1,64.9
1999,2024-06-29,Line-B,Morning,M-202,OP-003,566,11,21,22.51,72.8
2000,2024-06-29,Line-B,Afternoon,M-201,OP-014,558,14,24,44.48,70.6
2001,2024-06-29,Line-B,Night,M-202,OP-018,439,7,3,30.55,72.8
2002,2024-06-29,Line-C,Morning,M-301,OP-019,433,12,0,25.76,71.3
2003,2024-06-29,Line-C,Night,M-303,OP-020,535,29,15,39.67,71.3
2004,2024-06-29,Line-D,Morning,M-401,OP-001,482,4,18,26.43,75.2
2005,2024-06-29,Line-D,Afternoon,M-401,OP-001,572,14,32,30.32,71.1
2006,2024-06-30,Line-A,Morning,M-102,OP-014,568,12,8,21.48,67.7
2007,2024-06-30,Line-A,Afternoon,M-102,OP-005,529,15,19,27.29,60.1
2008,2024-06-30,Line-A,Night,M-102,OP-017,450,7,7,33.09,75.9
2009,2024-06-30,Line-B,Morning,M-201,OP-006,487,21,31,42.62,64.7
2010,2024-06-30,Line-B,Afternoon,M-201,OP-020,487,24,38,44.29,69.7
2011,2024-06-30,Line-B,Night,M-202,OP-020,373,9,1,24.52,63.6
2012,2024-06-30,Line-C,Morning,M-303,OP-010,506,22,9,44.39,62.2
2013,2024-06-30,Line-C,Afternoon,M-301,OP-018,488,10,25,38.91,62.5
2014,2024-06-30,Line-C,Night,M-301,OP-017,476,7,18,31.08,66.6
2015,2024-06-30,Line-D,Morning,M-402,OP-018,453,3,26,32.3,71.7
2016,2024-06-30,Line-D,Afternoon,M-402,OP-007,461,5,0,31.79,63.8
2017,2024-06-30,Line-D,Night,M-401,OP-004,590,3,16,37.83,70.4
2018,2024-07-01,Line-A,Morning,M-102,OP-016,490,4,0,33.85,74.0
2019,2024-07-01,Line-A,Afternoon,M-101,OP-002,453,3,0,25.1,67.5
2020,2024-07-01,Line-A,Night,M-102,OP-007,575,14,16,28.0,65.7
2021,2024-07-01,Line-B,Morning,M-202,OP-020,564,11,0,26.63,64.6
2022,2024-07-01,Line-B,Afternoon,M-202,OP-002,447,11,10,29.62,73.3
2023,2024-07-01,Line-B,Night,M-201,OP-018,438,28,24,42.45,66.9
2024,2024-07-01,Line-C,Morning,M-301,OP-016,487,11,18,26.23,63.5
2025,2024-07-01,Line-C,Afternoon,M-301,OP-008,630,8,22,21.96,66.9
2026,2024-07-01,Line-C,Night,M-303,OP-019,472,23,0,42.83,63.4
2027,2024-07-01,Line-D,Morning,M-401,OP-011,499,4,0,28.63,63.8
2028,2024-07-01,Line-D,Afternoon,M-401,OP-011,451,3,0,35.09,62.8
2029,2024-07-01,Line-D,Night,M-401,OP-014,469,12,2,25.87,68.9
2030,2024-07-02,Line-A,Morning,M-102,OP-008,547,3,9,21.34,66.4
2031,2024-07-02,Line-A,Night,M-101,OP-014,482,5,5,22.96,68.3
2032,2024-07-02,Line-B,Morning,M-202,OP-006,543,4,2,32.51,72.8
2033,2024-07-02,Line-B,Afternoon,M-201,OP-015,390,17,39,41.49,58.1
2034,2024-07-02,Line-B,Night,M-202,OP-009,510,17,13,24.84,65.9
2035,2024-07-02,Line-C,Morning,M-301,OP-002,586,16,21,31.78,65.4
2036,2024-07-02,Line-C,Afternoon,M-301,OP-009,467,8,20,37.54,72.5
2037,2024-07-02,Line-C,Night,M-302,OP-015,394,8,23,33.09,65.5
2038,2024-07-02,Line-D,Morning,M-402,OP-008,654,3,0,31.17,76.5
2039,2024-07-02,Line-D,Afternoon,M-401,OP-020,429,7,28,29.91,66.7
2040,2024-07-02,Line-D,Night,M-401,OP-003,513,11,27,36.46,69.2
2041,2024-07-03,Line-A,Morning,M-102,OP-007,497,10,19,30.28,68.0
2042,2024-07-03,Line-A,Afternoon,M-102,OP-009,551,18,0,30.05,65.2
2043,2024-07-03,Line-B,Morning,M-201,OP-008,461,23,45,41.44,60.3
2044,2024-07-03,Line-B,Afternoon,M-201,OP-019,422,23,0,47.94,70.1
2045,2024-07-03,Line-B,Night,M-201,OP-014,558,24,4,44.15,73.1
2046,2024-07-03,Line-C,Morning,M-301,OP-016,535,6,13,27.34,64.7
2047,2024-07-03,Line-C,Afternoon,M-303,OP-002,537,18,21,36.48,62.0
2048,2024-07-03,Line-C,Night,M-302,OP-016,488,14,9,22.47,71.4
2049,2024-07-03,Line-D,Morning,M-401,OP-015,581,7,4,32.58,74.5
2050,2024-07-03,Line-D,Afternoon,M-401,OP-018,448,2,21,34.0,68.0
2051,2024-07-03,Line-D,Night,M-402,OP-007,446,12,19,26.16,68.2
2052,2024-07-04,Line-A,Morning,M-102,OP-008,398,10,8,27.82,67.9
2053,2024-07-04,Line-A,Afternoon,M-101,OP-001,482,13,20,29.22,71.1
2054,2024-07-04,Line-A,Night,M-102,OP-006,504,7,10,29.26,70.0
2055,2024-07-04,Line-B,Morning,M-201,OP-015,457,19,64,46.7,65.0
2056,2024-07-04,Line-B,Afternoon,M-201,OP-013,514,24,40,42.69,72.8
2057,2024-07-04,Line-B,Night,M-202,OP-015,500,9,27,31.17,68.5
2058,2024-07-04,Line-C,Morning,M-301,OP-003,498,8,12,27.07,65.0
2059,2024-07-04,Line-C,Afternoon,M-303,OP-011,420,13,21,41.13,68.4
2060,2024-07-04,Line-C,Night,M-302,OP-014,463,0,35,35.43,69.8
2061,2024-07-04,Line-D,Morning,M-401,OP-003,594,5,40,25.17,69.0
2062,2024-07-04,Line-D,Afternoon,M-402,OP-002,403,7,17,29.23,70.9
2063,2024-07-04,Line-D,Night,M-402,OP-002,485,6,3,34.05,65.4
2064,2024-07-05,Line-A,Morning,M-102,OP-015,534,16,0,35.66,76.2
2065,2024-07-05,Line-A,Afternoon,M-102,OP-012,495,12,27,28.62,68.7
2066,2024-07-05,Line-A,Night,M-101,OP-018,401,8,19,32.58,72.3
2067,2024-07-05,Line-B,Morning,M-201,OP-005,433,17,63,41.25,68.8
2068,2024-07-05,Line-B,Afternoon,M-201,OP-018,475,17,59,39.36,63.5
2069,2024-07-05,Line-B,Night,M-202,OP-019,452,0,2,25.16,70.5
2070,2024-07-05,Line-C,Morning,M-303,OP-007,439,24,55,45.91,67.1
2071,2024-07-05,Line-C,Afternoon,M-301,OP-011,488,1,9,25.7,70.8
2072,2024-07-05,Line-C,Night,M-302,OP-017,634,15,0,28.19,68.5
2073,2024-07-05,Line-D,Morning,M-402,OP-002,485,5,15,23.79,64.2
2074,2024-07-05,Line-D,Night,M-402,OP-017,518,4,20,23.15,75.1
2075,2024-07-06,Line-A,Morning,M-101,OP-016,433,7,16,27.17,68.6
2076,2024-07-06,Line-A,Afternoon,M-102,OP-015,514,14,23,29.14,67.4
2077,2024-07-06,Line-A,Night,M-101,OP-007,620,17,0,30.5,66.7
2078,2024-07-06,Line-B,Morning,M-202,OP-003,471,3,5,39.06,70.3
2079,2024-07-06,Line-B,Afternoon,M-201,OP-010,330,19,51,40.2,70.9
2080,2024-07-06,Line-B,Night,M-201,OP-004,428,17,57,40.64,60.5
2081,2024-07-06,Line-C,Morning,M-301,OP-005,476,8,29,30.07,66.3
2082,2024-07-06,Line-C,Afternoon,M-301,OP-017,542,10,0,35.77,68.8
2083,2024-07-06,Line-C,Night,M-301,OP-010,480,9,0,27.36,68.0
2084,2024-07-06,Line-D,Morning,M-401,OP-016,468,14,15,34.27,68.0
2085,2024-07-06,Line-D,Afternoon,M-402,OP-001,543,12,12,29.93,64.2
2086,2024-07-06,Line-D,Night,M-401,OP-001,510,9,4,35.53,63.0
2087,2024-07-07,Line-A,Morning,M-101,OP-017,454,13,16,29.76,69.0
2088,2024-07-07,Line-A,Afternoon,M-102,OP-019,490,1,6,38.08,65.4
2089,2024-07-07,Line-A,Night,M-102,OP-016,460,6,10,27.08,69.9
2090,2024-07-07,Line-B,Morning,M-202,OP-015,491,13,0,28.3,67.1
2091,2024-07-07,Line-B,Afternoon,M-201,OP-010,507,19,48,47.93,64.0
2092,2024-07-07,Line-B,Night,M-202,OP-008,450,6,51,27.85,74.7
2093,2024-07-07,Line-C,Morning,M-302,OP-002,404,3,1,25.77,66.9
2094,2024-07-07,Line-C,Afternoon,M-302,OP-015,437,4,29,36.12,71.8
2095,2024-07-07,Line-C,Night,M-303,OP-006,511,23,27,37.23,69.5
2096,2024-07-07,Line-D,Morning,M-402,OP-006,409,3,29,39.5,69.6
2097,2024-07-07,Line-D,Afternoon,M-401,OP-006,546,8,0,33.06,70.3
2098,2024-07-07,Line-D,Night,M-401,OP-011,484,8,26,25.07,64.9
2099,2024-07-08,Line-A,Morning,M-102,OP-009,419,8,0,26.58,65.2
2100,2024-07-08,Line-A,Afternoon,M-101,OP-018,464,1,13,36.24,68.5
2101,2024-07-08,Line-A,Night,M-102,OP-012,572,18,23,30.37,68.1
2102,2024-07-08,Line-B,Morning,M-202,OP-018,525,7,0,32.46,63.5
2103,2024-07-08,Line-B,Afternoon,M-202,OP-004,422,8,10,22.94,68.7
2104,2024-07-08,Line-B,Night,M-202,OP-016,537,4,31,22.2,76.5
2105,2024-07-08,Line-C,Morning,M-302,OP-011,455,9,0,29.69,68.9
2106,2024-07-08,Line-C,Afternoon,M-303,OP-018,474,19,20,47.65,68.1
2107,2024-07-08,Line-C,Night,M-302,OP-010,572,7,5,34.08,61.5
2108,2024-07-08,Line-D,Morning,M-402,OP-019,407,12,0,20.9,75.5
2109,2024-07-08,Line-D,Afternoon,M-402,OP-011,396,8,13,15.95,66.9
2110,2024-07-08,Line-D,Night,M-402,OP-002,506,11,25,28.06,70.9
2111,2024-07-09,Line-A,Morning,M-101,OP-010,438,2,0,22.69,72.0
2112,2024-07-09,Line-A,Night,M-101,OP-015,389,8,8,29.49,73.5
2113,2024-07-09,Line-B,Morning,M-202,OP-002,453,11,12,29.24,77.2
2114,2024-07-09,Line-B,Afternoon,M-201,OP-019,393,23,44,39.6,74.5
2115,2024-07-09,Line-B,Night,M-202,OP-007,369,5,0,32.06,63.5
2116,2024-07-09,Line-C,Afternoon,M-302,OP-003,505,8,4,31.94,66.9
2117,2024-07-09,Line-C,Night,M-302,OP-007,414,19,4,18.91,64.6
2118,2024-07-09,Line-D,Morning,M-401,OP-012,403,11,16,31.99,66.5
2119,2024-07-09,Line-D,Afternoon,M-402,OP-012,463,7,10,34.18,69.3
2120,2024-07-09,Line-D,Night,M-401,OP-010,510,12,25,31.44,69.4
2121,2024-07-10,Line-A,Morning,M-102,OP-015,551,6,0,24.07,68.7
2122,2024-07-10,Line-A,Afternoon,M-101,OP-007,368,8,10,35.67,65.3
2123,2024-07-10,Line-A,Night,M-102,OP-014,467,14,32,26.6,68.7
2124,2024-07-10,Line-B,Morning,M-202,OP-006,497,11,8,36.41,60.4
2125,2024-07-10,Line-B,Afternoon,M-202,OP-014,454,10,18,36.76,72.8
2126,2024-07-10,Line-B,Night,M-201,OP-005,462,27,24,46.65,75.2
2127,2024-07-10,Line-C,Morning,M-302,OP-017,552,11,7,22.36,69.2
2128,2024-07-10,Line-C,Afternoon,M-301,OP-019,413,4,0,27.7,67.9
2129,2024-07-10,Line-C,Night,M-301,OP-001,496,6,28,28.96,64.8
2130,2024-07-10,Line-D,Morning,M-402,OP-014,493,19,17,28.19,61.9
2131,2024-07-10,Line-D,Afternoon,M-402,OP-019,466,9,6,21.67,64.6
2132,2024-07-10,Line-D,Night,M-401,OP-007,567,18,0,33.36,63.3
2133,2024-07-11,Line-A,Morning,M-102,OP-010,564,12,26,21.42,70.7
2134,2024-07-11,Line-A,Afternoon,M-101,OP-010,479,13,25,30.33,65.6
2135,2024-07-11,Line-A,Night,M-102,OP-016,526,9,0,25.4,62.1
2136,2024-07-11,Line-B,Morning,M-202,OP-008,449,13,14,27.35,71.2
2137,2024-07-11,Line-C,Morning,M-303,OP-016,430,20,32,45.9,61.7
2138,2024-07-11,Line-C,Afternoon,M-303,OP-010,428,12,31,48.06,66.0
2139,2024-07-11,Line-C,Night,M-302,OP-008,449,12,28,29.56,70.7
2140,2024-07-11,Line-D,Afternoon,M-402,OP-003,415,13,44,32.61,59.7
2141,2024-07-11,Line-D,Night,M-402,OP-019,446,11,5,36.36,70.4
2142,2024-07-12,Line-A,Morning,M-102,OP-009,437,8,0,29.09,65.8
2143,2024-07-12,Line-A,Afternoon,M-102,OP-004,550,22,0,20.38,67.0
2144,2024-07-12,Line-A,Night,M-101,OP-009,388,7,23,37.47,68.8
2145,2024-07-12,Line-B,Morning,M-201,OP-005,468,12,35,42.36,70.6
2146,2024-07-12,Line-B,Afternoon,M-201,OP-012,437,18,12,30.54,63.6
2147,2024-07-12,Line-B,Night,M-202,OP-012,385,8,4,27.31,64.1
2148,2024-07-12,Line-C,Morning,M-302,OP-002,286,9,0,27.94,62.2
2149,2024-07-12,Line-C,Afternoon,M-303,OP-003,538,25,22,40.04,74.7
2150,2024-07-12,Line-C,Night,M-303,OP-006,475,21,20,32.53,67.4
2151,2024-07-12,Line-D,Morning,M-401,OP-018,499,14,0,24.37,65.7
2152,2024-07-12,Line-D,Afternoon,M-402,OP-010,479,8,10,32.04,64.4
2153,2024-07-12,Line-D,Night,M-402,OP-004,536,12,7,38.0,74.2
2154,2024-07-13,Line-A,Morning,M-102,OP-005,535,0,35,33.97,76.0
2155,2024-07-13,Line-A,Night,M-102,OP-016,554,19,25,36.74,76.0
2156,2024-07-13,Line-B,Morning,M-201,OP-004,492,14,30,43.95,68.3
2157,2024-07-13,Line-B,Afternoon,M-201,OP-007,405,12,23,46.04,74.3
2158,2024-07-13,Line-B,Night,M-201,OP-014,534,30,33,33.29,66.2
2159,2024-07-13,Line-C,Morning,M-301,OP-004,464,6,12,32.21,71.4
2160,2024-07-13,Line-C,Afternoon,M-301,OP-016,463,0,4,30.22,72.9
2161,2024-07-13,Line-C,Night,M-303,OP-012,445,22,39,42.22,71.7
2162,2024-07-13,Line-D,Morning,M-402,OP-020,440,5,11,26.8,70.0
2163,2024-07-13,Line-D,Afternoon,M-402,OP-006,437,9,10,31.07,66.2
2164,2024-07-13,Line-D,Night,M-401,OP-004,459,9,15,29.98,74.8
2165,2024-07-14,Line-A,Morning,M-101,OP-008,420,7,0,31.86,63.5
2166,2024-07-14,Line-A,Afternoon,M-101,OP-005,463,7,16,27.24,65.6
2167,2024-07-14,Line-A,Night,M-102,OP-004,566,12,3,28.75,74.6
2168,2024-07-14,Line-B,Afternoon,M-202,OP-002,465,5,1,27.25,65.6
2169,2024-07-14,Line-B,Night,M-201,OP-017,403,14,22,44.96,66.5
2170,2024-07-14,Line-C,Morning,M-302,OP-004,467,14,31,28.59,65.5
2171,2024-07-14,Line-C,Afternoon,M-301,OP-003,428,11,8,28.07,64.7
2172,2024-07-14,Line-C,Night,M-301,OP-004,433,9,0,34.97,65.9
2173,2024-07-14,Line-D,Morning,M-401,OP-019,471,2,11,28.36,67.8
2174,2024-07-14,Line-D,Afternoon,M-401,OP-012,568,11,0,26.44,70.4
2175,2024-07-15,Line-A,Morning,M-102,OP-019,557,12,22,33.05,73.7
2176,2024-07-15,Line-A,Afternoon,M-101,OP-017,363,9,26,23.31,64.5
2177,2024-07-15,Line-A,Night,M-101,OP-017,428,5,4,31.21,71.5
2178,2024-07-15,Line-B,Morning,M-201,OP-019,544,20,22,48.58,70.6
2179,2024-07-15,Line-B,Afternoon,M-201,OP-007,484,24,34,44.62,66.7
2180,2024-07-15,Line-B,Night,M-201,OP-018,496,15,24,38.61,66.5
2181,2024-07-15,Line-C,Afternoon,M-301,OP-017,424,5,0,32.74,67.7
2182,2024-07-15,Line-C,Night,M-302,OP-012,377,4,17,27.28,65.2
2183,2024-07-15,Line-D,Morning,M-401,OP-015,475,10,0,32.75,64.8
2184,2024-07-15,Line-D,Afternoon,M-401,OP-006,478,8,4,24.88,66.9
2185,2024-07-15,Line-D,Night,M-402,OP-014,577,3,37,28.7,68.1
2186,2024-07-16,Line-A,Morning,M-101,OP-014,414,4,4,24.77,67.2
2187,2024-07-16,Line-A,Afternoon,M-102,OP-004,455,17,0,30.51,69.0
2188,2024-07-16,Line-A,Night,M-101,OP-016,415,10,6,17.54,70.6
2189,2024-07-16,Line-B,Morning,M-202,OP-018,412,3,22,28.26,71.7
2190,2024-07-16,Line-B,Afternoon,M-201,OP-011,552,21,46,38.22,76.9
2191,2024-07-16,Line-B,Night,M-202,OP-010,438,12,24,31.58,65.3
2192,2024-07-16,Line-C,Morning,M-303,OP-010,470,11,38,43.75,68.5
2193,2024-07-16,Line-C,Afternoon,M-302,OP-008,301,2,0,31.46,69.2
2194,2024-07-16,Line-C,Night,M-302,OP-014,469,11,0,33.05,69.9
2195,2024-07-16,Line-D,Morning,M-401,OP-016,502,8,39,32.47,64.1
2196,2024-07-16,Line-D,Afternoon,M-402,OP-006,494,13,3,35.45,69.5
2197,2024-07-17,Line-A,Morning,M-101,OP-013,339,7,5,32.69,71.8
2198,2024-07-17,Line-A,Afternoon,M-101,OP-004,491,17,9,33.12,71.2
2199,2024-07-17,Line-A,Night,M-102,OP-019,474,12,3,27.89,62.8
2200,2024-07-17,Line-B,Morning,M-201,OP-003,494,24,52,45.96,66.9
2201,2024-07-17,Line-B,Afternoon,M-201,OP-011,409,20,51,45.78,72.3
2202,2024-07-17,Line-B,Night,M-202,OP-004,467,6,0,29.72,67.7
2203,2024-07-17,Line-C,Morning,M-302,OP-016,492,8,9,26.12,71.8
2204,2024-07-17,Line-C,Afternoon,M-303,OP-019,484,21,23,35.34,73.2
2205,2024-07-17,Line-C,Night,M-303,OP-013,513,15,46,46.61,68.5
2206,2024-07-17,Line-D,Morning,M-402,OP-016,575,12,0,31.83,69.0
2207,2024-07-17,Line-D,Afternoon,M-401,OP-015,443,11,0,34.95,64.5
2208,2024-07-17,Line-D,Night,M-402,OP-016,420,7,18,30.82,65.0
2209,2024-07-18,Line-A,Morning,M-101,OP-001,449,3,8,35.38,68.0
2210,2024-07-18,Line-A,Afternoon,M-101,OP-003,531,17,3,29.07,76.7
2211,2024-07-18,Line-A,Night,M-101,OP-006,566,1,17,30.0,71.3
2212,2024-07-18,Line-B,Morning,M-202,OP-005,435,4,1,27.14,71.3
2213,2024-07-18,Line-B,Afternoon,M-201,OP-003,409,16,8,47.04,73.1
2214,2024-07-18,Line-B,Night,M-202,OP-015,460,7,18,37.37,69.6
2215,2024-07-18,Line-C,Morning,M-303,OP-016,438,13,18,42.37,65.4
2216,2024-07-18,Line-C,Afternoon,M-302,OP-018,491,6,0,24.11,74.2
2217,2024-07-18,Line-C,Night,M-303,OP-018,533,33,43,39.85,73.3
2218,2024-07-18,Line-D,Afternoon,M-402,OP-004,478,10,11,15.27,74.4
2219,2024-07-18,Line-D,Night,M-402,OP-013,509,11,11,30.82,65.6
2220,2024-07-19,Line-A,Morning,M-101,OP-002,516,3,14,32.81,67.2
2221,2024-07-19,Line-A,Afternoon,M-102,OP-006,502,4,0,31.18,70.7
2222,2024-07-19,Line-A,Night,M-101,OP-010,367,9,3,29.04,62.6
2223,2024-07-19,Line-B,Morning,M-202,OP-004,428,12,12,28.09,67.5
2224,2024-07-19,Line-B,Afternoon,M-202,OP-018,509,11,10,35.46,71.9
2225,2024-07-19,Line-B,Night,M-202,OP-016,504,9,21,31.57,72.2
2226,2024-07-19,Line-C,Morning,M-301,OP-017,533,4,0,26.49,71.9
2227,2024-07-19,Line-C,Night,M-303,OP-013,385,19,40,47.81,68.7
2228,2024-07-19,Line-D,Morning,M-402,OP-010,399,3,0,27.31,67.3
2229,2024-07-19,Line-D,Afternoon,M-401,OP-019,410,13,0,36.73,72.7
2230,2024-07-20,Line-A,Morning,M-102,OP-019,533,6,17,23.61,71.6
2231,2024-07-20,Line-A,Night,M-102,OP-013,475,7,0,17.61,63.8
2232,2024-07-20,Line-B,Morning,M-202,OP-012,546,8,9,33.28,75.2
2233,2024-07-20,Line-B,Afternoon,M-201,OP-008,559,20,5,53.8,77.1
2234,2024-07-20,Line-B,Night,M-202,OP-019,491,3,26,29.46,67.5
2235,2024-07-20,Line-C,Morning,M-303,OP-003,533,26,17,40.38,70.6
2236,2024-07-20,Line-C,Afternoon,M-301,OP-011,510,11,26,28.19,68.7
2237,2024-07-20,Line-C,Night,M-303,OP-011,277,11,46,40.05,66.1
2238,2024-07-20,Line-D,Afternoon,M-402,OP-019,417,12,20,34.13,61.1
2239,2024-07-20,Line-D,Night,M-402,OP-009,470,7,7,26.92,66.6
2240,2024-07-21,Line-A,Afternoon,M-101,OP-011,530,0,38,32.42,67.8
2241,2024-07-21,Line-A,Night,M-102,OP-011,534,2,2,29.39,73.5
2242,2024-07-21,Line-B,Morning,M-202,OP-004,477,11,3,32.43,74.7
2243,2024-07-21,Line-B,Afternoon,M-201,OP-011,539,24,45,44.89,70.0
2244,2024-07-21,Line-B,Night,M-202,OP-006,546,16,10,33.21,66.5
2245,2024-07-21,Line-C,Morning,M-302,OP-014,424,6,10,21.69,71.4
2246,2024-07-21,Line-C,Afternoon,M-303,OP-003,313,23,57,40.69,68.0
2247,2024-07-21,Line-C,Night,M-303,OP-007,498,19,37,41.28,67.6
2248,2024-07-21,Line-D,Morning,M-401,OP-010,490,2,12,30.82,68.5
2249,2024-07-21,Line-D,Afternoon,M-402,OP-008,467,14,6,31.14,73.2
2250,2024-07-21,Line-D,Night,M-401,OP-019,475,10,10,36.19,67.0
2251,2024-07-22,Line-A,Morning,M-102,OP-009,557,9,0,33.4,66.8
2252,2024-07-22,Line-A,Night,M-102,OP-014,517,0,12,27.7,63.7
2253,2024-07-22,Line-B,Morning,M-201,OP-010,446,18,34,35.16,69.3
2254,2024-07-22,Line-B,Afternoon,M-202,OP-014,561,12,24,35.47,72.9
2255,2024-07-22,Line-B,Night,M-202,OP-007,592,8,1,33.92,70.8
2256,2024-07-22,Line-C,Morning,M-302,OP-020,526,19,12,32.13,64.1
2257,2024-07-22,Line-C,Afternoon,M-303,OP-018,608,25,30,40.27,65.4
2258,2024-07-22,Line-C,Night,M-301,OP-017,436,6,0,26.07,75.8
2259,2024-07-22,Line-D,Morning,M-402,OP-007,524,14,29,39.17,60.9
2260,2024-07-22,Line-D,Afternoon,M-402,OP-009,406,4,4,28.5,66.2
2261,2024-07-22,Line-D,Night,M-402,OP-019,493,9,1,19.12,64.0
2262,2024-07-23,Line-A,Morning,M-101,OP-017,447,7,0,27.55,63.5
2263,2024-07-23,Line-A,Afternoon,M-102,OP-005,472,3,0,23.46,67.4
2264,2024-07-23,Line-A,Night,M-102,OP-014,428,12,18,29.65,64.8
2265,2024-07-23,Line-B,Morning,M-201,OP-007,502,26,37,50.02,69.8
2266,2024-07-23,Line-B,Afternoon,M-202,OP-010,534,10,22,26.02,66.2
2267,2024-07-23,Line-B,Night,M-202,OP-020,500,11,19,35.5,62.3
2268,2024-07-23,Line-C,Morning,M-301,OP-004,421,9,1,46.89,70.1
2269,2024-07-23,Line-C,Afternoon,M-301,OP-008,475,6,4,30.15,68.4
2270,2024-07-23,Line-C,Night,M-302,OP-015,452,7,32,36.92,69.0
2271,2024-07-23,Line-D,Morning,M-402,OP-014,399,9,35,36.85,70.9
2272,2024-07-23,Line-D,Afternoon,M-401,OP-007,565,10,21,26.6,69.2
2273,2024-07-23,Line-D,Night,M-401,OP-001,559,7,0,30.49,67.1
2274,2024-07-24,Line-A,Morning,M-102,OP-018,518,7,37,23.55,73.0
2275,2024-07-24,Line-A,Afternoon,M-101,OP-016,434,0,15,28.73,63.6
2276,2024-07-24,Line-A,Night,M-101,OP-003,379,7,26,32.92,68.2
2277,2024-07-24,Line-B,Morning,M-202,OP-003,508,9,0,22.9,67.2
2278,2024-07-24,Line-B,Afternoon,M-202,OP-012,470,12,23,33.03,66.9
2279,2024-07-24,Line-B,Night,M-201,OP-013,397,20,42,30.06,64.7
2280,2024-07-24,Line-C,Morning,M-303,OP-005,438,20,22,41.81,67.2
2281,2024-07-24,Line-C,Afternoon,M-303,OP-017,470,18,25,36.6,69.5
2282,2024-07-24,Line-C,Night,M-303,OP-019,514,19,57,40.43,74.1
2283,2024-07-24,Line-D,Morning,M-402,OP-016,441,0,18,31.24,68.1
2284,2024-07-24,Line-D,Afternoon,M-401,OP-020,441,8,4,28.49,71.4
2285,2024-07-24,Line-D,Night,M-402,OP-011,491,12,8,28.29,63.4
2286,2024-07-25,Line-A,Morning,M-102,OP-008,457,0,3,29.59,70.3
2287,2024-07-25,Line-A,Afternoon,M-101,OP-005,463,10,0,29.72,61.3
2288,2024-07-25,Line-A,Night,M-101,OP-009,407,7,31,31.86,68.1
2289,2024-07-25,Line-B,Morning,M-202,OP-019,478,5,3,32.14,62.5
2290,2024-07-25,Line-B,Night,M-201,OP-011,515,21,47,46.81,61.3
2291,2024-07-25,Line-C,Morning,M-302,OP-008,445,4,0,24.84,77.8
2292,2024-07-25,Line-C,Afternoon,M-301,OP-012,516,19,24,26.29,66.5
2293,2024-07-25,Line-C,Night,M-302,OP-010,515,12,3,22.45,81.2
2294,2024-07-25,Line-D,Afternoon,M-401,OP-002,471,7,13,28.79,68.5
2295,2024-07-25,Line-D,Night,M-401,OP-009,557,9,0,29.19,66.1
2296,2024-07-26,Line-A,Morning,M-102,OP-012,565,17,13,23.61,63.1
2297,2024-07-26,Line-A,Afternoon,M-101,OP-018,480,10,6,27.6,65.6
2298,2024-07-26,Line-A,Night,M-102,OP-013,478,0,0,26.86,72.8
2299,2024-07-26,Line-B,Afternoon,M-202,OP-010,431,9,15,36.49,73.1
2300,2024-07-26,Line-B,Night,M-201,OP-010,476,19,25,40.79,66.3
2301,2024-07-26,Line-C,Morning,M-301,OP-015,513,11,20,36.3,75.5
2302,2024-07-26,Line-C,Afternoon,M-303,OP-014,487,27,29,47.93,72.2
2303,2024-07-26,Line-C,Night,M-302,OP-003,540,10,1,23.03,67.8
2304,2024-07-26,Line-D,Morning,M-402,OP-016,571,9,23,34.22,66.9
2305,2024-07-26,Line-D,Afternoon,M-402,OP-014,558,0,0,25.42,64.7
2306,2024-07-26,Line-D,Night,M-401,OP-006,500,10,17,32.98,64.2
2307,2024-07-27,Line-A,Morning,M-101,OP-012,406,9,2,22.15,71.9
2308,2024-07-27,Line-A,Afternoon,M-102,OP-015,563,19,14,33.13,73.5
2309,2024-07-27,Line-A,Night,M-101,OP-006,441,13,16,34.57,68.7
2310,2024-07-27,Line-B,Morning,M-201,OP-001,557,26,12,49.26,64.2
2311,2024-07-27,Line-B,Afternoon,M-202,OP-011,555,9,29,35.67,69.7
2312,2024-07-27,Line-B,Night,M-201,OP-006,510,25,4,42.59,63.5
2313,2024-07-27,Line-C,Morning,M-303,OP-005,490,16,17,50.02,72.3
2314,2024-07-27,Line-C,Afternoon,M-303,OP-014,479,22,31,44.85,65.3
2315,2024-07-27,Line-C,Night,M-302,OP-015,539,8,5,30.11,65.6
2316,2024-07-27,Line-D,Morning,M-401,OP-009,499,6,19,36.08,65.1
2317,2024-07-27,Line-D,Afternoon,M-402,OP-010,472,11,5,32.32,70.2
2318,2024-07-27,Line-D,Night,M-402,OP-012,544,6,0,28.46,64.1
2319,2024-07-28,Line-A,Morning,M-102,OP-019,513,3,46,36.48,68.1
2320,2024-07-28,Line-A,Afternoon,M-101,OP-018,532,1,49,27.05,67.5
2321,2024-07-28,Line-A,Night,M-101,OP-003,368,8,0,30.51,65.8
2322,2024-07-28,Line-B,Morning,M-201,OP-009,415,15,38,35.59,65.0
2323,2024-07-28,Line-B,Afternoon,M-201,OP-002,519,37,42,37.41,66.5
2324,2024-07-28,Line-B,Night,M-202,OP-020,481,7,25,31.09,71.6
2325,2024-07-28,Line-C,Morning,M-301,OP-012,461,14,9,25.14,76.7
2326,2024-07-28,Line-C,Afternoon,M-303,OP-004,370,14,25,54.54,75.2
2327,2024-07-28,Line-D,Morning,M-402,OP-016,569,8,48,31.84,71.9
2328,2024-07-28,Line-D,Afternoon,M-401,OP-007,490,9,8,28.95,70.4
2329,2024-07-28,Line-D,Night,M-402,OP-010,502,9,34,15.17,70.0
2330,2024-07-29,Line-A,Morning,M-102,OP-005,523,15,11,31.04,71.9
2331,2024-07-29,Line-A,Afternoon,M-101,OP-020,569,9,16,38.39,59.5
2332,2024-07-29,Line-A,Night,M-102,OP-007,438,14,28,32.61,66.2
2333,2024-07-29,Line-B,Morning,M-202,OP-005,427,5,35,26.86,68.4
2334,2024-07-29,Line-B,Night,M-201,OP-020,434,23,26,41.51,61.3
2335,2024-07-29,Line-C,Morning,M-301,OP-012,383,7,0,40.53,59.8
2336,2024-07-29,Line-C,Afternoon,M-303,OP-015,431,19,29,36.48,64.2
2337,2024-07-29,Line-C,Night,M-302,OP-005,420,6,41,30.39,72.7
2338,2024-07-29,Line-D,Morning,M-402,OP-007,510,15,0,28.48,73.2
2339,2024-07-29,Line-D,Afternoon,M-402,OP-020,445,16,34,27.65,66.0
2340,2024-07-29,Line-D,Night,M-401,OP-018,419,5,0,32.14,62.2
2341,2024-07-30,Line-A,Afternoon,M-101,OP-016,516,13,0,37.75,70.1
2342,2024-07-30,Line-A,Night,M-101,OP-001,524,5,21,35.63,67.6
2343,2024-07-30,Line-B,Morning,M-202,OP-010,600,11,29,31.47,70.3
2344,2024-07-30,Line-B,Afternoon,M-202,OP-005,379,8,0,25.77,75.0
2345,2024-07-30,Line-B,Night,M-201,OP-019,467,16,29,35.5,73.7
2346,2024-07-30,Line-C,Morning,M-301,OP-017,438,10,32,27.5,70.1
2347,2024-07-30,Line-C,Afternoon,M-302,OP-015,418,18,26,29.04,64.9
2348,2024-07-30,Line-C,Night,M-302,OP-017,473,7,41,23.87,68.5
2349,2024-07-30,Line-D,Morning,M-402,OP-004,478,8,10,29.42,71.5
2350,2024-07-30,Line-D,Afternoon,M-401,OP-016,516,11,0,31.5,61.4
2351,2024-07-30,Line-D,Night,M-402,OP-012,518,17,0,28.69,65.6
2352,2024-07-31,Line-A,Morning,M-102,OP-009,554,10,37,32.07,69.0
2353,2024-07-31,Line-A,Afternoon,M-102,OP-017,484,13,0,30.43,67.7
2354,2024-07-31,Line-A,Night,M-101,OP-011,523,8,0,30.04,63.7
2355,2024-07-31,Line-B,Morning,M-202,OP-005,364,9,20,32.34,73.2
2356,2024-07-31,Line-B,Afternoon,M-202,OP-002,440,2,10,28.26,64.6
2357,2024-07-31,Line-B,Night,M-201,OP-008,475,18,7,39.79,63.5
2358,2024-07-31,Line-C,Morning,M-302,OP-009,493,6,28,38.02,70.7
2359,2024-07-31,Line-C,Afternoon,M-302,OP-014,386,13,35,30.09,73.3
2360,2024-07-31,Line-C,Night,M-302,OP-002,446,0,0,38.65,62.0
2361,2024-07-31,Line-D,Morning,M-402,OP-015,479,9,4,27.78,68.3
2362,2024-07-31,Line-D,Afternoon,M-401,OP-004,446,2,15,35.37,71.5
2363,2024-07-31,Line-D,Night,M-401,OP-010,431,2,7,37.84,70.6
2364,2024-08-01,Line-A,Morning,M-101,OP-017,522,14,18,30.6,70.6
2365,2024-08-01,Line-A,Afternoon,M-101,OP-019,447,2,22,36.19,63.5
2366,2024-08-01,Line-A,Night,M-101,OP-017,529,18,11,25.91,68.5
2367,2024-08-01,Line-B,Morning,M-201,OP-014,446,17,41,33.98,62.2
2368,2024-08-01,Line-B,Afternoon,M-201,OP-016,481,22,40,51.38,68.4
2369,2024-08-01,Line-B,Night,M-202,OP-001,515,4,23,27.37,68.3
2370,2024-08-01,Line-C,Morning,M-303,OP-004,473,26,15,30.58,67.1
2371,2024-08-01,Line-C,Afternoon,M-303,OP-004,508,24,53,44.19,65.7
2372,2024-08-01,Line-C,Night,M-301,OP-001,340,5,27,28.04,68.1
2373,2024-08-01,Line-D,Morning,M-402,OP-015,505,4,21,38.19,67.3
2374,2024-08-01,Line-D,Afternoon,M-402,OP-020,412,7,0,31.68,69.8
2375,2024-08-01,Line-D,Night,M-402,OP-002,580,9,18,25.69,66.6
2376,2024-08-02,Line-A,Morning,M-102,OP-011,388,6,7,31.5,65.5
2377,2024-08-02,Line-A,Afternoon,M-101,OP-007,485,7,7,30.4,68.2
2378,2024-08-02,Line-A,Night,M-102,OP-011,525,9,6,29.1,65.1
2379,2024-08-02,Line-B,Morning,M-201,OP-018,458,30,21,40.61,66.5
2380,2024-08-02,Line-B,Afternoon,M-202,OP-003,465,7,16,21.45,72.1
2381,2024-08-02,Line-B,Night,M-201,OP-008,517,17,0,37.11,67.0
2382,2024-08-02,Line-C,Morning,M-302,OP-003,634,15,0,26.55,67.8
2383,2024-08-02,Line-C,Night,M-302,OP-013,495,2,9,26.41,63.6
2384,2024-08-02,Line-D,Morning,M-401,OP-004,495,13,24,32.87,66.0
2385,2024-08-02,Line-D,Afternoon,M-402,OP-010,522,11,14,26.94,66.0
2386,2024-08-02,Line-D,Night,M-401,OP-012,484,21,16,26.94,64.7
2387,2024-08-03,Line-A,Morning,M-102,OP-017,450,18,6,34.53,66.5
2388,2024-08-03,Line-A,Afternoon,M-102,OP-013,495,13,3,26.79,74.6
2389,2024-08-03,Line-A,Night,M-102,OP-003,539,14,23,32.3,76.1
2390,2024-08-03,Line-B,Morning,M-202,OP-020,482,11,0,25.88,63.2
2391,2024-08-03,Line-B,Afternoon,M-202,OP-003,556,0,5,15.03,64.7
2392,2024-08-03,Line-C,Morning,M-302,OP-008,450,14,17,25.83,72.3
2393,2024-08-03,Line-C,Afternoon,M-303,OP-005,481,22,16,37.05,64.7
2394,2024-08-03,Line-C,Night,M-303,OP-017,482,22,58,43.93,57.2
2395,2024-08-03,Line-D,Morning,M-402,OP-014,495,2,0,25.94,65.3
2396,2024-08-03,Line-D,Night,M-402,OP-005,397,8,0,31.78,76.9
2397,2024-08-04,Line-A,Morning,M-102,OP-008,400,6,0,28.5,70.6
2398,2024-08-04,Line-A,Afternoon,M-102,OP-019,523,10,25,42.73,74.8
2399,2024-08-04,Line-B,Night,M-202,OP-014,448,2,5,25.27,69.8
2400,2024-08-04,Line-C,Morning,M-303,OP-019,409,18,47,41.5,64.2
2401,2024-08-04,Line-C,Afternoon,M-302,OP-009,550,0,7,29.79,68.1
2402,2024-08-04,Line-C,Night,M-303,OP-001,490,25,34,40.16,66.4
2403,2024-08-04,Line-D,Morning,M-402,OP-006,443,11,2,34.23,68.1
2404,2024-08-04,Line-D,Afternoon,M-402,OP-002,448,11,1,33.19,68.9
2405,2024-08-04,Line-D,Night,M-402,OP-011,444,10,20,35.79,71.9
2406,2024-08-05,Line-A,Morning,M-102,OP-015,509,3,48,22.98,71.8
2407,2024-08-05,Line-A,Afternoon,M-102,OP-011,505,3,10,29.61,73.2
2408,2024-08-05,Line-A,Night,M-101,OP-007,437,7,0,38.67,63.7
2409,2024-08-05,Line-B,Morning,M-202,OP-004,499,8,10,34.05,74.7
2410,2024-08-05,Line-B,Afternoon,M-201,OP-001,495,26,39,47.09,66.1
2411,2024-08-05,Line-B,Night,M-201,OP-006,544,31,51,38.7,67.3
2412,2024-08-05,Line-C,Morning,M-302,OP-013,494,2,35,29.94,69.1
2413,2024-08-05,Line-C,Afternoon,M-303,OP-020,445,14,25,43.1,70.7
2414,2024-08-05,Line-C,Night,M-302,OP-020,489,10,6,32.48,73.9
2415,2024-08-05,Line-D,Morning,M-402,OP-013,522,14,16,22.48,63.8
2416,2024-08-05,Line-D,Afternoon,M-401,OP-005,507,9,18,38.38,70.9
2417,2024-08-05,Line-D,Night,M-401,OP-004,555,11,0,29.71,64.8
2418,2024-08-06,Line-A,Morning,M-101,OP-001,573,15,19,36.18,59.9
2419,2024-08-06,Line-A,Afternoon,M-101,OP-008,515,3,11,28.44,70.6
2420,2024-08-06,Line-A,Night,M-101,OP-003,493,16,2,33.55,68.6
2421,2024-08-06,Line-B,Morning,M-202,OP-005,381,3,9,35.56,69.9
2422,2024-08-06,Line-B,Afternoon,M-201,OP-004,409,18,65,42.56,66.7
2423,2024-08-06,Line-B,Night,M-201,OP-015,509,27,28,44.51,66.7
2424,2024-08-06,Line-C,Morning,M-302,OP-001,523,10,19,26.2,64.7
2425,2024-08-06,Line-C,Afternoon,M-303,OP-008,536,24,39,40.47,71.6
2426,2024-08-06,Line-C,Night,M-303,OP-013,443,19,46,47.86,65.9
2427,2024-08-06,Line-D,Night,M-402,OP-014,597,13,0,31.85,66.5
2428,2024-08-07,Line-A,Morning,M-102,OP-002,506,9,13,25.44,72.0
2429,2024-08-07,Line-A,Afternoon,M-102,OP-017,410,3,17,38.01,66.6
2430,2024-08-07,Line-A,Night,M-102,OP-008,522,15,24,28.44,63.6
2431,2024-08-07,Line-B,Morning,M-201,OP-014,347,15,52,36.38,70.8
2432,2024-08-07,Line-B,Afternoon,M-201,OP-009,422,19,45,38.7,68.7
2433,2024-08-07,Line-B,Night,M-202,OP-016,455,11,15,30.28,74.2
2434,2024-08-07,Line-C,Morning,M-303,OP-012,519,20,33,41.62,68.3
2435,2024-08-07,Line-C,Afternoon,M-302,OP-001,631,14,0,27.29,60.3
2436,2024-08-07,Line-C,Night,M-303,OP-007,460,12,21,34.4,69.5
2437,2024-08-07,Line-D,Morning,M-402,OP-008,480,10,10,23.03,70.1
2438,2024-08-07,Line-D,Afternoon,M-402,OP-020,595,13,5,22.86,64.4
2439,2024-08-07,Line-D,Night,M-402,OP-005,507,15,15,34.0,70.8
2440,2024-08-08,Line-A,Morning,M-102,OP-014,510,6,14,25.76,68.1
2441,2024-08-08,Line-A,Afternoon,M-102,OP-016,499,17,0,32.41,73.9
2442,2024-08-08,Line-A,Night,M-101,OP-020,525,14,20,36.49,63.7
2443,2024-08-08,Line-B,Morning,M-201,OP-016,396,18,2,48.15,72.9
2444,2024-08-08,Line-B,Afternoon,M-201,OP-006,453,19,33,42.26,68.5
2445,2024-08-08,Line-B,Night,M-201,OP-014,513,22,49,44.23,65.6
2446,2024-08-08,Line-C,Morning,M-302,OP-010,560,2,10,34.83,65.1
2447,2024-08-08,Line-C,Afternoon,M-303,OP-002,498,25,22,41.64,67.4
2448,2024-08-08,Line-C,Night,M-302,OP-009,446,18,0,35.02,66.4
2449,2024-08-08,Line-D,Morning,M-401,OP-006,414,8,21,34.6,74.2
2450,2024-08-08,Line-D,Afternoon,M-401,OP-003,656,13,2,32.26,66.9
2451,2024-08-08,Line-D,Night,M-401,OP-020,535,3,47,34.28,61.3
2452,2024-08-09,Line-A,Morning,M-101,OP-016,437,11,29,23.64,70.9
2453,2024-08-09,Line-A,Afternoon,M-102,OP-012,363,6,28,27.24,62.0
2454,2024-08-09,Line-A,Night,M-102,OP-005,488,6,21,25.57,64.9
2455,2024-08-09,Line-B,Morning,M-201,OP-002,358,17,32,36.06,68.8
2456,2024-08-09,Line-B,Afternoon,M-202,OP-015,541,9,16,31.37,63.2
2457,2024-08-09,Line-B,Night,M-201,OP-004,603,24,44,45.85,67.4
2458,2024-08-09,Line-C,Morning,M-303,OP-004,516,24,13,40.34,65.5
2459,2024-08-09,Line-C,Afternoon,M-301,OP-017,452,2,28,38.01,71.9
2460,2024-08-09,Line-C,Night,M-303,OP-004,556,23,25,38.11,70.6
2461,2024-08-09,Line-D,Morning,M-402,OP-006,493,8,31,32.02,64.6
2462,2024-08-09,Line-D,Afternoon,M-402,OP-017,439,11,27,32.76,75.6
2463,2024-08-09,Line-D,Night,M-401,OP-005,578,13,0,23.45,66.5
2464,2024-08-10,Line-A,Morning,M-102,OP-005,525,19,18,35.84,67.0
2465,2024-08-10,Line-A,Afternoon,M-101,OP-015,517,14,0,27.93,71.8
2466,2024-08-10,Line-A,Night,M-101,OP-008,496,3,0,28.17,67.7
2467,2024-08-10,Line-B,Morning,M-202,OP-011,426,8,19,33.35,58.6
2468,2024-08-10,Line-B,Afternoon,M-201,OP-003,401,17,43,44.45,69.9
2469,2024-08-10,Line-B,Night,M-202,OP-012,456,7,1,33.84,64.3
2470,2024-08-10,Line-C,Morning,M-301,OP-005,531,11,11,26.72,62.6
2471,2024-08-10,Line-C,Afternoon,M-303,OP-014,441,18,0,41.01,71.7
2472,2024-08-10,Line-C,Night,M-301,OP-014,514,7,12,27.22,68.6
2473,2024-08-10,Line-D,Morning,M-402,OP-015,572,16,19,27.54,71.0
2474,2024-08-10,Line-D,Afternoon,M-402,OP-001,378,6,20,33.7,70.7
2475,2024-08-10,Line-D,Night,M-401,OP-017,497,8,20,25.24,64.6
2476,2024-08-11,Line-A,Morning,M-101,OP-011,483,10,0,32.28,71.1
2477,2024-08-11,Line-A,Afternoon,M-101,OP-014,475,20,1,28.19,66.4
2478,2024-08-11,Line-B,Morning,M-201,OP-019,475,20,13,39.27,67.6
2479,2024-08-11,Line-B,Night,M-202,OP-014,553,22,32,26.12,65.2
2480,2024-08-11,Line-C,Morning,M-303,OP-018,470,30,32,35.36,66.0
2481,2024-08-11,Line-C,Afternoon,M-303,OP-011,525,27,31,45.42,58.9
2482,2024-08-11,Line-C,Night,M-301,OP-009,486,13,0,25.82,60.5
2483,2024-08-11,Line-D,Morning,M-401,OP-013,575,6,15,33.02,74.0
2484,2024-08-11,Line-D,Afternoon,M-401,OP-018,470,6,14,36.42,67.3
2485,2024-08-11,Line-D,Night,M-402,OP-012,422,1,0,34.32,66.7
2486,2024-08-12,Line-A,Morning,M-102,OP-007,443,5,13,28.8,66.9
2487,2024-08-12,Line-A,Afternoon,M-101,OP-002,560,19,0,31.64,64.9
2488,2024-08-12,Line-A,Night,M-102,OP-005,465,10,8,31.15,70.7
2489,2024-08-12,Line-B,Morning,M-202,OP-007,497,6,2,22.8,64.6
2490,2024-08-12,Line-B,Afternoon,M-202,OP-017,597,6,0,31.6,67.6
2491,2024-08-12,Line-B,Night,M-201,OP-001,468,28,43,39.35,66.3
2492,2024-08-12,Line-C,Afternoon,M-303,OP-009,449,24,30,33.03,67.8
2493,2024-08-12,Line-C,Night,M-302,OP-014,387,15,0,29.19,69.0
2494,2024-08-12,Line-D,Morning,M-401,OP-002,462,7,18,37.63,71.1
2495,2024-08-12,Line-D,Afternoon,M-402,OP-017,568,4,16,30.78,69.4
2496,2024-08-12,Line-D,Night,M-401,OP-004,562,9,5,32.67,60.9
2497,2024-08-13,Line-A,Morning,M-101,OP-015,465,8,0,35.29,63.8
2498,2024-08-13,Line-A,Afternoon,M-101,OP-019,471,10,32,29.95,71.7
2499,2024-08-13,Line-A,Night,M-101,OP-012,522,10,0,22.83,68.4
2500,2024-08-13,Line-B,Morning,M-201,OP-013,447,24,46,41.08,63.4
2501,2024-08-13,Line-B,Afternoon,M-201,OP-004,510,18,23,37.1,67.4
2502,2024-08-13,Line-B,Night,M-201,OP-012,550,25,28,34.37,70.2
2503,2024-08-13,Line-C,Morning,M-301,OP-014,433,8,6,34.19,67.4
2504,2024-08-13,Line-C,Afternoon,M-301,OP-003,476,11,43,34.44,67.6
2505,2024-08-13,Line-D,Morning,M-402,OP-007,480,6,0,27.24,64.9
2506,2024-08-13,Line-D,Afternoon,M-402,OP-017,519,4,31,33.76,68.1
2507,2024-08-13,Line-D,Night,M-402,OP-009,480,6,16,35.44,65.2
2508,2024-08-14,Line-A,Morning,M-102,OP-015,387,10,16,24.4,65.1
2509,2024-08-14,Line-A,Afternoon,M-102,OP-014,428,5,7,28.67,65.4
2510,2024-08-14,Line-A,Night,M-101,OP-017,434,7,14,28.42,72.6
2511,2024-08-14,Line-B,Morning,M-202,OP-005,510,1,19,33.03,66.3
2512,2024-08-14,Line-B,Afternoon,M-201,OP-007,390,18,34,36.39,62.2
2513,2024-08-14,Line-B,Night,M-201,OP-006,474,20,28,41.58,63.6
2514,2024-08-14,Line-C,Morning,M-302,OP-004,453,11,6,21.64,66.1
2515,2024-08-14,Line-C,Afternoon,M-302,OP-004,415,9,16,21.71,71.0
2516,2024-08-14,Line-C,Night,M-303,OP-010,413,25,34,35.77,63.4
2517,2024-08-14,Line-D,Afternoon,M-402,OP-010,500,7,10,38.06,65.2
2518,2024-08-14,Line-D,Night,M-402,OP-010,483,16,16,21.97,70.0
2519,2024-08-15,Line-A,Morning,M-101,OP-005,410,13,0,44.85,73.9
2520,2024-08-15,Line-A,Afternoon,M-102,OP-002,432,8,23,33.92,69.8
2521,2024-08-15,Line-A,Night,M-102,OP-010,555,9,6,28.27,71.4
2522,2024-08-15,Line-B,Morning,M-202,OP-001,501,10,23,19.74,69.2
2523,2024-08-15,Line-B,Afternoon,M-202,OP-003,493,17,0,37.79,68.3
2524,2024-08-15,Line-B,Night,M-202,OP-016,509,18,20,32.0,69.0
2525,2024-08-15,Line-C,Morning,M-303,OP-015,450,20,24,41.78,58.7
2526,2024-08-15,Line-C,Afternoon,M-302,OP-016,505,8,6,31.1,62.3
2527,2024-08-15,Line-C,Night,M-303,OP-005,595,26,32,37.17,68.1
2528,2024-08-15,Line-D,Morning,M-402,OP-015,563,16,24,32.73,66.6
2529,2024-08-15,Line-D,Afternoon,M-401,OP-011,392,6,8,35.24,69.2
2530,2024-08-15,Line-D,Night,M-402,OP-013,576,17,5,21.02,73.5
2531,2024-08-16,Line-A,Morning,M-102,OP-011,561,2,34,31.91,68.6
2532,2024-08-16,Line-A,Afternoon,M-102,OP-009,576,18,21,32.37,70.5
2533,2024-08-16,Line-A,Night,M-101,OP-001,455,8,0,28.33,66.5
2534,2024-08-16,Line-B,Morning,M-202,OP-018,441,9,7,32.51,61.5
2535,2024-08-16,Line-B,Afternoon,M-201,OP-007,473,22,30,41.14,61.7
2536,2024-08-16,Line-B,Night,M-201,OP-019,501,26,42,47.19,68.8
2537,2024-08-16,Line-C,Morning,M-302,OP-017,508,10,22,22.11,64.4
2538,2024-08-16,Line-C,Afternoon,M-301,OP-018,575,0,9,35.86,67.6
2539,2024-08-16,Line-C,Night,M-301,OP-009,455,9,6,30.15,65.3
2540,2024-08-16,Line-D,Morning,M-401,OP-019,546,18,9,23.07,65.9
2541,2024-08-16,Line-D,Afternoon,M-402,OP-013,468,11,0,26.15,70.0
2542,2024-08-16,Line-D,Night,M-402,OP-001,536,6,0,46.42,71.1
2543,2024-08-17,Line-A,Morning,M-101,OP-014,463,12,10,34.34,68.6
2544,2024-08-17,Line-A,Night,M-102,OP-009,485,8,0,39.69,64.2
2545,2024-08-17,Line-B,Morning,M-201,OP-018,398,17,20,41.74,70.8
2546,2024-08-17,Line-B,Afternoon,M-201,OP-006,539,29,30,42.25,69.6
2547,2024-08-17,Line-B,Night,M-201,OP-005,374,19,13,52.2,66.4
2548,2024-08-17,Line-C,Morning,M-302,OP-006,468,5,2,41.37,71.8
2549,2024-08-17,Line-C,Night,M-301,OP-001,387,13,29,28.59,69.2
2550,2024-08-17,Line-D,Morning,M-402,OP-013,479,18,0,30.73,66.3
2551,2024-08-17,Line-D,Afternoon,M-401,OP-014,394,16,0,31.1,61.0
2552,2024-08-17,Line-D,Night,M-402,OP-013,456,10,0,32.93,66.9
2553,2024-08-18,Line-A,Morning,M-101,OP-002,549,17,3,30.38,68.7
2554,2024-08-18,Line-A,Afternoon,M-101,OP-016,517,9,14,28.78,68.5
2555,2024-08-18,Line-A,Night,M-102,OP-004,557,14,22,33.62,67.4
2556,2024-08-18,Line-B,Morning,M-202,OP-015,499,4,31,16.09,67.7
2557,2024-08-18,Line-B,Afternoon,M-201,OP-016,548,17,40,38.6,66.5
2558,2024-08-18,Line-C,Morning,M-301,OP-009,536,11,0,25.12,71.9
2559,2024-08-18,Line-C,Afternoon,M-303,OP-004,506,32,60,40.29,78.0
2560,2024-08-18,Line-C,Night,M-303,OP-005,481,17,25,30.72,74.4
2561,2024-08-18,Line-D,Morning,M-402,OP-015,575,5,8,30.48,64.2
2562,2024-08-18,Line-D,Afternoon,M-401,OP-005,374,6,7,28.06,68.9
2563,2024-08-18,Line-D,Night,M-401,OP-008,565,8,14,33.63,70.2
2564,2024-08-19,Line-A,Morning,M-102,OP-018,443,8,20,24.36,73.1
2565,2024-08-19,Line-A,Afternoon,M-101,OP-015,565,6,14,33.21,65.8
2566,2024-08-19,Line-A,Night,M-102,OP-006,508,10,0,32.3,63.6
2567,2024-08-19,Line-B,Afternoon,M-202,OP-009,536,6,9,36.86,70.0
2568,2024-08-19,Line-B,Night,M-202,OP-012,415,3,3,31.97,69.4
2569,2024-08-19,Line-C,Morning,M-301,OP-019,429,3,16,29.09,76.6
2570,2024-08-19,Line-C,Afternoon,M-302,OP-002,482,17,0,22.13,63.5
2571,2024-08-19,Line-C,Night,M-303,OP-019,551,34,23,39.7,63.3
2572,2024-08-19,Line-D,Afternoon,M-401,OP-005,371,9,15,30.05,62.4
2573,2024-08-19,Line-D,Night,M-402,OP-014,578,7,20,22.73,67.2
2574,2024-08-20,Line-A,Morning,M-102,OP-011,497,11,14,32.47,63.5
2575,2024-08-20,Line-A,Afternoon,M-102,OP-009,491,9,15,30.36,62.9
2576,2024-08-20,Line-A,Night,M-102,OP-011,400,0,24,34.14,71.4
2577,2024-08-20,Line-B,Morning,M-202,OP-001,498,0,0,30.85,68.5
2578,2024-08-20,Line-B,Afternoon,M-201,OP-001,466,23,35,42.6,65.4
2579,2024-08-20,Line-B,Night,M-201,OP-001,538,22,15,38.15,66.6
2580,2024-08-20,Line-C,Morning,M-302,OP-018,539,9,9,23.76,71.1
2581,2024-08-20,Line-C,Afternoon,M-303,OP-016,440,19,57,44.54,61.5
2582,2024-08-20,Line-C,Night,M-303,OP-003,373,17,16,45.24,68.2
2583,2024-08-20,Line-D,Morning,M-401,OP-018,489,5,38,44.21,66.9
2584,2024-08-20,Line-D,Night,M-402,OP-004,501,10,8,25.84,63.7
2585,2024-08-21,Line-A,Morning,M-102,OP-020,411,9,4,17.11,69.8
2586,2024-08-21,Line-A,Afternoon,M-101,OP-001,477,15,17,22.61,59.1
2587,2024-08-21,Line-A,Night,M-102,OP-007,436,5,26,29.96,72.5
2588,2024-08-21,Line-B,Morning,M-201,OP-001,400,22,45,31.91,73.3
2589,2024-08-21,Line-B,Afternoon,M-202,OP-007,485,11,0,36.38,63.3
2590,2024-08-21,Line-B,Night,M-202,OP-008,529,14,0,39.92,68.9
2591,2024-08-21,Line-C,Morning,M-302,OP-012,519,1,43,23.88,72.1
2592,2024-08-21,Line-C,Night,M-303,OP-020,420,16,46,47.14,62.9
2593,2024-08-21,Line-D,Morning,M-401,OP-013,545,16,0,37.99,62.2
2594,2024-08-21,Line-D,Afternoon,M-402,OP-019,442,10,0,31.32,69.0
2595,2024-08-21,Line-D,Night,M-401,OP-018,468,12,8,31.16,72.6
2596,2024-08-22,Line-A,Morning,M-101,OP-003,527,14,0,32.62,64.5
2597,2024-08-22,Line-A,Afternoon,M-101,OP-005,403,7,0,33.95,71.3
2598,2024-08-22,Line-A,Night,M-101,OP-017,365,4,0,27.69,69.8
2599,2024-08-22,Line-B,Morning,M-202,OP-007,465,6,31,18.48,72.9
2600,2024-08-22,Line-B,Afternoon,M-201,OP-018,447,20,27,49.71,63.1
2601,2024-08-22,Line-B,Night,M-202,OP-001,480,11,0,25.4,67.4
2602,2024-08-22,Line-C,Morning,M-303,OP-002,426,16,29,45.25,66.6
2603,2024-08-22,Line-C,Afternoon,M-302,OP-014,544,4,0,39.63,65.4
2604,2024-08-22,Line-C,Night,M-302,OP-009,401,0,28,28.29,67.0
2605,2024-08-22,Line-D,Morning,M-402,OP-016,470,13,9,41.72,68.5
2606,2024-08-22,Line-D,Afternoon,M-401,OP-008,543,14,11,27.07,69.3
2607,2024-08-23,Line-A,Morning,M-102,OP-011,510,6,14,36.18,76.3
2608,2024-08-23,Line-A,Night,M-101,OP-019,531,19,2,33.51,73.4
2609,2024-08-23,Line-B,Morning,M-201,OP-014,426,17,61,37.12,62.6
2610,2024-08-23,Line-B,Afternoon,M-201,OP-007,571,33,41,41.77,66.2
2611,2024-08-23,Line-B,Night,M-202,OP-003,496,17,15,40.83,64.4
2612,2024-08-23,Line-C,Morning,M-301,OP-001,478,7,0,29.23,69.7
2613,2024-08-23,Line-C,Afternoon,M-301,OP-019,511,20,18,35.75,68.3
2614,2024-08-23,Line-C,Night,M-302,OP-009,580,24,19,25.04,65.8
2615,2024-08-23,Line-D,Morning,M-402,OP-008,496,11,22,32.3,68.0
2616,2024-08-23,Line-D,Afternoon,M-401,OP-011,441,10,39,35.1,70.1
2617,2024-08-23,Line-D,Night,M-401,OP-003,541,8,4,26.26,67.5
2618,2024-08-24,Line-A,Morning,M-102,OP-004,454,14,4,25.99,75.8
2619,2024-08-24,Line-A,Afternoon,M-101,OP-003,452,9,18,24.32,72.9
2620,2024-08-24,Line-A,Night,M-101,OP-013,518,17,1,30.5,68.2
2621,2024-08-24,Line-B,Morning,M-201,OP-005,495,15,36,34.87,69.4
2622,2024-08-24,Line-B,Night,M-201,OP-010,352,9,47,39.27,64.0
2623,2024-08-24,Line-C,Morning,M-302,OP-003,556,12,25,29.17,78.7
2624,2024-08-24,Line-C,Afternoon,M-301,OP-018,443,16,11,21.73,69.9
2625,2024-08-24,Line-D,Morning,M-402,OP-004,498,4,0,29.88,69.4
2626,2024-08-24,Line-D,Afternoon,M-402,OP-008,331,9,4,23.34,71.8
2627,2024-08-24,Line-D,Night,M-401,OP-015,478,14,18,29.99,67.4
2628,2024-08-25,Line-A,Morning,M-102,OP-020,508,7,0,33.05,67.4
2629,2024-08-25,Line-A,Afternoon,M-102,OP-001,482,14,10,30.08,65.6
2630,2024-08-25,Line-A,Night,M-102,OP-019,505,11,25,27.1,66.2
2631,2024-08-25,Line-B,Morning,M-201,OP-001,527,25,21,48.53,61.2
2632,2024-08-25,Line-B,Afternoon,M-201,OP-019,527,17,63,34.28,72.6
2633,2024-08-25,Line-B,Night,M-201,OP-019,475,20,37,45.16,64.4
2634,2024-08-25,Line-C,Morning,M-303,OP-009,431,22,9,39.08,80.2
2635,2024-08-25,Line-C,Afternoon,M-302,OP-020,421,12,3,32.55,70.6
2636,2024-08-25,Line-C,Night,M-301,OP-005,547,9,41,27.05,68.9
2637,2024-08-25,Line-D,Morning,M-401,OP-005,494,3,7,30.81,66.3
2638,2024-08-25,Line-D,Afternoon,M-402,OP-017,626,6,29,34.28,67.9
2639,2024-08-25,Line-D,Night,M-402,OP-010,428,4,4,21.07,64.0
2640,2024-08-26,Line-A,Morning,M-101,OP-005,391,12,21,33.93,70.4
2641,2024-08-26,Line-A,Afternoon,M-102,OP-010,490,16,2,30.53,71.0
2642,2024-08-26,Line-A,Night,M-101,OP-017,400,20,12,30.71,73.0
2643,2024-08-26,Line-B,Morning,M-201,OP-002,534,24,36,34.48,65.8
2644,2024-08-26,Line-B,Afternoon,M-201,OP-014,511,25,53,41.4,62.5
2645,2024-08-26,Line-B,Night,M-201,OP-007,543,32,48,41.18,72.2
2646,2024-08-26,Line-C,Morning,M-302,OP-007,685,13,0,27.07,70.5
2647,2024-08-26,Line-C,Afternoon,M-303,OP-015,383,18,40,49.68,73.2
2648,2024-08-26,Line-C,Night,M-302,OP-019,531,0,25,33.53,69.0
2649,2024-08-26,Line-D,Morning,M-402,OP-020,376,4,0,19.92,68.0
2650,2024-08-26,Line-D,Afternoon,M-402,OP-006,432,19,9,36.47,61.7
2651,2024-08-26,Line-D,Night,M-401,OP-016,448,8,0,27.89,67.1
2652,2024-08-27,Line-A,Morning,M-101,OP-008,465,17,17,32.4,70.2
2653,2024-08-27,Line-A,Afternoon,M-102,OP-020,516,9,7,30.83,72.6
2654,2024-08-27,Line-A,Night,M-102,OP-011,547,9,23,29.03,68.1
2655,2024-08-27,Line-B,Morning,M-202,OP-007,451,7,32,30.46,68.5
2656,2024-08-27,Line-B,Afternoon,M-201,OP-012,393,16,31,37.85,68.1
2657,2024-08-27,Line-C,Morning,M-303,OP-004,454,21,36,37.22,66.4
2658,2024-08-27,Line-C,Afternoon,M-302,OP-007,484,14,15,26.69,69.6
2659,2024-08-27,Line-C,Night,M-302,OP-002,582,16,20,33.63,73.8
2660,2024-08-27,Line-D,Morning,M-401,OP-007,544,13,28,24.59,62.0
2661,2024-08-27,Line-D,Afternoon,M-401,OP-009,489,9,3,34.13,60.5
2662,2024-08-27,Line-D,Night,M-402,OP-018,447,6,0,37.47,62.6
2663,2024-08-28,Line-A,Morning,M-101,OP-001,444,12,21,24.46,70.7
2664,2024-08-28,Line-A,Afternoon,M-102,OP-004,497,21,18,29.29,64.6
2665,2024-08-28,Line-B,Morning,M-202,OP-004,435,4,32,30.09,70.3
2666,2024-08-28,Line-B,Afternoon,M-201,OP-010,570,12,54,42.28,69.7
2667,2024-08-28,Line-B,Night,M-202,OP-012,430,4,19,41.92,72.0
2668,2024-08-28,Line-C,Morning,M-303,OP-020,555,24,25,38.1,66.0
2669,2024-08-28,Line-C,Afternoon,M-303,OP-003,356,13,26,41.12,68.5
2670,2024-08-28,Line-C,Night,M-301,OP-007,501,9,3,20.18,65.7
2671,2024-08-28,Line-D,Morning,M-402,OP-012,421,10,25,34.69,71.0
2672,2024-08-28,Line-D,Afternoon,M-402,OP-008,471,6,0,22.46,72.0
2673,2024-08-28,Line-D,Night,M-401,OP-018,469,3,0,25.67,68.2
2674,2024-08-29,Line-A,Morning,M-101,OP-011,544,8,0,29.05,67.4
2675,2024-08-29,Line-A,Afternoon,M-102,OP-005,466,5,15,30.33,67.9
2676,2024-08-29,Line-A,Night,M-102,OP-007,504,7,4,36.9,70.2
2677,2024-08-29,Line-B,Morning,M-202,OP-020,529,16,19,34.64,61.7
2678,2024-08-29,Line-B,Night,M-202,OP-016,492,8,37,34.64,65.5
2679,2024-08-29,Line-C,Morning,M-301,OP-011,502,10,18,24.91,69.4
2680,2024-08-29,Line-C,Afternoon,M-303,OP-016,466,22,24,39.07,72.7
2681,2024-08-29,Line-C,Night,M-302,OP-016,416,3,11,26.14,64.5
2682,2024-08-29,Line-D,Morning,M-402,OP-019,486,1,0,40.27,69.8
2683,2024-08-29,Line-D,Afternoon,M-401,OP-008,435,10,20,34.97,67.5
2684,2024-08-29,Line-D,Night,M-402,OP-008,538,0,0,30.82,69.3
2685,2024-08-30,Line-A,Morning,M-102,OP-014,425,9,2,28.62,72.1
2686,2024-08-30,Line-A,Afternoon,M-101,OP-012,534,4,0,27.94,67.9
2687,2024-08-30,Line-A,Night,M-101,OP-005,440,12,17,32.03,62.9
2688,2024-08-30,Line-B,Morning,M-202,OP-015,550,0,24,34.67,66.3
2689,2024-08-30,Line-B,Afternoon,M-201,OP-019,556,25,35,43.7,80.7
2690,2024-08-30,Line-C,Morning,M-302,OP-014,560,14,0,30.72,64.7
2691,2024-08-30,Line-C,Afternoon,M-302,OP-014,529,10,0,30.41,64.6
2692,2024-08-30,Line-C,Night,M-302,OP-011,489,5,12,33.75,67.8
2693,2024-08-30,Line-D,Morning,M-401,OP-006,456,9,22,24.46,69.0
2694,2024-08-30,Line-D,Afternoon,M-402,OP-003,559,13,12,33.2,69.8
2695,2024-08-30,Line-D,Night,M-401,OP-010,525,0,0,35.02,62.0
2696,2024-08-31,Line-A,Morning,M-101,OP-009,504,7,0,31.75,68.8
2697,2024-08-31,Line-A,Afternoon,M-101,OP-004,606,7,33,31.76,65.4
2698,2024-08-31,Line-B,Afternoon,M-201,OP-011,527,27,35,43.33,65.6
2699,2024-08-31,Line-B,Night,M-202,OP-007,430,11,8,29.6,69.1
2700,2024-08-31,Line-C,Morning,M-301,OP-018,495,2,31,30.61,67.2
2701,2024-08-31,Line-C,Afternoon,M-301,OP-010,505,10,23,32.69,70.9
2702,2024-08-31,Line-C,Night,M-302,OP-013,561,15,9,24.39,74.7
2703,2024-08-31,Line-D,Morning,M-401,OP-016,465,6,0,31.69,68.6
2704,2024-08-31,Line-D,Afternoon,M-401,OP-013,389,9,4,43.45,65.7
2705,2024-08-31,Line-D,Night,M-401,OP-016,453,4,31,28.14,65.1
2706,2024-09-01,Line-A,Morning,M-102,OP-015,522,2,21,38.91,70.3
2707,2024-09-01,Line-A,Afternoon,M-101,OP-011,518,14,37,36.05,69.8
2708,2024-09-01,Line-A,Night,M-102,OP-014,534,5,23,24.97,66.5
2709,2024-09-01,Line-B,Morning,M-202,OP-018,295,6,2,35.56,69.6
2710,2024-09-01,Line-B,Night,M-201,OP-010,547,19,50,52.53,71.1
2711,2024-09-01,Line-C,Morning,M-301,OP-016,527,10,4,33.81,62.0
2712,2024-09-01,Line-C,Afternoon,M-302,OP-011,454,0,1,33.21,70.0
2713,2024-09-01,Line-C,Night,M-302,OP-013,483,10,0,28.14,65.3
2714,2024-09-01,Line-D,Morning,M-402,OP-011,440,11,0,26.98,59.7
2715,2024-09-01,Line-D,Afternoon,M-401,OP-005,462,3,13,25.24,68.4
2716,2024-09-01,Line-D,Night,M-402,OP-019,471,16,19,20.8,62.9
2717,2024-09-02,Line-A,Morning,M-102,OP-013,483,4,0,36.75,70.9
2718,2024-09-02,Line-A,Afternoon,M-102,OP-003,511,6,18,26.48,68.8
2719,2024-09-02,Line-A,Night,M-101,OP-016,424,14,0,36.16,68.2
2720,2024-09-02,Line-B,Morning,M-202,OP-010,450,9,23,36.83,69.3
2721,2024-09-02,Line-B,Afternoon,M-201,OP-018,426,19,62,48.74,71.6
2722,2024-09-02,Line-B,Night,M-202,OP-001,527,13,29,27.72,62.6
2723,2024-09-02,Line-C,Morning,M-301,OP-013,484,5,0,26.4,77.9
2724,2024-09-02,Line-C,Afternoon,M-301,OP-010,488,11,0,20.78,64.7
2725,2024-09-02,Line-C,Night,M-301,OP-015,566,12,20,33.69,65.6
2726,2024-09-02,Line-D,Afternoon,M-401,OP-011,563,7,33,32.21,60.8
2727,2024-09-02,Line-D,Night,M-402,OP-013,435,0,29,29.88,59.1
2728,2024-09-03,Line-A,Morning,M-101,OP-005,502,6,0,38.39,68.4
2729,2024-09-03,Line-A,Afternoon,M-102,OP-003,462,6,0,23.48,73.1
2730,2024-09-03,Line-A,Night,M-101,OP-005,451,8,0,23.41,70.4
2731,2024-09-03,Line-B,Morning,M-202,OP-014,502,18,32,28.85,69.9
2732,2024-09-03,Line-B,Afternoon,M-202,OP-006,461,18,29,30.85,68.8
2733,2024-09-03,Line-B,Night,M-202,OP-019,566,13,35,19.03,69.8
2734,2024-09-03,Line-C,Morning,M-303,OP-015,449,28,58,42.16,74.1
2735,2024-09-03,Line-C,Afternoon,M-301,OP-005,586,11,49,29.84,67.1
2736,2024-09-03,Line-C,Night,M-302,OP-020,531,8,13,37.05,68.1
2737,2024-09-03,Line-D,Morning,M-402,OP-019,378,8,1,34.33,70.8
2738,2024-09-03,Line-D,Afternoon,M-402,OP-015,568,15,28,26.65,71.2
2739,2024-09-03,Line-D,Night,M-401,OP-010,598,7,38,27.25,64.6
2740,2024-09-04,Line-A,Morning,M-102,OP-012,497,13,25,25.19,69.7
2741,2024-09-04,Line-A,Afternoon,M-102,OP-013,438,1,0,26.25,70.1
2742,2024-09-04,Line-A,Night,M-101,OP-014,549,2,17,24.12,70.5
2743,2024-09-04,Line-B,Morning,M-202,OP-015,442,3,23,27.07,66.7
2744,2024-09-04,Line-B,Afternoon,M-201,OP-019,346,19,47,42.03,61.9
2745,2024-09-04,Line-B,Night,M-201,OP-008,552,21,28,53.56,65.2
2746,2024-09-04,Line-C,Morning,M-301,OP-009,524,12,17,31.41,69.5
2747,2024-09-04,Line-C,Afternoon,M-303,OP-010,496,22,57,35.44,72.1
2748,2024-09-04,Line-C,Night,M-301,OP-007,529,13,28,29.54,60.5
2749,2024-09-04,Line-D,Morning,M-402,OP-018,475,4,1,23.79,66.1
2750,2024-09-04,Line-D,Afternoon,M-402,OP-003,444,0,22,41.1,70.4
2751,2024-09-04,Line-D,Night,M-402,OP-014,467,8,5,30.45,67.9
2752,2024-09-05,Line-A,Morning,M-102,OP-007,429,15,0,33.59,67.6
2753,2024-09-05,Line-A,Afternoon,M-102,OP-001,594,13,6,28.76,68.2
2754,2024-09-05,Line-B,Morning,M-202,OP-013,411,4,0,25.39,68.4
2755,2024-09-05,Line-B,Afternoon,M-202,OP-007,498,0,9,32.82,67.3
2756,2024-09-05,Line-B,Night,M-201,OP-009,441,18,26,38.82,68.7
2757,2024-09-05,Line-C,Morning,M-301,OP-011,618,7,7,29.74,65.3
2758,2024-09-05,Line-C,Afternoon,M-302,OP-016,545,0,4,34.09,66.8
2759,2024-09-05,Line-C,Night,M-301,OP-018,430,10,25,31.05,64.8
2760,2024-09-05,Line-D,Morning,M-402,OP-005,507,7,23,37.42,57.6
2761,2024-09-05,Line-D,Afternoon,M-402,OP-006,486,0,48,27.66,71.0
2762,2024-09-05,Line-D,Night,M-401,OP-020,477,5,0,37.93,71.8
2763,2024-09-06,Line-A,Morning,M-102,OP-004,596,11,16,28.66,66.9
2764,2024-09-06,Line-A,Afternoon,M-102,OP-006,417,8,0,32.21,68.7
2765,2024-09-06,Line-B,Morning,M-202,OP-005,497,17,11,33.78,76.2
2766,2024-09-06,Line-B,Afternoon,M-201,OP-007,558,32,30,43.15,62.7
2767,2024-09-06,Line-B,Night,M-201,OP-015,509,24,35,47.14,63.2
2768,2024-09-06,Line-C,Morning,M-303,OP-017,578,31,33,41.26,69.9
2769,2024-09-06,Line-C,Afternoon,M-303,OP-004,571,26,37,42.09,75.1
2770,2024-09-06,Line-C,Night,M-302,OP-015,457,8,33,30.74,72.5
2771,2024-09-06,Line-D,Night,M-401,OP-008,425,7,34,26.62,67.4
2772,2024-09-07,Line-A,Morning,M-101,OP-007,495,4,5,30.56,68.2
2773,2024-09-07,Line-A,Afternoon,M-102,OP-001,556,19,0,30.56,70.7
2774,2024-09-07,Line-A,Night,M-102,OP-007,570,14,16,33.33,70.7
2775,2024-09-07,Line-B,Morning,M-201,OP-008,424,20,56,40.96,68.5
2776,2024-09-07,Line-B,Afternoon,M-201,OP-006,465,10,35,43.51,66.0
2777,2024-09-07,Line-B,Night,M-201,OP-014,410,15,46,51.86,73.5
2778,2024-09-07,Line-C,Morning,M-302,OP-011,399,11,2,27.09,66.2
2779,2024-09-07,Line-C,Afternoon,M-301,OP-020,522,14,10,29.59,69.9
2780,2024-09-07,Line-C,Night,M-303,OP-013,514,29,15,42.1,63.7
2781,2024-09-07,Line-D,Morning,M-401,OP-008,476,7,11,26.0,62.1
2782,2024-09-07,Line-D,Afternoon,M-402,OP-011,354,6,5,26.62,73.3
2783,2024-09-07,Line-D,Night,M-402,OP-011,428,14,36,20.25,68.4
2784,2024-09-08,Line-A,Afternoon,M-101,OP-003,456,0,0,33.87,76.1
2785,2024-09-08,Line-A,Night,M-102,OP-020,534,11,11,38.41,76.6
2786,2024-09-08,Line-B,Morning,M-201,OP-007,444,11,3,48.61,67.8
2787,2024-09-08,Line-B,Afternoon,M-202,OP-004,490,0,0,28.52,68.8
2788,2024-09-08,Line-B,Night,M-201,OP-009,456,16,23,48.04,69.0
2789,2024-09-08,Line-C,Morning,M-303,OP-011,516,19,0,39.38,64.5
2790,2024-09-08,Line-C,Afternoon,M-303,OP-013,500,39,45,55.68,70.3
2791,2024-09-08,Line-C,Night,M-303,OP-005,442,21,61,51.15,65.7
2792,2024-09-08,Line-D,Morning,M-402,OP-016,495,2,24,37.77,68.2
2793,2024-09-09,Line-A,Morning,M-102,OP-013,439,9,18,30.41,68.7
2794,2024-09-09,Line-A,Afternoon,M-101,OP-017,469,13,23,25.08,64.0
2795,2024-09-09,Line-A,Night,M-101,OP-008,464,12,14,26.78,69.0
2796,2024-09-09,Line-B,Afternoon,M-201,OP-010,460,25,39,40.42,68.9
2797,2024-09-09,Line-B,Night,M-202,OP-008,558,7,18,29.65,69.7
2798,2024-09-09,Line-C,Morning,M-301,OP-005,440,8,28,25.31,62.7
2799,2024-09-09,Line-C,Afternoon,M-302,OP-007,402,3,20,22.97,66.8
2800,2024-09-09,Line-C,Night,M-301,OP-002,517,11,6,30.95,68.4
2801,2024-09-09,Line-D,Morning,M-402,OP-011,466,7,45,34.05,77.9
2802,2024-09-09,Line-D,Afternoon,M-402,OP-002,450,8,0,25.95,75.6
2803,2024-09-09,Line-D,Night,M-402,OP-010,448,17,0,24.73,66.6
2804,2024-09-10,Line-A,Morning,M-101,OP-011,476,13,18,27.92,67.5
2805,2024-09-10,Line-A,Afternoon,M-101,OP-018,460,4,0,35.14,60.7
2806,2024-09-10,Line-B,Morning,M-201,OP-008,577,24,23,45.7,73.9
2807,2024-09-10,Line-B,Afternoon,M-202,OP-017,547,13,28,21.42,65.9
2808,2024-09-10,Line-B,Night,M-202,OP-001,425,13,6,34.23,70.1
2809,2024-09-10,Line-C,Afternoon,M-301,OP-002,428,5,31,26.12,68.5
2810,2024-09-10,Line-C,Night,M-301,OP-007,433,6,11,26.09,64.2
2811,2024-09-10,Line-D,Morning,M-401,OP-019,497,5,0,25.3,67.7
2812,2024-09-10,Line-D,Afternoon,M-401,OP-008,536,18,1,40.75,64.0
2813,2024-09-10,Line-D,Night,M-402,OP-015,545,6,0,26.28,67.8
2814,2024-09-11,Line-A,Morning,M-101,OP-008,514,13,0,25.05,64.3
2815,2024-09-11,Line-A,Afternoon,M-101,OP-010,473,8,0,31.35,77.1
2816,2024-09-11,Line-A,Night,M-102,OP-007,449,6,20,27.21,70.7
2817,2024-09-11,Line-B,Morning,M-202,OP-003,436,16,17,26.9,65.6
2818,2024-09-11,Line-B,Afternoon,M-202,OP-013,449,14,0,26.66,65.8
2819,2024-09-11,Line-B,Night,M-202,OP-015,479,7,0,28.0,67.6
2820,2024-09-11,Line-C,Morning,M-303,OP-014,442,23,48,41.61,68.9
2821,2024-09-11,Line-C,Afternoon,M-302,OP-001,350,5,27,27.88,65.1
2822,2024-09-11,Line-C,Night,M-302,OP-003,616,22,19,35.69,59.1
2823,2024-09-11,Line-D,Morning,M-402,OP-020,432,6,8,27.55,57.8
2824,2024-09-11,Line-D,Afternoon,M-401,OP-009,503,12,36,26.06,64.5
2825,2024-09-11,Line-D,Night,M-402,OP-015,319,5,25,26.94,76.6
2826,2024-09-12,Line-A,Morning,M-102,OP-003,464,9,0,31.44,60.1
2827,2024-09-12,Line-A,Afternoon,M-102,OP-007,521,13,32,24.9,68.6
2828,2024-09-12,Line-A,Night,M-101,OP-001,513,12,0,18.04,69.4
2829,2024-09-12,Line-B,Afternoon,M-202,OP-016,470,6,23,29.78,62.7
2830,2024-09-12,Line-B,Night,M-202,OP-013,364,2,47,33.61,68.8
2831,2024-09-12,Line-C,Morning,M-302,OP-013,469,7,29,27.55,70.3
2832,2024-09-12,Line-C,Afternoon,M-303,OP-019,459,30,46,48.23,65.7
2833,2024-09-12,Line-D,Morning,M-401,OP-013,543,8,13,38.18,63.8
2834,2024-09-12,Line-D,Afternoon,M-401,OP-007,492,11,19,27.75,76.3
2835,2024-09-12,Line-D,Night,M-402,OP-012,402,13,30,39.5,61.6
2836,2024-09-13,Line-A,Morning,M-102,OP-012,427,14,0,21.97,66.0
2837,2024-09-13,Line-A,Afternoon,M-102,OP-014,491,17,9,26.96,69.2
2838,2024-09-13,Line-A,Night,M-101,OP-016,508,11,9,20.22,64.3
2839,2024-09-13,Line-B,Afternoon,M-201,OP-005,565,26,30,47.59,63.5
2840,2024-09-13,Line-B,Night,M-202,OP-005,466,9,5,30.5,67.2
2841,2024-09-13,Line-C,Morning,M-303,OP-019,396,19,15,42.83,73.5
2842,2024-09-13,Line-C,Afternoon,M-301,OP-001,463,3,10,25.84,70.4
2843,2024-09-13,Line-C,Night,M-301,OP-013,471,17,29,29.23,70.9
2844,2024-09-13,Line-D,Morning,M-401,OP-017,456,8,6,33.83,73.7
2845,2024-09-13,Line-D,Afternoon,M-402,OP-006,527,14,25,32.76,63.4
2846,2024-09-13,Line-D,Night,M-402,OP-010,582,21,8,28.15,70.4
2847,2024-09-14,Line-A,Morning,M-102,OP-019,513,8,0,31.53,70.2
2848,2024-09-14,Line-A,Afternoon,M-102,OP-003,523,11,7,34.97,68.3
2849,2024-09-14,Line-A,Night,M-102,OP-005,452,7,0,29.09,70.8
2850,2024-09-14,Line-B,Morning,M-201,OP-013,500,30,31,44.44,71.2
2851,2024-09-14,Line-B,Afternoon,M-201,OP-006,620,29,19,46.24,75.5
2852,2024-09-14,Line-B,Night,M-201,OP-004,460,25,53,47.09,68.5
2853,2024-09-14,Line-C,Afternoon,M-303,OP-014,438,19,41,46.54,69.3
2854,2024-09-14,Line-C,Night,M-303,OP-014,457,23,47,43.9,64.7
2855,2024-09-14,Line-D,Morning,M-402,OP-006,469,13,0,19.53,74.0
2856,2024-09-14,Line-D,Afternoon,M-401,OP-016,510,12,0,33.69,69.1
2857,2024-09-14,Line-D,Night,M-401,OP-015,384,12,14,28.02,66.5
2858,2024-09-15,Line-A,Morning,M-101,OP-006,359,9,15,29.03,73.1
2859,2024-09-15,Line-A,Afternoon,M-101,OP-007,396,5,0,28.61,68.3
2860,2024-09-15,Line-A,Night,M-102,OP-015,505,7,0,38.43,77.6
2861,2024-09-15,Line-B,Morning,M-201,OP-006,488,18,57,34.77,66.7
2862,2024-09-15,Line-B,Night,M-201,OP-009,438,15,30,37.68,68.1
2863,2024-09-15,Line-C,Night,M-302,OP-004,481,6,6,28.85,71.2
2864,2024-09-15,Line-D,Afternoon,M-401,OP-019,471,12,20,32.86,73.6
2865,2024-09-15,Line-D,Night,M-401,OP-004,412,5,38,28.71,56.7
2866,2024-09-16,Line-A,Morning,M-101,OP-013,467,9,0,36.67,65.1
2867,2024-09-16,Line-A,Afternoon,M-102,OP-016,499,8,0,24.65,64.3
2868,2024-09-16,Line-A,Night,M-102,OP-020,545,9,4,25.33,72.8
2869,2024-09-16,Line-B,Morning,M-202,OP-011,567,17,19,31.45,63.1
2870,2024-09-16,Line-B,Afternoon,M-201,OP-012,465,18,7,47.29,65.2
2871,2024-09-16,Line-B,Night,M-202,OP-020,551,15,20,33.06,65.5
2872,2024-09-16,Line-C,Afternoon,M-302,OP-004,591,11,16,26.75,64.3
2873,2024-09-16,Line-D,Morning,M-402,OP-005,508,10,0,22.81,62.9
2874,2024-09-16,Line-D,Night,M-402,OP-008,551,7,6,37.25,63.5
2875,2024-09-17,Line-A,Morning,M-102,OP-017,436,4,36,39.97,71.0
2876,2024-09-17,Line-A,Afternoon,M-101,OP-001,527,6,41,31.34,71.4
2877,2024-09-17,Line-A,Night,M-102,OP-001,473,7,36,32.7,73.8
2878,2024-09-17,Line-B,Morning,M-201,OP-011,495,18,26,42.51,65.5
2879,2024-09-17,Line-B,Afternoon,M-201,OP-020,413,24,26,42.69,69.2
2880,2024-09-17,Line-B,Night,M-201,OP-012,444,26,18,43.31,69.0
2881,2024-09-17,Line-C,Morning,M-302,OP-004,476,2,25,33.72,65.3
2882,2024-09-17,Line-C,Afternoon,M-302,OP-020,522,11,0,25.73,72.6
2883,2024-09-17,Line-C,Night,M-301,OP-017,498,6,0,27.42,66.2
2884,2024-09-17,Line-D,Morning,M-401,OP-005,429,0,29,34.85,62.9
2885,2024-09-17,Line-D,Afternoon,M-401,OP-010,488,4,8,28.28,66.3
2886,2024-09-17,Line-D,Night,M-402,OP-006,600,8,0,26.19,72.2
2887,2024-09-18,Line-A,Morning,M-101,OP-016,380,4,33,31.22,68.8
2888,2024-09-18,Line-A,Afternoon,M-101,OP-008,607,12,1,28.59,63.5
2889,2024-09-18,Line-A,Night,M-101,OP-004,555,13,28,36.06,66.3
2890,2024-09-18,Line-B,Morning,M-201,OP-006,423,19,21,42.82,72.5
2891,2024-09-18,Line-B,Afternoon,M-202,OP-013,469,9,10,34.01,65.3
2892,2024-09-18,Line-B,Night,M-201,OP-009,348,17,49,44.23,65.4
2893,2024-09-18,Line-C,Morning,M-303,OP-004,411,21,37,41.37,75.3
2894,2024-09-18,Line-C,Afternoon,M-303,OP-016,423,27,35,32.82,67.3
2895,2024-09-18,Line-C,Night,M-303,OP-011,537,22,12,41.18,64.6
2896,2024-09-18,Line-D,Morning,M-401,OP-011,509,13,0,26.47,71.0
2897,2024-09-18,Line-D,Afternoon,M-402,OP-018,428,3,0,31.76,69.2
2898,2024-09-18,Line-D,Night,M-402,OP-008,438,8,34,25.13,60.2
2899,2024-09-19,Line-A,Morning,M-101,OP-010,507,9,1,33.26,71.4
2900,2024-09-19,Line-A,Afternoon,M-101,OP-011,347,4,46,32.92,70.7
2901,2024-09-19,Line-A,Night,M-101,OP-004,550,10,23,33.59,70.2
2902,2024-09-19,Line-B,Morning,M-201,OP-011,460,21,26,42.06,63.3
2903,2024-09-19,Line-B,Afternoon,M-201,OP-010,432,18,20,39.47,67.3
2904,2024-09-19,Line-C,Morning,M-302,OP-014,504,14,5,36.68,71.8
2905,2024-09-19,Line-C,Afternoon,M-302,OP-005,510,10,16,35.94,72.9
2906,2024-09-19,Line-C,Night,M-303,OP-019,560,25,43,48.72,65.5
2907,2024-09-19,Line-D,Morning,M-402,OP-001,460,8,25,34.58,67.1
2908,2024-09-19,Line-D,Afternoon,M-402,OP-011,389,8,0,22.55,62.9
2909,2024-09-19,Line-D,Night,M-402,OP-008,499,16,12,31.06,72.7
2910,2024-09-20,Line-A,Morning,M-102,OP-005,387,9,11,32.83,66.1
2911,2024-09-20,Line-A,Afternoon,M-101,OP-002,430,8,36,34.3,66.0
2912,2024-09-20,Line-A,Night,M-102,OP-017,399,0,31,25.22,66.7
2913,2024-09-20,Line-B,Morning,M-201,OP-009,559,16,57,40.73,63.4
2914,2024-09-20,Line-B,Afternoon,M-202,OP-007,465,5,18,26.76,60.4
2915,2024-09-20,Line-B,Night,M-202,OP-002,466,2,15,24.06,66.0
2916,2024-09-20,Line-C,Morning,M-302,OP-005,490,8,15,33.4,63.4
2917,2024-09-20,Line-C,Afternoon,M-301,OP-008,476,0,15,28.5,64.1
2918,2024-09-20,Line-C,Night,M-301,OP-006,498,15,4,25.28,68.7
2919,2024-09-20,Line-D,Morning,M-402,OP-010,399,5,30,30.31,60.5
2920,2024-09-20,Line-D,Afternoon,M-401,OP-001,372,7,24,21.91,69.8
2921,2024-09-20,Line-D,Night,M-402,OP-014,559,21,16,32.53,59.5
2922,2024-09-21,Line-A,Morning,M-102,OP-013,605,7,0,28.72,74.0
2923,2024-09-21,Line-A,Afternoon,M-102,OP-010,612,12,26,30.22,63.8
2924,2024-09-21,Line-A,Night,M-101,OP-018,568,7,35,36.49,70.5
2925,2024-09-21,Line-B,Morning,M-201,OP-011,589,40,32,37.96,60.5
2926,2024-09-21,Line-B,Afternoon,M-201,OP-010,614,25,52,38.29,74.2
2927,2024-09-21,Line-B,Night,M-201,OP-019,437,14,31,39.34,70.4
2928,2024-09-21,Line-C,Morning,M-303,OP-016,476,24,30,38.67,65.7
2929,2024-09-21,Line-C,Afternoon,M-301,OP-007,602,12,0,27.4,68.4
2930,2024-09-21,Line-C,Night,M-303,OP-007,590,33,21,54.09,67.9
2931,2024-09-21,Line-D,Morning,M-401,OP-012,554,4,0,22.96,55.0
2932,2024-09-21,Line-D,Afternoon,M-401,OP-005,606,12,0,32.26,68.8
2933,2024-09-21,Line-D,Night,M-402,OP-006,517,16,7,25.6,71.3
2934,2024-09-22,Line-A,Morning,M-101,OP-012,528,10,44,27.81,64.4
2935,2024-09-22,Line-A,Afternoon,M-101,OP-002,505,6,19,25.83,66.4
2936,2024-09-22,Line-A,Night,M-102,OP-019,593,8,0,35.85,63.8
2937,2024-09-22,Line-B,Morning,M-201,OP-013,438,22,49,48.1,65.0
2938,2024-09-22,Line-B,Afternoon,M-201,OP-008,515,21,25,48.02,65.8
2939,2024-09-22,Line-B,Night,M-202,OP-020,496,10,0,34.83,70.2
2940,2024-09-22,Line-C,Morning,M-303,OP-013,360,17,23,47.49,62.2
2941,2024-09-22,Line-C,Afternoon,M-303,OP-003,458,22,35,45.81,61.9
2942,2024-09-22,Line-C,Night,M-303,OP-013,579,29,55,46.37,68.0
2943,2024-09-22,Line-D,Morning,M-402,OP-012,402,5,35,36.93,65.5
2944,2024-09-22,Line-D,Night,M-401,OP-016,310,5,7,28.75,70.1
2945,2024-09-23,Line-A,Morning,M-101,OP-001,532,15,18,21.0,66.6
2946,2024-09-23,Line-A,Afternoon,M-102,OP-009,618,13,17,31.8,69.7
2947,2024-09-23,Line-A,Night,M-101,OP-019,337,5,11,36.41,68.2
2948,2024-09-23,Line-B,Morning,M-202,OP-014,381,8,0,23.92,64.7
2949,2024-09-23,Line-B,Afternoon,M-201,OP-004,512,29,42,45.16,69.9
2950,2024-09-23,Line-B,Night,M-201,OP-013,486,25,0,42.56,63.8
2951,2024-09-23,Line-C,Morning,M-301,OP-013,549,9,12,22.47,72.1
2952,2024-09-23,Line-C,Afternoon,M-303,OP-017,517,26,22,38.13,68.9
2953,2024-09-23,Line-C,Night,M-303,OP-019,438,22,2,39.56,75.2
2954,2024-09-23,Line-D,Morning,M-401,OP-007,506,10,41,18.32,64.7
2955,2024-09-23,Line-D,Afternoon,M-401,OP-006,455,12,25,25.67,72.0
2956,2024-09-23,Line-D,Night,M-401,OP-001,455,14,0,29.38,66.0
2957,2024-09-24,Line-A,Morning,M-102,OP-004,543,7,11,32.53,70.2
2958,2024-09-24,Line-A,Night,M-101,OP-003,533,11,5,28.25,68.1
2959,2024-09-24,Line-B,Morning,M-201,OP-003,494,22,35,34.41,70.7
2960,2024-09-24,Line-B,Afternoon,M-202,OP-012,490,14,12,21.31,66.6
2961,2024-09-24,Line-B,Night,M-201,OP-014,468,25,3,42.21,70.1
2962,2024-09-24,Line-C,Morning,M-303,OP-001,440,20,25,38.35,66.4
2963,2024-09-24,Line-C,Afternoon,M-301,OP-017,437,11,0,25.49,75.1
2964,2024-09-24,Line-C,Night,M-302,OP-018,537,0,0,31.21,69.3
2965,2024-09-24,Line-D,Morning,M-402,OP-011,390,12,24,32.41,73.4
2966,2024-09-24,Line-D,Afternoon,M-402,OP-020,507,11,35,35.51,64.6
2967,2024-09-24,Line-D,Night,M-401,OP-004,517,6,19,32.38,62.5
2968,2024-09-25,Line-A,Morning,M-101,OP-008,472,10,5,31.57,71.2
2969,2024-09-25,Line-A,Night,M-101,OP-005,478,10,32,32.37,68.8
2970,2024-09-25,Line-B,Morning,M-201,OP-019,422,22,39,48.42,68.2
2971,2024-09-25,Line-B,Afternoon,M-201,OP-020,371,10,46,39.15,69.7
2972,2024-09-25,Line-B,Night,M-202,OP-009,486,8,10,25.67,67.9
2973,2024-09-25,Line-C,Morning,M-301,OP-013,444,6,7,28.87,71.7
2974,2024-09-25,Line-C,Afternoon,M-302,OP-014,472,13,35,34.27,70.1
2975,2024-09-25,Line-C,Night,M-301,OP-018,499,13,13,34.92,70.5
2976,2024-09-25,Line-D,Morning,M-402,OP-007,458,12,13,29.47,66.1
2977,2024-09-25,Line-D,Afternoon,M-401,OP-014,489,14,25,31.77,70.4
2978,2024-09-25,Line-D,Night,M-402,OP-014,556,9,0,36.51,65.9
2979,2024-09-26,Line-A,Morning,M-101,OP-003,438,0,20,21.89,65.0
2980,2024-09-26,Line-A,Afternoon,M-101,OP-018,515,13,2,29.33,64.5
2981,2024-09-26,Line-A,Night,M-102,OP-003,447,9,4,28.78,62.1
2982,2024-09-26,Line-B,Morning,M-202,OP-009,547,13,23,36.45,64.7
2983,2024-09-26,Line-B,Afternoon,M-201,OP-009,458,12,82,41.25,72.2
2984,2024-09-26,Line-C,Morning,M-301,OP-013,405,11,39,29.7,64.0
2985,2024-09-26,Line-C,Afternoon,M-301,OP-006,471,0,11,34.1,67.9
2986,2024-09-26,Line-C,Night,M-302,OP-019,462,11,21,21.7,68.4
2987,2024-09-26,Line-D,Morning,M-402,OP-004,626,3,10,39.71,72.4
2988,2024-09-26,Line-D,Afternoon,M-402,OP-018,449,9,11,26.26,67.7
2989,2024-09-26,Line-D,Night,M-401,OP-002,463,9,0,23.62,67.8
2990,2024-09-27,Line-A,Morning,M-102,OP-006,582,11,7,33.77,67.4
2991,2024-09-27,Line-A,Afternoon,M-102,OP-016,592,11,22,26.23,70.0
2992,2024-09-27,Line-A,Night,M-102,OP-001,496,9,4,26.81,69.1
2993,2024-09-27,Line-B,Morning,M-201,OP-005,517,23,39,41.81,68.4
2994,2024-09-27,Line-B,Afternoon,M-202,OP-002,467,8,52,31.56,70.6
2995,2024-09-27,Line-B,Night,M-202,OP-008,506,8,31,28.54,72.2
2996,2024-09-27,Line-C,Morning,M-302,OP-015,459,4,17,24.48,70.1
2997,2024-09-27,Line-C,Afternoon,M-302,OP-015,408,6,0,44.12,61.4
2998,2024-09-27,Line-C,Night,M-302,OP-014,480,14,27,34.26,66.7
2999,2024-09-27,Line-D,Morning,M-401,OP-010,561,15,15,31.2,66.8
3000,2024-09-27,Line-D,Afternoon,M-401,OP-010,425,13,31,25.58,67.4
3001,2024-09-27,Line-D,Night,M-402,OP-003,471,8,12,34.73,65.0
3002,2024-09-28,Line-A,Morning,M-101,OP-008,429,13,5,23.68,66.1
3003,2024-09-28,Line-A,Afternoon,M-101,OP-019,460,15,25,35.74,71.3
3004,2024-09-28,Line-B,Morning,M-202,OP-001,536,6,9,25.05,67.2
3005,2024-09-28,Line-B,Afternoon,M-202,OP-017,521,10,31,24.29,70.0
3006,2024-09-28,Line-B,Night,M-201,OP-016,405,19,46,40.93,70.2
3007,2024-09-28,Line-C,Morning,M-303,OP-018,422,12,43,50.72,64.0
3008,2024-09-28,Line-C,Afternoon,M-302,OP-001,553,10,0,24.34,68.1
3009,2024-09-28,Line-C,Night,M-303,OP-001,455,15,9,37.77,68.8
3010,2024-09-28,Line-D,Morning,M-402,OP-008,479,6,15,35.2,69.6
3011,2024-09-28,Line-D,Afternoon,M-401,OP-020,472,13,0,28.88,67.2
3012,2024-09-28,Line-D,Night,M-401,OP-017,405,6,0,39.56,64.3
3013,2024-09-29,Line-A,Morning,M-101,OP-003,575,11,20,27.56,68.8
3014,2024-09-29,Line-A,Afternoon,M-101,OP-017,519,13,23,28.16,66.1
3015,2024-09-29,Line-A,Night,M-101,OP-014,384,9,28,38.08,69.2
3016,2024-09-29,Line-B,Morning,M-201,OP-012,434,12,50,33.02,66.6
3017,2024-09-29,Line-B,Afternoon,M-202,OP-008,466,8,12,30.69,58.3
3018,2024-09-29,Line-B,Night,M-201,OP-010,480,11,45,39.22,59.4
3019,2024-09-29,Line-C,Morning,M-302,OP-009,431,5,29,30.98,69.4
3020,2024-09-29,Line-C,Afternoon,M-303,OP-019,550,24,46,45.42,62.9
3021,2024-09-29,Line-C,Night,M-302,OP-017,568,2,25,22.41,70.4
3022,2024-09-29,Line-D,Morning,M-401,OP-015,591,9,8,33.05,66.7
3023,2024-09-29,Line-D,Afternoon,M-402,OP-002,589,12,7,27.3,64.3
3024,2024-09-29,Line-D,Night,M-402,OP-011,442,6,4,26.71,76.4
3025,2024-09-30,Line-A,Morning,M-101,OP-001,418,8,20,33.15,67.8
3026,2024-09-30,Line-A,Afternoon,M-101,OP-013,465,10,15,28.71,61.8
3027,2024-09-30,Line-A,Night,M-101,OP-014,451,3,1,30.17,69.4
3028,2024-09-30,Line-B,Morning,M-201,OP-017,586,23,46,43.53,73.2
3029,2024-09-30,Line-B,Afternoon,M-201,OP-014,514,18,9,43.56,65.9
3030,2024-09-30,Line-B,Night,M-202,OP-001,421,2,14,37.54,66.4
3031,2024-09-30,Line-C,Morning,M-303,OP-009,515,23,15,45.67,63.6
3032,2024-09-30,Line-C,Afternoon,M-302,OP-012,481,7,25,24.71,69.6
3033,2024-09-30,Line-C,Night,M-302,OP-006,429,6,0,40.46,70.2
3034,2024-09-30,Line-D,Morning,M-402,OP-004,433,3,4,33.58,60.4
3035,2024-09-30,Line-D,Afternoon,M-402,OP-006,471,17,0,30.4,76.8
3036,2024-09-30,Line-D,Night,M-402,OP-001,517,10,19,28.0,73.2
3037,2024-10-01,Line-A,Morning,M-101,OP-004,456,0,6,25.17,66.9
3038,2024-10-01,Line-A,Afternoon,M-101,OP-005,464,14,22,31.32,68.0
3039,2024-10-01,Line-A,Night,M-102,OP-002,416,0,13,33.97,67.6
3040,2024-10-01,Line-B,Morning,M-201,OP-016,447,22,33,50.43,72.9
3041,2024-10-01,Line-B,Afternoon,M-202,OP-004,537,14,0,33.31,69.5
3042,2024-10-01,Line-B,Night,M-202,OP-005,516,12,18,43.5,67.7
3043,2024-10-01,Line-C,Morning,M-302,OP-017,536,7,23,34.7,69.5
3044,2024-10-01,Line-C,Afternoon,M-303,OP-013,580,21,27,43.06,71.5
3045,2024-10-01,Line-C,Night,M-301,OP-001,490,15,2,24.3,69.2
3046,2024-10-01,Line-D,Morning,M-402,OP-017,475,11,11,28.3,67.7
3047,2024-10-01,Line-D,Night,M-401,OP-011,481,7,8,27.98,71.4
3048,2024-10-02,Line-A,Morning,M-101,OP-014,491,20,14,27.25,78.7
3049,2024-10-02,Line-A,Afternoon,M-102,OP-016,504,14,20,33.12,70.1
3050,2024-10-02,Line-A,Night,M-102,OP-008,413,9,0,29.13,65.1
3051,2024-10-02,Line-B,Morning,M-201,OP-008,501,24,42,43.44,65.6
3052,2024-10-02,Line-B,Afternoon,M-201,OP-009,464,25,51,36.27,61.9
3053,2024-10-02,Line-B,Night,M-201,OP-014,436,24,53,37.38,69.2
3054,2024-10-02,Line-C,Morning,M-303,OP-004,590,29,56,46.99,64.4
3055,2024-10-02,Line-C,Afternoon,M-303,OP-020,468,21,36,46.58,69.6
3056,2024-10-02,Line-C,Night,M-303,OP-005,303,10,2,42.88,69.0
3057,2024-10-02,Line-D,Morning,M-401,OP-013,496,4,22,33.58,63.0
3058,2024-10-02,Line-D,Night,M-401,OP-014,392,7,38,38.5,70.3
3059,2024-10-03,Line-A,Afternoon,M-101,OP-013,436,12,5,26.16,59.4
3060,2024-10-03,Line-A,Night,M-102,OP-008,486,6,13,18.5,68.7
3061,2024-10-03,Line-B,Morning,M-202,OP-016,334,10,19,28.61,70.3
3062,2024-10-03,Line-B,Night,M-201,OP-010,421,19,46,26.53,66.2
3063,2024-10-03,Line-C,Morning,M-302,OP-009,478,8,33,24.38,65.5
3064,2024-10-03,Line-C,Afternoon,M-303,OP-014,365,22,31,39.81,67.8
3065,2024-10-03,Line-C,Night,M-301,OP-006,518,11,51,32.27,66.1
3066,2024-10-03,Line-D,Night,M-401,OP-010,446,6,0,30.2,71.1
3067,2024-10-04,Line-A,Morning,M-101,OP-014,443,4,34,22.87,59.7
3068,2024-10-04,Line-A,Afternoon,M-102,OP-012,410,1,17,28.2,67.1
3069,2024-10-04,Line-A,Night,M-101,OP-004,549,6,23,37.56,66.2
3070,2024-10-04,Line-B,Morning,M-201,OP-011,524,22,48,34.14,61.4
3071,2024-10-04,Line-B,Afternoon,M-202,OP-019,456,4,4,28.9,70.9
3072,2024-10-04,Line-B,Night,M-202,OP-008,455,4,6,26.15,64.3
3073,2024-10-04,Line-C,Morning,M-301,OP-019,383,7,3,34.83,62.2
3074,2024-10-04,Line-C,Afternoon,M-301,OP-005,447,16,0,28.82,63.1
3075,2024-10-04,Line-C,Night,M-303,OP-004,399,24,37,42.67,61.2
3076,2024-10-04,Line-D,Afternoon,M-401,OP-007,501,15,29,33.34,63.5
3077,2024-10-04,Line-D,Night,M-401,OP-003,498,12,0,24.39,71.6
3078,2024-10-05,Line-A,Morning,M-102,OP-010,532,1,23,30.48,71.1
3079,2024-10-05,Line-A,Afternoon,M-101,OP-018,441,11,24,28.24,68.1
3080,2024-10-05,Line-A,Night,M-101,OP-005,441,15,10,25.39,65.1
3081,2024-10-05,Line-B,Morning,M-202,OP-018,487,12,0,39.24,69.2
3082,2024-10-05,Line-B,Afternoon,M-202,OP-015,507,9,12,29.26,72.1
3083,2024-10-05,Line-B,Night,M-201,OP-014,479,25,28,42.98,64.8
3084,2024-10-05,Line-C,Afternoon,M-303,OP-001,552,20,30,40.43,66.6
3085,2024-10-05,Line-C,Night,M-302,OP-005,523,8,32,25.91,68.7
3086,2024-10-05,Line-D,Morning,M-401,OP-007,433,10,11,29.22,72.8
3087,2024-10-05,Line-D,Afternoon,M-402,OP-016,440,11,0,30.56,63.2
3088,2024-10-05,Line-D,Night,M-401,OP-006,440,8,39,30.5,74.6
3089,2024-10-06,Line-A,Morning,M-102,OP-018,493,7,35,32.19,65.4
3090,2024-10-06,Line-A,Afternoon,M-102,OP-020,508,8,0,34.68,72.4
3091,2024-10-06,Line-A,Night,M-101,OP-001,590,13,8,34.17,71.4
3092,2024-10-06,Line-B,Morning,M-201,OP-019,578,26,32,38.42,70.1
3093,2024-10-06,Line-B,Afternoon,M-202,OP-017,387,10,20,32.93,68.6
3094,2024-10-06,Line-B,Night,M-202,OP-010,571,15,2,27.05,64.5
3095,2024-10-06,Line-C,Morning,M-302,OP-009,513,4,28,36.61,64.5
3096,2024-10-06,Line-C,Afternoon,M-301,OP-008,468,9,25,38.05,61.3
3097,2024-10-06,Line-D,Morning,M-401,OP-005,460,7,0,27.57,69.7
3098,2024-10-06,Line-D,Afternoon,M-402,OP-005,463,1,55,31.33,68.4
3099,2024-10-06,Line-D,Night,M-401,OP-008,414,9,9,20.56,63.7
3100,2024-10-07,Line-A,Morning,M-101,OP-018,527,20,17,35.52,67.4
3101,2024-10-07,Line-A,Afternoon,M-102,OP-020,474,14,36,36.51,63.7
3102,2024-10-07,Line-A,Night,M-102,OP-003,475,10,8,31.94,71.3
3103,2024-10-07,Line-B,Morning,M-202,OP-005,540,19,7,23.18,69.4
3104,2024-10-07,Line-B,Afternoon,M-202,OP-011,593,8,22,33.48,68.8
3105,2024-10-07,Line-B,Night,M-201,OP-012,480,17,0,36.44,66.4
3106,2024-10-07,Line-C,Morning,M-302,OP-006,545,9,4,25.55,70.6
3107,2024-10-07,Line-C,Afternoon,M-301,OP-018,561,16,21,22.62,66.6
3108,2024-10-07,Line-C,Night,M-303,OP-004,596,34,11,41.72,69.5
3109,2024-10-07,Line-D,Morning,M-402,OP-009,434,0,13,26.06,64.9
3110,2024-10-07,Line-D,Afternoon,M-401,OP-015,458,8,11,25.58,67.1
3111,2024-10-07,Line-D,Night,M-402,OP-007,374,8,0,28.55,71.7
3112,2024-10-08,Line-A,Morning,M-102,OP-005,416,10,29,13.46,67.4
3113,2024-10-08,Line-A,Afternoon,M-102,OP-012,307,5,11,17.59,75.7
3114,2024-10-08,Line-A,Night,M-102,OP-003,497,5,33,21.02,63.1
3115,2024-10-08,Line-B,Morning,M-202,OP-006,342,12,16,33.3,69.2
3116,2024-10-08,Line-B,Afternoon,M-201,OP-007,514,24,39,42.54,65.6
3117,2024-10-08,Line-B,Night,M-201,OP-010,477,23,36,34.61,62.6
3118,2024-10-08,Line-C,Afternoon,M-301,OP-013,544,8,20,24.54,62.1
3119,2024-10-08,Line-C,Night,M-301,OP-003,429,7,2,36.47,68.7
3120,2024-10-08,Line-D,Morning,M-402,OP-008,590,13,0,35.28,62.0
3121,2024-10-08,Line-D,Afternoon,M-402,OP-004,493,5,44,37.2,65.0
3122,2024-10-08,Line-D,Night,M-401,OP-001,472,10,24,30.15,63.9
3123,2024-10-09,Line-A,Morning,M-102,OP-013,436,8,30,32.14,64.9
3124,2024-10-09,Line-A,Night,M-101,OP-005,518,7,25,42.64,66.6
3125,2024-10-09,Line-B,Morning,M-201,OP-009,528,20,33,42.15,67.2
3126,2024-10-09,Line-B,Afternoon,M-201,OP-001,627,26,43,32.35,69.7
3127,2024-10-09,Line-B,Night,M-201,OP-018,548,22,0,41.81,68.1
3128,2024-10-09,Line-C,Morning,M-302,OP-003,523,20,6,25.72,63.3
3129,2024-10-09,Line-C,Afternoon,M-302,OP-019,491,11,3,33.89,69.9
3130,2024-10-09,Line-C,Night,M-301,OP-010,482,4,4,17.85,68.9
3131,2024-10-09,Line-D,Morning,M-401,OP-008,481,10,19,31.93,67.6
3132,2024-10-09,Line-D,Night,M-401,OP-001,482,2,3,30.25,65.1
3133,2024-10-10,Line-A,Morning,M-101,OP-018,531,6,15,30.58,71.0
3134,2024-10-10,Line-A,Afternoon,M-102,OP-005,534,13,0,35.97,74.1
3135,2024-10-10,Line-B,Morning,M-201,OP-014,451,21,21,32.26,65.0
3136,2024-10-10,Line-B,Afternoon,M-202,OP-010,447,6,0,26.33,68.0
3137,2024-10-10,Line-B,Night,M-202,OP-004,433,10,22,41.9,72.5
3138,2024-10-10,Line-C,Morning,M-301,OP-008,494,6,16,31.63,65.9
3139,2024-10-10,Line-C,Afternoon,M-302,OP-012,527,2,8,32.78,66.8
3140,2024-10-10,Line-D,Morning,M-402,OP-003,467,8,0,35.87,63.9
3141,2024-10-10,Line-D,Afternoon,M-401,OP-006,499,11,0,30.37,64.4
3142,2024-10-10,Line-D,Night,M-402,OP-020,563,4,2,23.88,62.6
3143,2024-10-11,Line-A,Morning,M-102,OP-005,575,13,14,26.72,71.6
3144,2024-10-11,Line-A,Afternoon,M-102,OP-020,430,11,0,26.78,71.0
3145,2024-10-11,Line-A,Night,M-102,OP-004,531,13,0,27.77,68.6
3146,2024-10-11,Line-B,Morning,M-202,OP-012,429,14,0,26.11,66.0
3147,2024-10-11,Line-B,Afternoon,M-201,OP-001,309,10,44,42.15,74.3
3148,2024-10-11,Line-B,Night,M-201,OP-005,572,28,39,42.33,57.4
3149,2024-10-11,Line-C,Morning,M-302,OP-015,396,8,21,31.45,64.4
3150,2024-10-11,Line-C,Afternoon,M-302,OP-003,536,18,26,34.95,65.8
3151,2024-10-11,Line-C,Night,M-302,OP-009,544,11,19,31.83,67.5
3152,2024-10-11,Line-D,Morning,M-402,OP-005,428,7,26,27.79,71.6
3153,2024-10-11,Line-D,Afternoon,M-402,OP-012,524,8,32,28.22,74.0
3154,2024-10-11,Line-D,Night,M-402,OP-016,506,9,0,29.56,67.2
3155,2024-10-12,Line-A,Morning,M-102,OP-020,404,6,0,32.93,73.2
3156,2024-10-12,Line-A,Afternoon,M-102,OP-005,406,14,10,25.12,71.0
3157,2024-10-12,Line-A,Night,M-101,OP-013,453,8,5,25.92,70.9
3158,2024-10-12,Line-B,Morning,M-202,OP-018,462,2,20,23.97,63.4
3159,2024-10-12,Line-B,Afternoon,M-201,OP-013,551,18,0,45.11,66.8
3160,2024-10-12,Line-B,Night,M-202,OP-017,466,7,15,26.24,73.9
3161,2024-10-12,Line-C,Morning,M-303,OP-008,391,19,44,38.2,63.9
3162,2024-10-12,Line-C,Afternoon,M-301,OP-012,541,4,2,34.44,68.1
3163,2024-10-12,Line-D,Morning,M-401,OP-012,372,13,4,27.99,69.0
3164,2024-10-12,Line-D,Afternoon,M-401,OP-004,517,19,0,34.13,71.0
3165,2024-10-13,Line-A,Morning,M-101,OP-010,471,12,26,23.09,75.0
3166,2024-10-13,Line-A,Afternoon,M-102,OP-008,386,3,8,39.62,66.8
3167,2024-10-13,Line-A,Night,M-101,OP-002,478,15,7,24.11,66.3
3168,2024-10-13,Line-B,Morning,M-201,OP-005,562,26,63,45.69,65.4
3169,2024-10-13,Line-B,Afternoon,M-201,OP-014,483,18,24,64.4,72.1
3170,2024-10-13,Line-B,Night,M-201,OP-019,531,21,58,47.5,75.5
3171,2024-10-13,Line-C,Afternoon,M-301,OP-001,589,2,0,24.98,64.2
3172,2024-10-13,Line-C,Night,M-301,OP-003,499,6,43,39.52,68.0
3173,2024-10-13,Line-D,Morning,M-401,OP-019,597,20,5,19.95,67.1
3174,2024-10-13,Line-D,Afternoon,M-402,OP-005,441,9,13,30.32,70.1
3175,2024-10-13,Line-D,Night,M-402,OP-005,407,9,5,31.0,71.8
3176,2024-10-14,Line-A,Morning,M-102,OP-016,406,6,10,27.43,71.6
3177,2024-10-14,Line-A,Afternoon,M-102,OP-015,436,5,1,35.46,66.0
3178,2024-10-14,Line-A,Night,M-101,OP-010,507,19,10,35.56,74.7
3179,2024-10-14,Line-B,Morning,M-201,OP-002,541,24,44,35.56,64.9
3180,2024-10-14,Line-B,Afternoon,M-201,OP-017,443,30,22,37.86,63.8
3181,2024-10-14,Line-B,Night,M-202,OP-014,513,10,28,33.36,62.5
3182,2024-10-14,Line-C,Morning,M-302,OP-018,431,14,8,35.94,67.4
3183,2024-10-14,Line-C,Afternoon,M-302,OP-019,421,6,0,27.17,68.8
3184,2024-10-14,Line-C,Night,M-303,OP-008,510,15,34,39.07,65.4
3185,2024-10-14,Line-D,Morning,M-401,OP-009,487,6,32,35.94,72.7
3186,2024-10-14,Line-D,Afternoon,M-402,OP-005,450,4,13,29.25,65.6
3187,2024-10-14,Line-D,Night,M-402,OP-020,409,7,5,33.44,70.7
3188,2024-10-15,Line-A,Afternoon,M-101,OP-015,546,3,18,26.36,63.1
3189,2024-10-15,Line-A,Night,M-102,OP-013,454,13,6,37.83,70.2
3190,2024-10-15,Line-B,Morning,M-202,OP-014,456,13,18,25.34,75.4
3191,2024-10-15,Line-B,Afternoon,M-201,OP-004,495,22,22,47.9,70.1
3192,2024-10-15,Line-C,Morning,M-302,OP-001,517,7,24,34.56,65.3
3193,2024-10-15,Line-C,Afternoon,M-301,OP-018,394,9,0,30.76,66.2
3194,2024-10-15,Line-C,Night,M-301,OP-020,553,8,28,27.43,72.0
3195,2024-10-15,Line-D,Afternoon,M-401,OP-018,603,4,16,43.74,68.3
3196,2024-10-15,Line-D,Night,M-401,OP-008,483,13,12,21.46,72.5
3197,2024-10-16,Line-A,Morning,M-101,OP-019,359,5,30,28.22,65.2
3198,2024-10-16,Line-A,Afternoon,M-102,OP-002,532,5,0,31.37,67.3
3199,2024-10-16,Line-B,Morning,M-202,OP-001,405,10,18,28.2,66.8
3200,2024-10-16,Line-B,Afternoon,M-202,OP-013,508,15,7,33.27,70.3
3201,2024-10-16,Line-B,Night,M-202,OP-013,532,10,0,27.69,69.4
3202,2024-10-16,Line-C,Morning,M-301,OP-004,589,8,24,28.36,68.4
3203,2024-10-16,Line-C,Afternoon,M-303,OP-017,570,30,16,39.14,73.0
3204,2024-10-16,Line-C,Night,M-301,OP-001,488,3,0,33.52,72.0
3205,2024-10-16,Line-D,Morning,M-402,OP-016,481,21,24,28.78,64.7
3206,2024-10-16,Line-D,Afternoon,M-401,OP-010,421,9,4,38.37,73.9
3207,2024-10-16,Line-D,Night,M-402,OP-003,517,3,1,36.28,65.7
3208,2024-10-17,Line-A,Morning,M-101,OP-008,547,12,12,26.49,67.6
3209,2024-10-17,Line-A,Afternoon,M-101,OP-006,491,14,0,28.69,68.2
3210,2024-10-17,Line-A,Night,M-102,OP-015,519,5,0,33.37,61.9
3211,2024-10-17,Line-B,Morning,M-202,OP-010,557,9,0,27.6,69.5
3212,2024-10-17,Line-B,Afternoon,M-202,OP-002,448,8,23,28.99,64.3
3213,2024-10-17,Line-B,Night,M-202,OP-008,462,15,37,19.9,72.4
3214,2024-10-17,Line-C,Morning,M-303,OP-020,495,27,26,33.16,70.3
3215,2024-10-17,Line-C,Night,M-303,OP-016,423,13,15,45.0,68.6
3216,2024-10-17,Line-D,Morning,M-401,OP-005,526,13,5,29.65,66.0
3217,2024-10-17,Line-D,Afternoon,M-402,OP-018,467,4,17,35.38,64.7
3218,2024-10-17,Line-D,Night,M-401,OP-016,556,11,15,21.5,60.8
3219,2024-10-18,Line-A,Morning,M-102,OP-006,488,13,1,38.35,70.9
3220,2024-10-18,Line-A,Afternoon,M-101,OP-003,425,8,49,23.79,70.1
3221,2024-10-18,Line-A,Night,M-102,OP-012,460,12,31,28.07,72.5
3222,2024-10-18,Line-B,Morning,M-201,OP-015,613,28,46,39.05,68.1
3223,2024-10-18,Line-B,Afternoon,M-202,OP-009,469,12,30,29.45,74.1
3224,2024-10-18,Line-B,Night,M-202,OP-005,571,15,4,26.94,64.8
3225,2024-10-18,Line-C,Morning,M-303,OP-016,536,18,45,36.59,71.3
3226,2024-10-18,Line-C,Night,M-302,OP-014,481,15,29,37.18,73.8
3227,2024-10-18,Line-D,Morning,M-401,OP-015,488,3,0,19.57,63.7
3228,2024-10-18,Line-D,Afternoon,M-402,OP-012,484,6,9,32.46,66.8
3229,2024-10-18,Line-D,Night,M-402,OP-017,412,7,0,28.65,73.4
3230,2024-10-19,Line-A,Morning,M-101,OP-020,463,17,33,27.1,63.6
3231,2024-10-19,Line-A,Afternoon,M-101,OP-008,476,14,4,34.54,72.8
3232,2024-10-19,Line-A,Night,M-101,OP-005,433,5,22,30.76,65.3
3233,2024-10-19,Line-B,Morning,M-202,OP-013,458,8,0,33.83,66.1
3234,2024-10-19,Line-B,Afternoon,M-202,OP-003,312,6,0,38.44,65.7
3235,2024-10-19,Line-B,Night,M-202,OP-003,414,10,2,26.1,70.0
3236,2024-10-19,Line-C,Morning,M-302,OP-018,417,1,37,32.9,66.9
3237,2024-10-19,Line-C,Afternoon,M-302,OP-004,479,11,26,26.22,69.5
3238,2024-10-19,Line-C,Night,M-303,OP-004,449,19,37,41.97,70.9
3239,2024-10-19,Line-D,Morning,M-402,OP-014,509,1,0,28.15,75.3
3240,2024-10-19,Line-D,Afternoon,M-402,OP-003,428,7,3,27.23,68.7
3241,2024-10-19,Line-D,Night,M-402,OP-007,564,13,0,43.77,68.3
3242,2024-10-20,Line-A,Morning,M-102,OP-004,445,14,4,38.31,64.5
3243,2024-10-20,Line-A,Afternoon,M-101,OP-018,565,11,31,39.51,63.5
3244,2024-10-20,Line-A,Night,M-102,OP-005,556,2,0,25.98,70.0
3245,2024-10-20,Line-B,Morning,M-202,OP-019,481,8,14,32.96,70.7
3246,2024-10-20,Line-B,Night,M-202,OP-002,545,20,11,27.39,70.5
3247,2024-10-20,Line-C,Morning,M-302,OP-014,411,5,26,29.38,63.2
3248,2024-10-20,Line-C,Afternoon,M-301,OP-002,390,7,29,35.64,68.4
3249,2024-10-20,Line-C,Night,M-301,OP-014,600,10,9,17.16,66.2
3250,2024-10-20,Line-D,Morning,M-401,OP-003,531,18,0,32.31,72.2
3251,2024-10-20,Line-D,Afternoon,M-402,OP-013,480,0,15,33.81,64.2
3252,2024-10-20,Line-D,Night,M-402,OP-014,464,3,0,35.14,68.0
3253,2024-10-21,Line-A,Morning,M-102,OP-006,575,15,6,29.58,70.3
3254,2024-10-21,Line-A,Afternoon,M-101,OP-014,538,11,28,28.52,64.0
3255,2024-10-21,Line-A,Night,M-102,OP-006,476,10,0,23.32,69.8
3256,2024-10-21,Line-B,Morning,M-202,OP-016,455,7,6,37.6,73.0
3257,2024-10-21,Line-B,Afternoon,M-201,OP-014,405,16,47,45.01,67.8
3258,2024-10-21,Line-B,Night,M-202,OP-001,411,5,4,31.38,74.8
3259,2024-10-21,Line-C,Morning,M-303,OP-007,438,15,33,47.16,62.2
3260,2024-10-21,Line-C,Night,M-303,OP-005,567,25,23,34.0,70.8
3261,2024-10-21,Line-D,Morning,M-402,OP-001,469,9,0,28.4,66.1
3262,2024-10-21,Line-D,Afternoon,M-402,OP-005,473,5,0,43.64,62.5
3263,2024-10-21,Line-D,Night,M-402,OP-004,490,0,0,30.49,68.7
3264,2024-10-22,Line-A,Morning,M-102,OP-009,555,12,9,25.25,74.0
3265,2024-10-22,Line-A,Afternoon,M-101,OP-015,535,3,12,30.72,66.6
3266,2024-10-22,Line-A,Night,M-101,OP-015,526,14,9,28.6,74.0
3267,2024-10-22,Line-B,Morning,M-201,OP-002,535,24,10,43.72,70.8
3268,2024-10-22,Line-B,Afternoon,M-201,OP-014,314,15,28,40.9,64.4
3269,2024-10-22,Line-B,Night,M-201,OP-020,471,28,28,46.83,64.8
3270,2024-10-22,Line-C,Morning,M-302,OP-007,525,9,17,30.04,70.6
3271,2024-10-22,Line-C,Afternoon,M-303,OP-019,325,10,41,31.78,65.9
3272,2024-10-22,Line-C,Night,M-302,OP-012,476,5,1,31.36,72.0
3273,2024-10-22,Line-D,Afternoon,M-401,OP-016,422,5,1,17.89,68.6
3274,2024-10-22,Line-D,Night,M-402,OP-014,536,15,0,23.74,68.1
3275,2024-10-23,Line-A,Morning,M-102,OP-018,529,10,16,35.71,65.0
3276,2024-10-23,Line-A,Afternoon,M-102,OP-004,466,16,9,23.66,65.3
3277,2024-10-23,Line-A,Night,M-102,OP-014,423,9,0,31.36,65.1
3278,2024-10-23,Line-B,Morning,M-201,OP-018,352,17,37,44.59,65.3
3279,2024-10-23,Line-B,Afternoon,M-202,OP-014,433,10,34,30.06,69.7
3280,2024-10-23,Line-B,Night,M-201,OP-003,460,14,49,46.54,70.8
3281,2024-10-23,Line-C,Morning,M-301,OP-003,469,11,25,38.1,72.0
3282,2024-10-23,Line-C,Afternoon,M-303,OP-014,483,15,37,43.28,70.8
3283,2024-10-23,Line-C,Night,M-303,OP-020,561,25,66,33.2,69.7
3284,2024-10-23,Line-D,Morning,M-401,OP-015,432,0,8,22.71,67.4
3285,2024-10-23,Line-D,Afternoon,M-401,OP-010,482,14,0,34.54,68.4
3286,2024-10-23,Line-D,Night,M-401,OP-008,541,7,0,23.91,62.8
3287,2024-10-24,Line-A,Morning,M-102,OP-004,508,17,3,33.15,61.9
3288,2024-10-24,Line-A,Afternoon,M-102,OP-004,490,12,0,28.98,70.9
3289,2024-10-24,Line-A,Night,M-102,OP-014,303,10,17,33.58,66.3
3290,2024-10-24,Line-B,Morning,M-202,OP-001,376,9,10,30.16,72.4
3291,2024-10-24,Line-B,Afternoon,M-201,OP-017,525,34,37,38.54,67.2
3292,2024-10-24,Line-B,Night,M-202,OP-010,504,14,0,30.04,74.4
3293,2024-10-24,Line-C,Morning,M-302,OP-008,465,13,19,34.78,64.8
3294,2024-10-24,Line-C,Night,M-301,OP-001,431,8,0,28.65,69.0
3295,2024-10-24,Line-D,Afternoon,M-402,OP-011,587,13,21,35.82,64.1
3296,2024-10-24,Line-D,Night,M-402,OP-008,470,20,10,35.58,71.9
3297,2024-10-25,Line-A,Morning,M-102,OP-007,391,8,14,31.65,65.0
3298,2024-10-25,Line-A,Afternoon,M-102,OP-002,412,5,10,35.92,75.3
3299,2024-10-25,Line-A,Night,M-102,OP-005,563,15,0,27.96,68.8
3300,2024-10-25,Line-B,Morning,M-202,OP-006,442,11,22,32.68,72.1
3301,2024-10-25,Line-B,Afternoon,M-202,OP-017,425,12,1,25.3,70.1
3302,2024-10-25,Line-B,Night,M-201,OP-004,552,28,35,43.55,68.5
3303,2024-10-25,Line-C,Morning,M-301,OP-017,412,2,10,30.4,68.0
3304,2024-10-25,Line-C,Afternoon,M-303,OP-013,520,22,43,41.28,75.3
3305,2024-10-25,Line-C,Night,M-303,OP-009,484,33,40,40.93,64.4
3306,2024-10-25,Line-D,Morning,M-401,OP-011,393,3,0,31.97,65.9
3307,2024-10-25,Line-D,Afternoon,M-401,OP-001,491,15,10,40.4,63.3
3308,2024-10-25,Line-D,Night,M-401,OP-001,470,6,26,18.8,62.2
3309,2024-10-26,Line-A,Morning,M-101,OP-019,473,16,15,23.24,63.2
3310,2024-10-26,Line-A,Afternoon,M-101,OP-015,580,7,0,37.39,72.0
3311,2024-10-26,Line-A,Night,M-102,OP-006,556,5,0,30.67,69.3
3312,2024-10-26,Line-B,Morning,M-201,OP-010,501,30,8,46.3,63.6
3313,2024-10-26,Line-B,Afternoon,M-201,OP-013,531,21,22,38.95,62.2
3314,2024-10-26,Line-B,Night,M-201,OP-009,482,18,46,45.2,74.8
3315,2024-10-26,Line-C,Morning,M-301,OP-001,501,12,33,26.86,62.0
3316,2024-10-26,Line-C,Afternoon,M-303,OP-004,492,15,71,49.28,76.7
3317,2024-10-26,Line-C,Night,M-303,OP-004,483,24,28,46.41,63.1
3318,2024-10-26,Line-D,Morning,M-402,OP-009,327,3,0,37.39,75.3
3319,2024-10-26,Line-D,Afternoon,M-401,OP-003,395,12,26,22.15,66.4
3320,2024-10-26,Line-D,Night,M-402,OP-007,445,11,0,29.51,65.3
3321,2024-10-27,Line-A,Morning,M-102,OP-001,508,8,3,28.93,76.1
3322,2024-10-27,Line-A,Afternoon,M-102,OP-003,454,3,20,29.28,62.3
3323,2024-10-27,Line-A,Night,M-102,OP-013,613,9,6,30.8,74.9
3324,2024-10-27,Line-B,Morning,M-202,OP-006,379,8,43,30.64,63.1
3325,2024-10-27,Line-B,Afternoon,M-201,OP-006,442,21,54,40.3,71.3
3326,2024-10-27,Line-B,Night,M-201,OP-004,393,12,27,49.19,68.3
3327,2024-10-27,Line-C,Morning,M-302,OP-016,497,10,28,26.95,70.8
3328,2024-10-27,Line-C,Afternoon,M-303,OP-018,430,28,22,37.59,70.2
3329,2024-10-27,Line-D,Morning,M-402,OP-004,484,10,15,24.55,74.5
3330,2024-10-27,Line-D,Afternoon,M-401,OP-018,533,17,4,32.08,68.8
3331,2024-10-28,Line-A,Morning,M-101,OP-007,547,16,14,22.41,75.1
3332,2024-10-28,Line-A,Afternoon,M-101,OP-007,513,6,18,22.44,72.2
3333,2024-10-28,Line-B,Morning,M-201,OP-005,391,17,38,47.19,68.4
3334,2024-10-28,Line-B,Afternoon,M-202,OP-007,518,9,11,30.43,67.2
3335,2024-10-28,Line-B,Night,M-202,OP-018,378,4,15,28.75,67.4
3336,2024-10-28,Line-C,Morning,M-302,OP-016,460,4,4,28.47,68.0
3337,2024-10-28,Line-C,Afternoon,M-302,OP-007,503,8,0,23.01,78.4
3338,2024-10-28,Line-C,Night,M-301,OP-009,412,5,19,31.8,70.1
3339,2024-10-28,Line-D,Morning,M-401,OP-019,453,9,12,28.44,69.0
3340,2024-10-28,Line-D,Afternoon,M-402,OP-006,543,10,11,35.34,71.8
3341,2024-10-28,Line-D,Night,M-402,OP-014,575,0,25,33.01,64.5
3342,2024-10-29,Line-A,Morning,M-102,OP-020,495,14,0,32.21,71.5
3343,2024-10-29,Line-A,Afternoon,M-102,OP-020,415,7,16,26.02,64.5
3344,2024-10-29,Line-A,Night,M-102,OP-014,471,12,21,25.69,70.6
3345,2024-10-29,Line-B,Morning,M-202,OP-012,429,1,6,35.61,70.6
3346,2024-10-29,Line-B,Afternoon,M-201,OP-015,479,20,29,42.54,63.7
3347,2024-10-29,Line-B,Night,M-201,OP-017,459,20,14,37.81,69.6
3348,2024-10-29,Line-C,Morning,M-302,OP-010,480,7,0,37.88,64.6
3349,2024-10-29,Line-C,Afternoon,M-303,OP-017,495,20,35,44.29,62.5
3350,2024-10-29,Line-C,Night,M-301,OP-004,479,14,38,29.35,68.2
3351,2024-10-29,Line-D,Morning,M-402,OP-014,612,18,2,26.91,71.8
3352,2024-10-29,Line-D,Afternoon,M-402,OP-008,419,12,17,32.59,67.0
3353,2024-10-30,Line-A,Morning,M-102,OP-005,442,14,8,27.95,67.7
3354,2024-10-30,Line-A,Afternoon,M-101,OP-001,491,4,3,26.91,71.4
3355,2024-10-30,Line-A,Night,M-101,OP-011,426,0,0,22.65,73.4
3356,2024-10-30,Line-B,Morning,M-202,OP-008,480,11,20,30.28,67.7
3357,2024-10-30,Line-B,Afternoon,M-202,OP-010,542,11,32,33.1,65.5
3358,2024-10-30,Line-B,Night,M-201,OP-004,450,17,53,39.97,64.8
3359,2024-10-30,Line-C,Morning,M-303,OP-020,499,22,39,51.45,71.7
3360,2024-10-30,Line-C,Afternoon,M-303,OP-003,481,15,27,45.56,63.3
3361,2024-10-30,Line-C,Night,M-303,OP-014,608,27,35,38.67,70.0
3362,2024-10-30,Line-D,Morning,M-402,OP-011,410,16,31,34.92,62.4
3363,2024-10-30,Line-D,Afternoon,M-401,OP-007,492,15,20,24.99,65.4
3364,2024-10-31,Line-A,Morning,M-101,OP-009,452,5,34,20.39,70.6
3365,2024-10-31,Line-A,Afternoon,M-101,OP-015,402,3,0,27.25,74.0
3366,2024-10-31,Line-A,Night,M-102,OP-019,495,3,27,36.16,68.4
3367,2024-10-31,Line-B,Morning,M-201,OP-010,602,32,45,37.98,70.5
3368,2024-10-31,Line-B,Night,M-201,OP-015,493,25,24,42.64,64.7
3369,2024-10-31,Line-C,Morning,M-302,OP-002,351,10,0,30.54,69.3
3370,2024-10-31,Line-C,Afternoon,M-303,OP-002,499,21,39,44.35,70.9
3371,2024-10-31,Line-C,Night,M-301,OP-003,584,12,12,25.47,69.7
3372,2024-10-31,Line-D,Morning,M-402,OP-010,520,8,20,28.54,70.7
3373,2024-10-31,Line-D,Afternoon,M-402,OP-013,534,14,13,24.8,65.6
3374,2024-11-01,Line-A,Morning,M-102,OP-020,515,22,6,32.28,65.8
3375,2024-11-01,Line-A,Night,M-102,OP-016,421,5,0,36.77,59.1
3376,2024-11-01,Line-B,Morning,M-201,OP-012,464,15,21,48.88,68.8
3377,2024-11-01,Line-B,Afternoon,M-201,OP-001,422,17,23,41.78,68.7
3378,2024-11-01,Line-B,Night,M-201,OP-005,593,15,34,40.42,71.8
3379,2024-11-01,Line-C,Morning,M-302,OP-014,501,12,17,25.34,72.8
3380,2024-11-01,Line-C,Afternoon,M-301,OP-007,527,14,30,32.09,73.9
3381,2024-11-01,Line-C,Night,M-302,OP-018,502,8,11,29.88,65.9
3382,2024-11-01,Line-D,Morning,M-401,OP-009,577,12,13,31.94,79.9
3383,2024-11-01,Line-D,Afternoon,M-401,OP-004,412,4,0,28.84,69.0
3384,2024-11-02,Line-A,Morning,M-102,OP-011,452,6,14,27.49,69.2
3385,2024-11-02,Line-A,Afternoon,M-102,OP-009,546,14,25,35.43,69.1
3386,2024-11-02,Line-A,Night,M-101,OP-019,470,5,6,27.38,70.9
3387,2024-11-02,Line-B,Morning,M-201,OP-011,500,26,17,49.16,66.3
3388,2024-11-02,Line-B,Afternoon,M-202,OP-015,413,6,49,28.06,66.7
3389,2024-11-02,Line-B,Night,M-201,OP-019,468,20,23,42.72,72.3
3390,2024-11-02,Line-C,Morning,M-302,OP-009,498,3,6,27.24,68.2
3391,2024-11-02,Line-C,Afternoon,M-303,OP-016,559,24,33,50.89,71.5
3392,2024-11-02,Line-C,Night,M-302,OP-010,514,19,19,20.07,71.3
3393,2024-11-02,Line-D,Morning,M-402,OP-018,384,9,0,27.67,66.5
3394,2024-11-02,Line-D,Afternoon,M-401,OP-007,433,6,27,26.43,70.2
3395,2024-11-02,Line-D,Night,M-401,OP-016,422,7,16,25.02,62.8
3396,2024-11-03,Line-A,Night,M-102,OP-007,509,15,10,27.71,68.6
3397,2024-11-03,Line-B,Morning,M-202,OP-007,483,10,0,24.65,64.6
3398,2024-11-03,Line-B,Afternoon,M-202,OP-010,489,10,21,31.29,62.8
3399,2024-11-03,Line-B,Night,M-201,OP-017,566,33,16,43.66,65.6
3400,2024-11-03,Line-C,Morning,M-301,OP-008,488,14,43,33.76,69.2
3401,2024-11-03,Line-C,Afternoon,M-302,OP-015,459,9,32,29.78,64.5
3402,2024-11-03,Line-C,Night,M-303,OP-007,382,19,38,38.77,72.1
3403,2024-11-03,Line-D,Morning,M-401,OP-003,454,8,11,28.25,68.9
3404,2024-11-03,Line-D,Afternoon,M-401,OP-010,549,4,19,30.86,68.6
3405,2024-11-03,Line-D,Night,M-401,OP-005,532,10,19,33.58,66.0
3406,2024-11-04,Line-A,Morning,M-101,OP-004,497,8,10,28.39,69.9
3407,2024-11-04,Line-A,Afternoon,M-102,OP-006,484,11,11,21.98,68.1
3408,2024-11-04,Line-A,Night,M-102,OP-017,483,10,3,24.02,70.5
3409,2024-11-04,Line-B,Morning,M-202,OP-004,463,9,7,29.97,66.2
3410,2024-11-04,Line-B,Afternoon,M-201,OP-012,421,21,25,42.82,69.6
3411,2024-11-04,Line-B,Night,M-201,OP-013,444,15,71,39.36,70.5
3412,2024-11-04,Line-C,Morning,M-303,OP-011,596,32,30,41.66,64.7
3413,2024-11-04,Line-C,Night,M-301,OP-002,532,13,4,24.79,62.7
3414,2024-11-04,Line-D,Morning,M-402,OP-007,539,10,15,25.89,62.1
3415,2024-11-04,Line-D,Afternoon,M-402,OP-006,537,10,25,28.07,67.1
3416,2024-11-04,Line-D,Night,M-402,OP-017,522,13,23,28.52,70.5
3417,2024-11-05,Line-A,Morning,M-101,OP-008,546,9,4,36.71,65.4
3418,2024-11-05,Line-A,Afternoon,M-101,OP-004,517,9,0,35.64,57.0
3419,2024-11-05,Line-B,Afternoon,M-201,OP-018,360,18,42,38.81,68.6
3420,2024-11-05,Line-B,Night,M-201,OP-020,328,17,38,41.77,68.1
3421,2024-11-05,Line-C,Morning,M-302,OP-013,509,9,0,40.98,72.8
3422,2024-11-05,Line-C,Afternoon,M-301,OP-009,402,6,8,35.39,59.4
3423,2024-11-05,Line-C,Night,M-301,OP-007,450,0,7,27.64,68.3
3424,2024-11-05,Line-D,Morning,M-402,OP-020,443,5,21,32.27,70.2
3425,2024-11-05,Line-D,Afternoon,M-401,OP-004,469,6,10,32.51,59.3
3426,2024-11-05,Line-D,Night,M-402,OP-010,503,11,12,29.25,57.7
3427,2024-11-06,Line-A,Morning,M-101,OP-006,453,16,12,28.46,68.1
3428,2024-11-06,Line-A,Afternoon,M-101,OP-006,501,12,8,32.12,74.7
3429,2024-11-06,Line-A,Night,M-102,OP-005,540,22,2,38.38,64.8
3430,2024-11-06,Line-B,Morning,M-202,OP-014,501,13,4,30.44,71.6
3431,2024-11-06,Line-B,Afternoon,M-201,OP-009,437,27,14,51.7,72.0
3432,2024-11-06,Line-B,Night,M-201,OP-001,474,19,27,41.32,67.8
3433,2024-11-06,Line-C,Morning,M-302,OP-019,555,21,14,25.77,65.8
3434,2024-11-06,Line-C,Night,M-302,OP-004,469,4,0,40.49,69.2
3435,2024-11-06,Line-D,Night,M-402,OP-008,430,11,0,24.52,64.8
3436,2024-11-07,Line-A,Morning,M-101,OP-005,579,9,0,36.05,66.8
3437,2024-11-07,Line-A,Afternoon,M-101,OP-010,369,5,19,32.02,75.2
3438,2024-11-07,Line-A,Night,M-102,OP-015,428,8,1,22.29,71.5
3439,2024-11-07,Line-B,Morning,M-202,OP-018,507,11,18,26.57,64.0
3440,2024-11-07,Line-B,Afternoon,M-202,OP-009,482,14,36,33.98,68.1
3441,2024-11-07,Line-B,Night,M-201,OP-012,496,22,19,42.12,62.7
3442,2024-11-07,Line-C,Morning,M-302,OP-017,472,16,24,25.38,67.7
3443,2024-11-07,Line-C,Afternoon,M-303,OP-016,429,19,50,45.27,77.9
3444,2024-11-07,Line-C,Night,M-303,OP-017,551,26,45,40.99,63.5
3445,2024-11-07,Line-D,Morning,M-401,OP-005,558,16,8,31.37,73.0
3446,2024-11-07,Line-D,Afternoon,M-401,OP-005,530,2,15,29.16,72.5
3447,2024-11-07,Line-D,Night,M-401,OP-008,541,17,0,26.08,72.5
3448,2024-11-08,Line-A,Morning,M-102,OP-012,444,1,19,27.26,75.2
3449,2024-11-08,Line-A,Afternoon,M-101,OP-007,497,10,6,37.95,69.4
3450,2024-11-08,Line-A,Night,M-102,OP-004,455,5,10,25.11,72.1
3451,2024-11-08,Line-B,Morning,M-202,OP-017,371,6,21,31.71,65.1
3452,2024-11-08,Line-B,Afternoon,M-202,OP-011,519,5,11,33.26,69.9
3453,2024-11-08,Line-B,Night,M-202,OP-009,439,13,13,33.71,74.1
3454,2024-11-08,Line-C,Morning,M-301,OP-019,547,16,14,33.97,68.9
3455,2024-11-08,Line-C,Afternoon,M-302,OP-020,407,9,15,32.92,67.5
3456,2024-11-08,Line-C,Night,M-302,OP-019,434,11,0,37.29,67.1
3457,2024-11-08,Line-D,Morning,M-402,OP-010,494,12,20,22.96,71.3
3458,2024-11-08,Line-D,Afternoon,M-401,OP-016,498,6,0,28.33,62.8
3459,2024-11-08,Line-D,Night,M-401,OP-015,583,19,18,28.88,67.2
3460,2024-11-09,Line-A,Morning,M-102,OP-020,525,19,3,24.41,74.2
3461,2024-11-09,Line-A,Afternoon,M-101,OP-010,372,3,8,22.2,72.4
3462,2024-11-09,Line-A,Night,M-101,OP-010,531,7,31,37.25,67.5
3463,2024-11-09,Line-B,Night,M-201,OP-002,452,31,45,43.28,73.5
3464,2024-11-09,Line-C,Morning,M-301,OP-014,498,6,13,35.19,60.0
3465,2024-11-09,Line-C,Afternoon,M-301,OP-002,462,15,4,37.73,73.7
3466,2024-11-09,Line-C,Night,M-302,OP-010,476,6,7,43.32,75.5
3467,2024-11-09,Line-D,Morning,M-401,OP-003,487,6,13,31.22,63.0
3468,2024-11-09,Line-D,Afternoon,M-401,OP-007,484,15,0,34.13,73.5
3469,2024-11-09,Line-D,Night,M-401,OP-010,446,16,1,32.21,66.8
3470,2024-11-10,Line-A,Morning,M-102,OP-012,461,5,22,34.24,67.7
3471,2024-11-10,Line-A,Afternoon,M-102,OP-014,398,9,18,28.92,75.5
3472,2024-11-10,Line-A,Night,M-101,OP-009,386,0,1,33.55,63.8
3473,2024-11-10,Line-B,Morning,M-202,OP-006,421,12,18,31.89,71.1
3474,2024-11-10,Line-B,Afternoon,M-202,OP-019,454,6,24,23.28,59.4
3475,2024-11-10,Line-B,Night,M-201,OP-009,454,25,38,46.29,59.9
3476,2024-11-10,Line-C,Morning,M-303,OP-007,498,26,14,46.31,67.6
3477,2024-11-10,Line-C,Afternoon,M-301,OP-010,664,0,32,28.03,61.5
3478,2024-11-10,Line-C,Night,M-303,OP-015,448,21,50,50.61,73.7
3479,2024-11-10,Line-D,Morning,M-402,OP-014,422,12,17,26.73,67.2
3480,2024-11-10,Line-D,Afternoon,M-402,OP-011,437,8,1,24.86,69.9
3481,2024-11-10,Line-D,Night,M-402,OP-015,517,8,32,28.7,66.8
3482,2024-11-11,Line-A,Morning,M-102,OP-014,519,9,13,17.4,68.1
3483,2024-11-11,Line-A,Afternoon,M-102,OP-001,370,2,0,24.79,65.8
3484,2024-11-11,Line-A,Night,M-101,OP-014,450,11,15,20.49,68.3
3485,2024-11-11,Line-B,Morning,M-201,OP-020,499,21,34,42.95,71.1
3486,2024-11-11,Line-B,Afternoon,M-201,OP-019,385,16,57,49.08,71.4
3487,2024-11-11,Line-B,Night,M-201,OP-020,512,32,63,41.35,64.1
3488,2024-11-11,Line-C,Morning,M-303,OP-010,463,35,11,39.65,62.3
3489,2024-11-11,Line-C,Night,M-301,OP-013,487,3,10,20.25,70.5
3490,2024-11-11,Line-D,Morning,M-402,OP-017,553,8,9,29.18,68.7
3491,2024-11-11,Line-D,Afternoon,M-401,OP-003,477,12,30,25.93,66.8
3492,2024-11-12,Line-A,Morning,M-101,OP-011,534,2,0,31.13,70.0
3493,2024-11-12,Line-A,Afternoon,M-102,OP-019,436,5,0,25.67,70.8
3494,2024-11-12,Line-A,Night,M-102,OP-002,409,6,0,22.72,71.5
3495,2024-11-12,Line-B,Morning,M-201,OP-007,448,21,12,38.29,71.0
3496,2024-11-12,Line-B,Afternoon,M-202,OP-005,635,0,8,32.06,65.5
3497,2024-11-12,Line-B,Night,M-201,OP-010,530,19,37,39.39,72.9
3498,2024-11-12,Line-C,Morning,M-303,OP-001,439,18,49,36.86,68.3
3499,2024-11-12,Line-C,Afternoon,M-303,OP-007,370,13,40,37.05,65.8
3500,2024-11-12,Line-C,Night,M-301,OP-005,509,6,24,31.08,69.7
3501,2024-11-12,Line-D,Morning,M-401,OP-017,554,12,35,34.56,65.9
3502,2024-11-12,Line-D,Afternoon,M-401,OP-004,557,11,6,31.39,72.4
3503,2024-11-12,Line-D,Night,M-402,OP-013,507,18,28,32.62,63.9
3504,2024-11-13,Line-A,Afternoon,M-102,OP-016,469,9,22,33.19,68.7
3505,2024-11-13,Line-A,Night,M-101,OP-018,487,12,0,38.48,59.8
3506,2024-11-13,Line-B,Morning,M-202,OP-020,567,10,27,31.82,69.4
3507,2024-11-13,Line-B,Afternoon,M-201,OP-001,513,27,30,47.17,63.7
3508,2024-11-13,Line-B,Night,M-201,OP-006,479,26,49,44.3,66.4
3509,2024-11-13,Line-C,Morning,M-303,OP-018,533,20,61,41.58,61.8
3510,2024-11-13,Line-C,Afternoon,M-302,OP-010,408,8,14,39.85,63.8
3511,2024-11-13,Line-C,Night,M-301,OP-019,482,4,4,38.42,63.5
3512,2024-11-13,Line-D,Morning,M-402,OP-013,515,11,11,32.6,63.4
3513,2024-11-13,Line-D,Afternoon,M-401,OP-015,579,22,12,42.12,66.4
3514,2024-11-13,Line-D,Night,M-402,OP-005,504,16,5,23.09,61.6
3515,2024-11-14,Line-A,Afternoon,M-102,OP-001,603,8,9,24.44,71.8
3516,2024-11-14,Line-A,Night,M-101,OP-020,433,6,16,24.68,67.3
3517,2024-11-14,Line-B,Morning,M-202,OP-005,564,13,13,31.07,66.4
3518,2024-11-14,Line-B,Afternoon,M-202,OP-009,599,6,15,30.58,72.0
3519,2024-11-14,Line-C,Morning,M-303,OP-017,546,24,39,43.64,58.9
3520,2024-11-14,Line-C,Afternoon,M-303,OP-017,384,15,26,36.0,71.0
3521,2024-11-14,Line-C,Night,M-301,OP-006,480,8,0,29.78,57.5
3522,2024-11-14,Line-D,Morning,M-402,OP-019,470,9,15,22.18,68.9
3523,2024-11-14,Line-D,Afternoon,M-401,OP-009,417,4,22,40.07,68.2
3524,2024-11-14,Line-D,Night,M-402,OP-013,430,9,26,33.1,79.0
3525,2024-11-15,Line-A,Afternoon,M-102,OP-013,437,9,35,37.43,60.2
3526,2024-11-15,Line-A,Night,M-101,OP-019,479,16,55,33.52,66.5
3527,2024-11-15,Line-B,Morning,M-202,OP-005,419,17,22,25.76,67.2
3528,2024-11-15,Line-B,Afternoon,M-202,OP-019,498,12,0,26.93,61.4
3529,2024-11-15,Line-B,Night,M-202,OP-003,542,8,18,37.11,68.9
3530,2024-11-15,Line-C,Afternoon,M-301,OP-008,473,9,12,36.23,69.2
3531,2024-11-15,Line-C,Night,M-301,OP-016,447,13,30,23.31,74.1
3532,2024-11-15,Line-D,Morning,M-402,OP-011,501,10,27,27.17,71.8
3533,2024-11-15,Line-D,Afternoon,M-401,OP-004,457,1,0,32.84,64.2
3534,2024-11-15,Line-D,Night,M-401,OP-013,576,17,32,30.62,69.0
3535,2024-11-16,Line-A,Morning,M-102,OP-003,408,11,17,32.84,74.8
3536,2024-11-16,Line-A,Night,M-101,OP-003,443,7,16,25.32,67.2
3537,2024-11-16,Line-B,Morning,M-202,OP-020,509,8,31,22.45,72.5
3538,2024-11-16,Line-B,Afternoon,M-201,OP-006,519,20,21,31.6,64.8
3539,2024-11-16,Line-B,Night,M-202,OP-013,542,9,29,26.9,70.8
3540,2024-11-16,Line-C,Morning,M-303,OP-019,436,15,33,38.68,61.8
3541,2024-11-16,Line-C,Afternoon,M-301,OP-009,469,9,31,34.68,72.9
3542,2024-11-16,Line-C,Night,M-303,OP-010,523,25,16,42.75,70.4
3543,2024-11-16,Line-D,Morning,M-401,OP-014,567,14,30,24.84,66.7
3544,2024-11-16,Line-D,Afternoon,M-401,OP-003,505,15,9,29.59,70.7
3545,2024-11-16,Line-D,Night,M-401,OP-007,412,14,0,20.41,68.0
3546,2024-11-17,Line-A,Afternoon,M-101,OP-012,581,14,23,30.21,67.4
3547,2024-11-17,Line-A,Night,M-101,OP-011,387,0,14,36.56,69.4
3548,2024-11-17,Line-B,Morning,M-202,OP-007,517,17,16,29.39,64.7
3549,2024-11-17,Line-B,Afternoon,M-202,OP-017,601,14,0,24.14,73.0
3550,2024-11-17,Line-B,Night,M-201,OP-003,417,26,0,49.11,69.9
3551,2024-11-17,Line-C,Morning,M-303,OP-013,487,21,63,45.54,64.4
3552,2024-11-17,Line-C,Afternoon,M-303,OP-003,376,18,34,34.4,67.8
3553,2024-11-17,Line-C,Night,M-303,OP-010,445,20,45,49.46,71.6
3554,2024-11-17,Line-D,Morning,M-402,OP-008,436,9,12,23.34,69.6
3555,2024-11-17,Line-D,Night,M-401,OP-008,591,11,0,30.15,63.1
3556,2024-11-18,Line-A,Morning,M-102,OP-009,531,12,9,28.34,67.2
3557,2024-11-18,Line-A,Afternoon,M-102,OP-003,480,5,0,35.69,66.5
3558,2024-11-18,Line-A,Night,M-101,OP-010,490,10,16,24.13,61.3
3559,2024-11-18,Line-B,Afternoon,M-202,OP-013,444,10,1,28.23,76.5
3560,2024-11-18,Line-B,Night,M-201,OP-019,369,14,63,41.78,65.2
3561,2024-11-18,Line-C,Morning,M-302,OP-001,550,10,6,30.96,65.4
3562,2024-11-18,Line-C,Night,M-301,OP-011,418,7,0,30.05,69.4
3563,2024-11-18,Line-D,Morning,M-401,OP-005,531,16,5,32.5,70.0
3564,2024-11-18,Line-D,Afternoon,M-402,OP-002,499,7,0,32.51,61.2
3565,2024-11-18,Line-D,Night,M-401,OP-019,463,0,0,25.61,72.4
3566,2024-11-19,Line-A,Morning,M-101,OP-012,521,6,22,34.44,67.4
3567,2024-11-19,Line-A,Afternoon,M-102,OP-020,396,6,10,23.84,69.5
3568,2024-11-19,Line-A,Night,M-101,OP-018,496,11,16,33.65,67.3
3569,2024-11-19,Line-B,Morning,M-201,OP-009,492,20,26,48.69,59.8
3570,2024-11-19,Line-B,Afternoon,M-201,OP-002,532,21,23,43.31,62.0
3571,2024-11-19,Line-B,Night,M-201,OP-012,431,16,31,37.98,74.4
3572,2024-11-19,Line-C,Morning,M-302,OP-008,587,0,20,34.29,70.2
3573,2024-11-19,Line-D,Morning,M-401,OP-018,440,7,0,27.9,63.2
3574,2024-11-19,Line-D,Afternoon,M-402,OP-001,473,1,8,23.76,68.8
3575,2024-11-19,Line-D,Night,M-401,OP-013,439,9,28,37.95,57.9
3576,2024-11-20,Line-A,Morning,M-101,OP-014,429,6,18,21.75,64.1
3577,2024-11-20,Line-A,Afternoon,M-101,OP-004,487,9,17,32.22,69.4
3578,2024-11-20,Line-A,Night,M-102,OP-012,491,9,21,18.8,74.2
3579,2024-11-20,Line-B,Morning,M-202,OP-002,347,3,8,33.36,56.0
3580,2024-11-20,Line-B,Afternoon,M-201,OP-019,478,25,49,38.51,66.8
3581,2024-11-20,Line-C,Morning,M-303,OP-019,443,18,19,37.55,69.7
3582,2024-11-20,Line-C,Night,M-303,OP-008,487,24,38,45.52,71.5
3583,2024-11-20,Line-D,Morning,M-401,OP-002,375,4,8,29.89,65.3
3584,2024-11-20,Line-D,Afternoon,M-401,OP-010,534,20,14,30.42,71.4
3585,2024-11-21,Line-A,Morning,M-101,OP-010,368,7,26,26.78,63.1
3586,2024-11-21,Line-A,Afternoon,M-102,OP-016,468,8,0,40.48,66.1
3587,2024-11-21,Line-A,Night,M-101,OP-003,410,7,25,30.09,69.9
3588,2024-11-21,Line-B,Morning,M-201,OP-016,427,26,43,47.24,69.5
3589,2024-11-21,Line-B,Afternoon,M-202,OP-008,529,5,4,36.73,74.2
3590,2024-11-21,Line-B,Night,M-202,OP-012,411,8,5,26.51,69.1
3591,2024-11-21,Line-C,Morning,M-302,OP-008,548,12,7,32.57,66.6
3592,2024-11-21,Line-C,Afternoon,M-302,OP-011,504,16,0,33.99,61.8
3593,2024-11-21,Line-C,Night,M-303,OP-004,553,21,16,45.48,69.5
3594,2024-11-21,Line-D,Afternoon,M-402,OP-009,420,2,9,23.98,63.8
3595,2024-11-22,Line-A,Morning,M-101,OP-010,486,4,18,37.45,67.4
3596,2024-11-22,Line-A,Afternoon,M-101,OP-004,487,19,0,35.96,72.3
3597,2024-11-22,Line-A,Night,M-101,OP-002,531,16,16,27.09,72.4
3598,2024-11-22,Line-B,Morning,M-202,OP-015,547,16,12,26.42,68.8
3599,2024-11-22,Line-B,Afternoon,M-201,OP-016,536,30,28,43.58,62.8
3600,2024-11-22,Line-B,Night,M-202,OP-009,539,5,23,24.25,72.1
3601,2024-11-22,Line-C,Morning,M-302,OP-003,499,5,22,27.05,71.0
3602,2024-11-22,Line-C,Night,M-302,OP-016,463,0,0,27.85,73.5
3603,2024-11-22,Line-D,Afternoon,M-402,OP-002,534,18,36,27.33,67.2
3604,2024-11-22,Line-D,Night,M-402,OP-006,455,5,0,29.93,62.9
3605,2024-11-23,Line-A,Morning,M-101,OP-010,477,19,4,30.97,71.6
3606,2024-11-23,Line-A,Night,M-101,OP-020,496,10,6,28.84,64.2
3607,2024-11-23,Line-B,Morning,M-202,OP-009,530,0,26,22.98,71.9
3608,2024-11-23,Line-B,Afternoon,M-201,OP-001,458,15,43,46.64,66.2
3609,2024-11-23,Line-B,Night,M-202,OP-014,523,0,0,36.46,67.1
3610,2024-11-23,Line-C,Morning,M-303,OP-002,368,14,21,41.17,66.5
3611,2024-11-23,Line-C,Afternoon,M-303,OP-013,490,22,55,44.12,69.8
3612,2024-11-23,Line-C,Night,M-303,OP-010,549,23,16,48.03,68.5
3613,2024-11-23,Line-D,Morning,M-402,OP-014,488,6,2,34.23,71.9
3614,2024-11-23,Line-D,Afternoon,M-402,OP-006,527,14,20,30.66,67.3
3615,2024-11-23,Line-D,Night,M-402,OP-008,552,8,17,25.98,65.4
3616,2024-11-24,Line-A,Morning,M-101,OP-009,465,5,23,23.26,68.4
3617,2024-11-24,Line-A,Afternoon,M-102,OP-003,487,0,5,31.28,69.7
3618,2024-11-24,Line-A,Night,M-102,OP-011,467,12,10,30.07,69.0
3619,2024-11-24,Line-B,Morning,M-201,OP-020,535,20,27,38.66,66.7
3620,2024-11-24,Line-B,Afternoon,M-202,OP-009,565,13,0,27.0,69.5
3621,2024-11-24,Line-B,Night,M-201,OP-004,425,16,55,38.93,71.8
3622,2024-11-24,Line-C,Morning,M-303,OP-011,555,21,21,40.62,63.6
3623,2024-11-24,Line-C,Afternoon,M-301,OP-015,487,8,17,36.98,71.3
3624,2024-11-24,Line-C,Night,M-302,OP-001,509,0,18,38.61,56.0
3625,2024-11-24,Line-D,Morning,M-402,OP-016,521,9,0,34.01,74.8
3626,2024-11-24,Line-D,Afternoon,M-401,OP-014,526,8,0,30.72,71.5
3627,2024-11-25,Line-A,Morning,M-102,OP-020,456,7,54,35.39,72.6
3628,2024-11-25,Line-A,Afternoon,M-101,OP-015,392,4,13,24.99,74.4
3629,2024-11-25,Line-A,Night,M-102,OP-009,564,7,38,29.98,78.4
3630,2024-11-25,Line-B,Morning,M-201,OP-008,488,25,55,48.39,70.0
3631,2024-11-25,Line-B,Afternoon,M-201,OP-020,471,24,22,42.76,63.6
3632,2024-11-25,Line-B,Night,M-201,OP-004,373,17,53,46.63,67.7
3633,2024-11-25,Line-C,Morning,M-301,OP-017,584,7,0,19.09,63.3
3634,2024-11-25,Line-C,Afternoon,M-303,OP-011,528,20,41,50.23,63.6
3635,2024-11-25,Line-D,Morning,M-401,OP-009,508,12,0,36.77,66.8
3636,2024-11-25,Line-D,Afternoon,M-401,OP-012,456,18,19,34.63,73.4
3637,2024-11-25,Line-D,Night,M-401,OP-020,440,13,4,27.28,66.9
3638,2024-11-26,Line-A,Morning,M-101,OP-003,442,12,16,27.54,70.7
3639,2024-11-26,Line-A,Afternoon,M-101,OP-017,463,7,12,32.32,69.6
3640,2024-11-26,Line-B,Morning,M-202,OP-014,458,12,8,26.73,62.1
3641,2024-11-26,Line-B,Night,M-202,OP-005,538,10,15,35.23,66.1
3642,2024-11-26,Line-C,Afternoon,M-302,OP-011,397,7,16,28.69,73.9
3643,2024-11-26,Line-C,Night,M-303,OP-012,330,19,46,44.28,54.7
3644,2024-11-26,Line-D,Morning,M-402,OP-020,557,4,4,29.15,69.6
3645,2024-11-26,Line-D,Night,M-402,OP-005,518,14,24,31.26,69.7
3646,2024-11-27,Line-A,Morning,M-101,OP-004,414,4,25,34.19,70.9
3647,2024-11-27,Line-A,Afternoon,M-102,OP-017,449,12,0,35.39,67.0
3648,2024-11-27,Line-A,Night,M-102,OP-007,581,2,38,28.19,66.5
3649,2024-11-27,Line-B,Morning,M-201,OP-005,491,19,33,38.31,65.2
3650,2024-11-27,Line-B,Afternoon,M-201,OP-003,509,18,23,35.14,66.0
3651,2024-11-27,Line-B,Night,M-201,OP-019,558,20,24,42.97,66.5
3652,2024-11-27,Line-C,Morning,M-303,OP-018,613,27,40,46.72,71.7
3653,2024-11-27,Line-C,Afternoon,M-303,OP-004,493,21,65,41.5,66.2
3654,2024-11-27,Line-C,Night,M-303,OP-002,441,12,47,30.26,68.0
3655,2024-11-27,Line-D,Morning,M-402,OP-011,467,19,0,25.49,67.5
3656,2024-11-27,Line-D,Afternoon,M-402,OP-008,468,6,10,23.7,69.4
3657,2024-11-27,Line-D,Night,M-402,OP-008,340,6,2,35.08,75.0
3658,2024-11-28,Line-A,Morning,M-101,OP-008,460,15,7,25.17,75.0
3659,2024-11-28,Line-A,Afternoon,M-102,OP-012,511,9,22,31.37,67.7
3660,2024-11-28,Line-B,Morning,M-201,OP-012,400,17,44,41.39,71.6
3661,2024-11-28,Line-B,Afternoon,M-201,OP-015,503,18,15,41.21,65.9
3662,2024-11-28,Line-B,Night,M-201,OP-019,500,19,25,47.27,68.6
3663,2024-11-28,Line-C,Morning,M-301,OP-018,437,8,32,31.47,70.4
3664,2024-11-28,Line-C,Afternoon,M-302,OP-019,434,12,46,26.04,63.3
3665,2024-11-28,Line-C,Night,M-303,OP-009,490,26,33,36.73,67.6
3666,2024-11-28,Line-D,Morning,M-402,OP-011,515,7,21,35.82,69.0
3667,2024-11-28,Line-D,Afternoon,M-402,OP-014,478,13,0,25.23,66.9
3668,2024-11-28,Line-D,Night,M-401,OP-019,450,4,39,40.86,66.6
3669,2024-11-29,Line-A,Morning,M-101,OP-006,485,8,28,36.53,60.9
3670,2024-11-29,Line-A,Afternoon,M-101,OP-006,508,3,38,32.2,64.7
3671,2024-11-29,Line-A,Night,M-102,OP-018,465,7,19,35.21,63.4
3672,2024-11-29,Line-B,Morning,M-202,OP-004,590,20,0,30.36,74.8
3673,2024-11-29,Line-B,Afternoon,M-201,OP-014,553,23,47,56.99,68.4
3674,2024-11-29,Line-C,Morning,M-301,OP-005,442,9,15,27.38,69.8
3675,2024-11-29,Line-C,Afternoon,M-303,OP-013,404,15,46,33.23,71.6
3676,2024-11-29,Line-C,Night,M-302,OP-005,359,0,4,31.43,73.3
3677,2024-11-29,Line-D,Morning,M-401,OP-010,483,8,20,25.65,68.6
3678,2024-11-29,Line-D,Afternoon,M-402,OP-019,408,8,10,25.98,68.7
3679,2024-11-29,Line-D,Night,M-401,OP-002,489,15,0,29.62,65.0
3680,2024-11-30,Line-A,Afternoon,M-102,OP-014,532,14,19,26.48,71.5
3681,2024-11-30,Line-A,Night,M-102,OP-010,388,0,0,29.83,70.7
3682,2024-11-30,Line-B,Morning,M-201,OP-006,301,18,36,34.16,68.4
3683,2024-11-30,Line-B,Afternoon,M-201,OP-005,545,28,51,35.17,66.3
3684,2024-11-30,Line-B,Night,M-202,OP-015,424,15,21,44.24,66.1
3685,2024-11-30,Line-C,Morning,M-302,OP-006,436,7,32,28.17,68.5
3686,2024-11-30,Line-C,Afternoon,M-303,OP-009,485,22,25,41.31,67.3
3687,2024-11-30,Line-C,Night,M-301,OP-008,479,13,38,25.8,66.4
3688,2024-11-30,Line-D,Morning,M-402,OP-002,430,9,3,31.2,72.4
3689,2024-11-30,Line-D,Afternoon,M-402,OP-010,328,8,5,32.3,64.4
3690,2024-11-30,Line-D,Night,M-402,OP-006,551,15,20,33.97,65.0
3691,2024-12-01,Line-A,Morning,M-101,OP-007,442,11,0,37.23,66.7
3692,2024-12-01,Line-A,Afternoon,M-102,OP-019,510,20,1,30.34,72.2
3693,2024-12-01,Line-A,Night,M-102,OP-004,537,8,4,28.83,73.8
3694,2024-12-01,Line-B,Morning,M-201,OP-004,463,21,28,45.53,68.6
3695,2024-12-01,Line-B,Afternoon,M-202,OP-015,419,3,0,25.84,71.2
3696,2024-12-01,Line-B,Night,M-201,OP-010,559,29,43,41.37,71.1
3697,2024-12-01,Line-C,Morning,M-302,OP-020,497,18,10,36.72,71.5
3698,2024-12-01,Line-C,Afternoon,M-301,OP-009,524,0,25,29.36,66.2
3699,2024-12-01,Line-C,Night,M-301,OP-018,391,7,12,23.48,62.1
3700,2024-12-01,Line-D,Morning,M-401,OP-001,509,14,14,35.75,67.7
3701,2024-12-01,Line-D,Afternoon,M-401,OP-018,476,4,0,39.27,72.5
3702,2024-12-01,Line-D,Night,M-401,OP-001,396,8,10,28.63,66.4
3703,2024-12-02,Line-A,Morning,M-101,OP-012,502,13,18,29.4,67.4
3704,2024-12-02,Line-A,Afternoon,M-102,OP-015,536,12,13,29.82,69.4
3705,2024-12-02,Line-A,Night,M-102,OP-010,451,12,0,27.94,70.4
3706,2024-12-02,Line-B,Morning,M-201,OP-015,412,12,35,33.52,62.8
3707,2024-12-02,Line-B,Afternoon,M-202,OP-009,525,8,31,23.98,67.6
3708,2024-12-02,Line-B,Night,M-201,OP-009,503,17,50,44.55,61.6
3709,2024-12-02,Line-C,Morning,M-301,OP-012,477,10,3,22.6,69.1
3710,2024-12-02,Line-C,Afternoon,M-303,OP-008,612,25,58,38.24,68.9
3711,2024-12-02,Line-C,Night,M-302,OP-006,526,9,7,33.63,75.6
3712,2024-12-02,Line-D,Morning,M-402,OP-015,498,6,9,42.6,68.5
3713,2024-12-02,Line-D,Afternoon,M-401,OP-011,444,3,0,31.82,70.6
3714,2024-12-02,Line-D,Night,M-401,OP-014,456,8,0,30.66,69.9
3715,2024-12-03,Line-A,Morning,M-102,OP-007,447,16,0,31.42,71.4
3716,2024-12-03,Line-A,Afternoon,M-101,OP-001,475,8,0,36.79,67.3
3717,2024-12-03,Line-A,Night,M-102,OP-008,512,13,2,29.01,73.3
3718,2024-12-03,Line-B,Morning,M-202,OP-016,412,16,0,24.1,68.5
3719,2024-12-03,Line-B,Afternoon,M-201,OP-016,612,16,32,44.38,68.1
3720,2024-12-03,Line-B,Night,M-201,OP-003,502,19,26,41.26,63.5
3721,2024-12-03,Line-C,Morning,M-303,OP-007,477,20,27,43.6,60.7
3722,2024-12-03,Line-D,Morning,M-401,OP-006,466,19,0,36.43,68.2
3723,2024-12-03,Line-D,Night,M-402,OP-019,443,2,14,37.27,66.4
3724,2024-12-04,Line-A,Morning,M-102,OP-016,475,13,17,22.14,68.4
3725,2024-12-04,Line-A,Afternoon,M-101,OP-010,570,10,0,31.94,67.2
3726,2024-12-04,Line-A,Night,M-102,OP-016,370,0,26,26.34,64.4
3727,2024-12-04,Line-B,Morning,M-202,OP-020,477,6,13,28.99,63.2
3728,2024-12-04,Line-B,Afternoon,M-202,OP-010,449,10,12,29.59,75.7
3729,2024-12-04,Line-B,Night,M-201,OP-010,523,28,32,43.1,66.3
3730,2024-12-04,Line-C,Morning,M-302,OP-011,526,9,15,30.8,67.9
3731,2024-12-04,Line-C,Afternoon,M-302,OP-004,656,7,1,33.47,65.6
3732,2024-12-04,Line-C,Night,M-302,OP-004,462,3,19,32.52,66.7
3733,2024-12-04,Line-D,Morning,M-402,OP-005,522,0,1,29.15,63.3
3734,2024-12-04,Line-D,Afternoon,M-402,OP-016,375,6,22,36.41,65.8
3735,2024-12-04,Line-D,Night,M-401,OP-001,523,13,30,28.25,60.8
3736,2024-12-05,Line-A,Morning,M-101,OP-014,484,4,1,28.49,66.6
3737,2024-12-05,Line-A,Night,M-102,OP-011,488,12,6,31.98,68.1
3738,2024-12-05,Line-B,Morning,M-202,OP-014,536,9,10,28.13,67.4
3739,2024-12-05,Line-B,Afternoon,M-201,OP-009,432,16,46,36.58,66.7
3740,2024-12-05,Line-B,Night,M-201,OP-011,540,22,47,39.04,63.8
3741,2024-12-05,Line-C,Morning,M-301,OP-010,384,12,0,33.74,64.0
3742,2024-12-05,Line-C,Afternoon,M-301,OP-019,559,22,0,24.58,71.1
3743,2024-12-05,Line-C,Night,M-303,OP-007,510,27,26,51.94,68.5
3744,2024-12-05,Line-D,Morning,M-401,OP-020,406,6,0,37.95,65.4
3745,2024-12-05,Line-D,Afternoon,M-401,OP-020,509,7,2,20.45,70.4
3746,2024-12-05,Line-D,Night,M-401,OP-013,557,5,0,34.02,61.4
3747,2024-12-06,Line-A,Morning,M-102,OP-012,553,5,0,31.24,63.8
3748,2024-12-06,Line-A,Afternoon,M-101,OP-002,437,9,0,38.21,68.2
3749,2024-12-06,Line-A,Night,M-102,OP-018,402,3,26,33.01,73.5
3750,2024-12-06,Line-B,Morning,M-201,OP-018,439,21,41,45.48,72.5
3751,2024-12-06,Line-B,Afternoon,M-201,OP-010,436,19,25,41.74,70.8
3752,2024-12-06,Line-B,Night,M-202,OP-011,380,11,0,28.46,73.0
3753,2024-12-06,Line-C,Morning,M-303,OP-008,499,24,17,36.78,71.8
3754,2024-12-06,Line-C,Afternoon,M-301,OP-001,444,6,26,24.75,69.1
3755,2024-12-06,Line-C,Night,M-303,OP-004,482,22,27,39.1,63.7
3756,2024-12-06,Line-D,Morning,M-402,OP-002,508,6,26,28.88,63.8
3757,2024-12-06,Line-D,Afternoon,M-402,OP-001,465,6,27,28.15,66.9
3758,2024-12-06,Line-D,Night,M-401,OP-002,564,13,36,36.3,64.5
3759,2024-12-07,Line-A,Morning,M-101,OP-013,539,18,34,34.94,71.9
3760,2024-12-07,Line-A,Afternoon,M-101,OP-009,461,4,6,21.68,73.4
3761,2024-12-07,Line-A,Night,M-101,OP-003,463,14,0,35.41,66.0
3762,2024-12-07,Line-B,Morning,M-202,OP-001,402,14,28,31.06,68.1
3763,2024-12-07,Line-B,Night,M-201,OP-004,506,24,23,39.94,75.8
3764,2024-12-07,Line-C,Morning,M-302,OP-007,640,22,19,28.31,64.8
3765,2024-12-07,Line-C,Afternoon,M-302,OP-011,436,5,44,39.03,71.0
3766,2024-12-07,Line-C,Night,M-303,OP-001,422,23,31,31.23,69.1
3767,2024-12-07,Line-D,Morning,M-402,OP-007,429,4,8,27.51,67.9
3768,2024-12-07,Line-D,Afternoon,M-402,OP-013,475,0,34,25.08,64.2
3769,2024-12-07,Line-D,Night,M-401,OP-008,460,8,33,31.35,70.3
3770,2024-12-08,Line-A,Morning,M-102,OP-016,496,10,16,20.34,67.0
3771,2024-12-08,Line-A,Afternoon,M-101,OP-013,549,32,0,32.12,65.7
3772,2024-12-08,Line-B,Morning,M-202,OP-012,602,3,21,22.96,66.7
3773,2024-12-08,Line-B,Afternoon,M-201,OP-015,477,27,18,45.32,68.1
3774,2024-12-08,Line-B,Night,M-201,OP-013,496,27,15,46.05,65.7
3775,2024-12-08,Line-C,Morning,M-302,OP-012,545,12,8,27.05,71.3
3776,2024-12-08,Line-C,Afternoon,M-301,OP-010,555,7,0,33.47,62.2
3777,2024-12-08,Line-C,Night,M-303,OP-003,401,14,28,35.32,60.2
3778,2024-12-08,Line-D,Morning,M-401,OP-007,411,10,0,28.3,75.8
3779,2024-12-08,Line-D,Afternoon,M-402,OP-019,477,10,0,40.82,65.8
3780,2024-12-08,Line-D,Night,M-401,OP-013,466,15,9,30.24,66.9
3781,2024-12-09,Line-A,Morning,M-102,OP-017,463,10,20,26.78,64.9
3782,2024-12-09,Line-A,Afternoon,M-101,OP-002,443,2,0,31.49,71.8
3783,2024-12-09,Line-A,Night,M-102,OP-014,532,0,8,24.49,68.6
3784,2024-12-09,Line-B,Morning,M-202,OP-005,454,11,11,20.52,64.1
3785,2024-12-09,Line-B,Night,M-202,OP-001,480,9,0,22.32,68.2
3786,2024-12-09,Line-C,Morning,M-301,OP-018,395,1,5,27.56,64.5
3787,2024-12-09,Line-C,Afternoon,M-303,OP-016,437,20,24,42.35,66.5
3788,2024-12-09,Line-C,Night,M-303,OP-008,490,26,47,48.44,71.4
3789,2024-12-09,Line-D,Morning,M-402,OP-017,494,7,6,25.61,68.0
3790,2024-12-09,Line-D,Afternoon,M-401,OP-004,521,6,11,26.61,68.8
3791,2024-12-09,Line-D,Night,M-401,OP-013,447,5,1,32.52,67.6
3792,2024-12-10,Line-A,Morning,M-101,OP-006,454,9,5,35.63,64.1
3793,2024-12-10,Line-A,Afternoon,M-101,OP-006,468,2,6,21.6,71.0
3794,2024-12-10,Line-A,Night,M-101,OP-002,525,14,12,25.6,64.8
3795,2024-12-10,Line-B,Morning,M-202,OP-006,571,18,13,27.42,73.5
3796,2024-12-10,Line-B,Afternoon,M-202,OP-005,438,9,32,25.82,71.3
3797,2024-12-10,Line-B,Night,M-202,OP-013,511,9,0,26.38,69.2
3798,2024-12-10,Line-C,Afternoon,M-302,OP-009,394,8,20,34.93,62.4
3799,2024-12-10,Line-C,Night,M-303,OP-012,558,35,41,36.81,66.7
3800,2024-12-10,Line-D,Morning,M-401,OP-005,477,10,12,31.41,67.6
3801,2024-12-10,Line-D,Afternoon,M-401,OP-020,495,7,6,27.12,75.7
3802,2024-12-10,Line-D,Night,M-402,OP-017,567,13,31,33.99,68.7
3803,2024-12-11,Line-A,Morning,M-102,OP-015,389,6,6,24.33,62.1
3804,2024-12-11,Line-A,Afternoon,M-102,OP-005,509,11,0,26.27,72.6
3805,2024-12-11,Line-A,Night,M-102,OP-001,427,8,9,32.53,64.6
3806,2024-12-11,Line-B,Morning,M-201,OP-005,485,23,38,42.4,69.4
3807,2024-12-11,Line-B,Afternoon,M-201,OP-010,611,43,25,30.41,70.4
3808,2024-12-11,Line-B,Night,M-201,OP-004,491,27,39,42.29,72.5
3809,2024-12-11,Line-C,Morning,M-302,OP-004,556,2,0,29.47,68.4
3810,2024-12-11,Line-C,Night,M-301,OP-003,466,10,26,38.61,70.3
3811,2024-12-11,Line-D,Morning,M-401,OP-012,428,7,10,32.57,69.6
3812,2024-12-11,Line-D,Afternoon,M-401,OP-009,603,8,17,41.77,65.7
3813,2024-12-11,Line-D,Night,M-402,OP-019,488,4,13,26.1,72.2
3814,2024-12-12,Line-A,Morning,M-102,OP-020,488,4,24,30.9,71.8
3815,2024-12-12,Line-A,Afternoon,M-102,OP-018,411,9,23,27.88,63.0
3816,2024-12-12,Line-A,Night,M-101,OP-003,477,14,28,27.86,62.9
3817,2024-12-12,Line-B,Morning,M-201,OP-007,454,18,41,41.47,65.0
3818,2024-12-12,Line-B,Afternoon,M-202,OP-019,546,11,18,21.38,58.3
3819,2024-12-12,Line-B,Night,M-202,OP-011,393,5,20,18.29,74.4
3820,2024-12-12,Line-C,Morning,M-303,OP-020,490,29,21,44.52,68.3
3821,2024-12-12,Line-C,Afternoon,M-303,OP-020,529,23,42,47.51,65.4
3822,2024-12-12,Line-C,Night,M-302,OP-007,494,0,22,39.77,63.0
3823,2024-12-12,Line-D,Morning,M-401,OP-007,474,13,12,30.83,66.4
3824,2024-12-12,Line-D,Afternoon,M-401,OP-005,454,8,12,24.09,67.7
3825,2024-12-12,Line-D,Night,M-401,OP-011,574,8,0,29.24,65.1
3826,2024-12-13,Line-A,Afternoon,M-101,OP-017,399,8,1,26.88,68.6
3827,2024-12-13,Line-A,Night,M-102,OP-016,388,0,22,20.35,64.1
3828,2024-12-13,Line-B,Morning,M-201,OP-008,372,15,41,42.56,77.6
3829,2024-12-13,Line-B,Afternoon,M-202,OP-013,545,5,0,43.53,72.3
3830,2024-12-13,Line-B,Night,M-202,OP-010,515,10,16,22.59,68.6
3831,2024-12-13,Line-C,Morning,M-302,OP-017,484,4,3,37.58,67.5
3832,2024-12-13,Line-C,Night,M-301,OP-006,604,0,4,22.26,63.2
3833,2024-12-13,Line-D,Morning,M-402,OP-005,430,9,16,26.6,59.1
3834,2024-12-13,Line-D,Afternoon,M-402,OP-016,568,9,0,31.37,68.8
3835,2024-12-13,Line-D,Night,M-402,OP-004,460,9,0,33.8,64.0
3836,2024-12-14,Line-A,Morning,M-102,OP-012,443,11,30,37.93,72.2
3837,2024-12-14,Line-A,Afternoon,M-102,OP-015,460,1,33,36.85,65.3
3838,2024-12-14,Line-A,Night,M-102,OP-014,535,8,34,27.43,75.9
3839,2024-12-14,Line-B,Morning,M-201,OP-013,527,33,28,44.03,64.1
3840,2024-12-14,Line-B,Afternoon,M-201,OP-007,530,29,70,44.41,70.9
3841,2024-12-14,Line-B,Night,M-201,OP-001,451,23,29,42.58,68.7
3842,2024-12-14,Line-C,Morning,M-302,OP-004,458,9,6,28.1,72.3
3843,2024-12-14,Line-C,Afternoon,M-302,OP-017,490,11,0,32.12,70.1
3844,2024-12-14,Line-C,Night,M-303,OP-009,456,30,0,45.92,70.9
3845,2024-12-14,Line-D,Afternoon,M-402,OP-013,512,10,20,34.34,65.1
3846,2024-12-15,Line-A,Morning,M-102,OP-009,497,8,0,33.59,65.7
3847,2024-12-15,Line-A,Afternoon,M-101,OP-016,390,5,0,35.14,68.6
3848,2024-12-15,Line-A,Night,M-102,OP-016,562,6,25,44.2,69.4
3849,2024-12-15,Line-B,Morning,M-201,OP-002,531,28,13,44.93,69.2
3850,2024-12-15,Line-B,Afternoon,M-201,OP-006,464,17,45,37.14,76.5
3851,2024-12-15,Line-B,Night,M-201,OP-003,486,16,27,40.61,77.6
3852,2024-12-15,Line-C,Morning,M-301,OP-002,426,7,3,32.5,65.9
3853,2024-12-15,Line-C,Afternoon,M-303,OP-002,411,18,30,39.04,65.8
3854,2024-12-15,Line-C,Night,M-303,OP-009,551,23,17,39.69,68.2
3855,2024-12-15,Line-D,Morning,M-401,OP-020,399,14,25,37.15,69.6
3856,2024-12-15,Line-D,Afternoon,M-402,OP-011,354,12,0,26.09,68.6
3857,2024-12-15,Line-D,Night,M-401,OP-019,562,16,25,28.44,66.7
3858,2024-12-16,Line-A,Morning,M-102,OP-017,500,8,25,34.15,70.4
3859,2024-12-16,Line-A,Night,M-102,OP-002,328,6,10,30.84,65.0
3860,2024-12-16,Line-B,Afternoon,M-201,OP-009,400,20,29,44.87,65.3
3861,2024-12-16,Line-B,Night,M-202,OP-002,564,16,16,28.93,71.4
3862,2024-12-16,Line-C,Morning,M-301,OP-017,503,10,27,37.13,63.0
3863,2024-12-16,Line-C,Afternoon,M-303,OP-001,416,15,12,41.69,70.4
3864,2024-12-16,Line-C,Night,M-303,OP-012,478,19,51,42.7,69.4
3865,2024-12-16,Line-D,Morning,M-402,OP-019,549,9,42,27.76,76.0
3866,2024-12-16,Line-D,Afternoon,M-401,OP-019,421,10,2,35.6,66.1
3867,2024-12-16,Line-D,Night,M-401,OP-004,497,6,26,26.72,74.7
3868,2024-12-17,Line-A,Morning,M-101,OP-003,420,2,26,27.04,68.0
3869,2024-12-17,Line-A,Afternoon,M-101,OP-006,460,2,10,36.32,72.0
3870,2024-12-17,Line-A,Night,M-101,OP-012,493,14,0,28.37,69.6
3871,2024-12-17,Line-B,Morning,M-201,OP-010,472,20,16,31.59,71.3
3872,2024-12-17,Line-B,Afternoon,M-201,OP-005,494,27,28,38.44,68.0
3873,2024-12-17,Line-B,Night,M-202,OP-010,531,8,24,24.97,67.4
3874,2024-12-17,Line-C,Morning,M-301,OP-019,475,14,15,38.73,62.6
3875,2024-12-17,Line-C,Afternoon,M-301,OP-007,487,10,21,25.93,74.7
3876,2024-12-17,Line-C,Night,M-301,OP-006,480,3,11,28.43,79.1
3877,2024-12-17,Line-D,Morning,M-402,OP-015,542,10,10,34.76,72.0
3878,2024-12-17,Line-D,Afternoon,M-402,OP-012,305,7,12,23.44,71.5
3879,2024-12-17,Line-D,Night,M-402,OP-017,614,14,28,39.02,64.7
3880,2024-12-18,Line-A,Morning,M-101,OP-002,368,9,8,23.13,67.7
3881,2024-12-18,Line-A,Afternoon,M-102,OP-005,523,9,0,28.88,67.9
3882,2024-12-18,Line-A,Night,M-101,OP-014,364,6,0,33.3,61.8
3883,2024-12-18,Line-B,Morning,M-202,OP-007,540,8,3,31.47,64.5
3884,2024-12-18,Line-B,Afternoon,M-202,OP-003,496,5,3,32.03,63.4
3885,2024-12-18,Line-B,Night,M-201,OP-009,404,19,34,42.84,69.3
3886,2024-12-18,Line-C,Morning,M-302,OP-002,483,12,13,19.96,61.0
3887,2024-12-18,Line-C,Afternoon,M-303,OP-006,595,27,49,40.27,67.8
3888,2024-12-18,Line-C,Night,M-302,OP-019,452,19,15,27.33,61.4
3889,2024-12-18,Line-D,Morning,M-402,OP-019,598,10,23,34.28,66.1
3890,2024-12-18,Line-D,Afternoon,M-402,OP-004,520,6,0,35.82,67.4
3891,2024-12-18,Line-D,Night,M-401,OP-006,511,11,21,22.22,65.7
3892,2024-12-19,Line-A,Morning,M-102,OP-011,460,4,18,35.93,73.4
3893,2024-12-19,Line-A,Afternoon,M-101,OP-006,459,10,18,33.11,64.5
3894,2024-12-19,Line-A,Night,M-102,OP-006,589,16,26,36.02,70.1
3895,2024-12-19,Line-B,Morning,M-201,OP-001,418,18,10,44.08,67.3
3896,2024-12-19,Line-B,Afternoon,M-202,OP-019,477,14,5,28.74,68.1
3897,2024-12-19,Line-B,Night,M-202,OP-013,369,6,0,27.07,71.4
3898,2024-12-19,Line-C,Morning,M-301,OP-009,506,6,12,24.63,68.0
3899,2024-12-19,Line-C,Afternoon,M-303,OP-011,655,42,35,42.8,64.1
3900,2024-12-19,Line-C,Night,M-302,OP-010,431,9,4,34.52,74.3
3901,2024-12-19,Line-D,Afternoon,M-401,OP-017,499,9,0,33.74,63.4
3902,2024-12-19,Line-D,Night,M-402,OP-009,454,13,27,27.67,66.4
3903,2024-12-20,Line-A,Morning,M-102,OP-019,438,3,2,21.93,70.7
3904,2024-12-20,Line-A,Night,M-102,OP-020,503,12,0,24.02,68.2
3905,2024-12-20,Line-B,Morning,M-201,OP-019,483,21,30,50.55,69.7
3906,2024-12-20,Line-B,Afternoon,M-201,OP-011,598,34,60,36.63,70.4
3907,2024-12-20,Line-B,Night,M-201,OP-003,454,13,57,40.53,63.8
3908,2024-12-20,Line-C,Morning,M-301,OP-012,455,5,1,28.89,74.9
3909,2024-12-20,Line-C,Afternoon,M-301,OP-015,440,15,24,31.98,71.0
3910,2024-12-20,Line-D,Morning,M-401,OP-010,480,15,20,21.68,69.2
3911,2024-12-20,Line-D,Afternoon,M-401,OP-008,527,8,13,26.94,62.5
3912,2024-12-20,Line-D,Night,M-402,OP-003,386,1,22,17.55,65.3
3913,2024-12-21,Line-A,Morning,M-101,OP-018,434,7,0,32.02,62.9
3914,2024-12-21,Line-A,Afternoon,M-102,OP-001,547,6,10,30.02,69.0
3915,2024-12-21,Line-A,Night,M-102,OP-004,482,7,17,32.33,64.9
3916,2024-12-21,Line-B,Morning,M-202,OP-007,505,15,22,34.66,68.7
3917,2024-12-21,Line-B,Afternoon,M-202,OP-015,423,4,16,34.71,79.1
3918,2024-12-21,Line-B,Night,M-201,OP-013,538,18,23,53.39,67.1
3919,2024-12-21,Line-C,Morning,M-301,OP-013,482,4,35,32.5,64.9
3920,2024-12-21,Line-C,Afternoon,M-302,OP-014,420,9,12,34.16,70.2
3921,2024-12-21,Line-C,Night,M-303,OP-003,464,18,32,39.25,67.5
3922,2024-12-21,Line-D,Morning,M-401,OP-008,480,4,21,28.15,64.6
3923,2024-12-21,Line-D,Afternoon,M-401,OP-008,458,9,13,32.11,71.6
3924,2024-12-21,Line-D,Night,M-402,OP-017,558,12,0,28.65,64.0
3925,2024-12-22,Line-A,Morning,M-102,OP-003,581,22,21,34.29,69.0
3926,2024-12-22,Line-A,Afternoon,M-101,OP-016,501,1,10,25.59,69.1
3927,2024-12-22,Line-A,Night,M-101,OP-010,476,18,25,31.42,66.9
3928,2024-12-22,Line-B,Morning,M-202,OP-013,580,10,16,30.21,66.4
3929,2024-12-22,Line-B,Afternoon,M-202,OP-005,482,0,0,31.75,74.3
3930,2024-12-22,Line-B,Night,M-202,OP-016,500,5,0,33.92,65.7
3931,2024-12-22,Line-C,Afternoon,M-302,OP-006,518,11,19,30.17,69.5
3932,2024-12-22,Line-C,Night,M-303,OP-017,472,18,20,30.07,67.3
3933,2024-12-22,Line-D,Morning,M-402,OP-003,571,14,15,26.33,72.0
3934,2024-12-22,Line-D,Afternoon,M-401,OP-013,472,16,0,26.25,64.6
3935,2024-12-22,Line-D,Night,M-401,OP-006,391,3,13,26.44,52.6
3936,2024-12-23,Line-A,Morning,M-102,OP-015,544,1,20,30.16,76.5
3937,2024-12-23,Line-A,Night,M-102,OP-014,539,7,1,37.51,62.1
3938,2024-12-23,Line-B,Morning,M-202,OP-014,491,8,6,31.77,68.8
3939,2024-12-23,Line-B,Afternoon,M-201,OP-020,507,24,41,42.47,65.4
3940,2024-12-23,Line-B,Night,M-202,OP-017,480,5,0,28.32,67.5
3941,2024-12-23,Line-C,Morning,M-302,OP-011,482,13,4,30.98,68.5
3942,2024-12-23,Line-C,Afternoon,M-302,OP-004,443,8,27,30.93,68.9
3943,2024-12-23,Line-C,Night,M-302,OP-018,437,16,2,21.66,71.4
3944,2024-12-23,Line-D,Morning,M-401,OP-005,473,7,3,39.36,69.4
3945,2024-12-23,Line-D,Night,M-402,OP-007,512,10,16,36.99,67.0
3946,2024-12-24,Line-A,Morning,M-102,OP-014,392,10,19,30.54,69.9
3947,2024-12-24,Line-A,Night,M-101,OP-016,457,8,10,27.04,72.8
3948,2024-12-24,Line-B,Morning,M-201,OP-020,395,27,48,33.11,67.1
3949,2024-12-24,Line-B,Afternoon,M-202,OP-014,469,10,0,30.16,67.5
3950,2024-12-24,Line-B,Night,M-202,OP-001,435,4,25,21.52,69.9
3951,2024-12-24,Line-C,Morning,M-301,OP-010,527,8,12,35.82,65.2
3952,2024-12-24,Line-C,Afternoon,M-301,OP-015,443,6,29,36.46,62.4
3953,2024-12-24,Line-C,Night,M-303,OP-002,540,29,58,43.93,67.8
3954,2024-12-24,Line-D,Morning,M-402,OP-002,548,14,45,34.79,68.6
3955,2024-12-24,Line-D,Afternoon,M-402,OP-008,409,5,0,28.92,71.7
3956,2024-12-24,Line-D,Night,M-401,OP-005,479,14,17,27.98,68.4
3957,2024-12-25,Line-A,Morning,M-102,OP-014,508,10,14,26.15,66.3
3958,2024-12-25,Line-A,Afternoon,M-102,OP-015,615,19,0,18.17,68.3
3959,2024-12-25,Line-A,Night,M-101,OP-017,533,7,27,30.3,67.3
3960,2024-12-25,Line-B,Morning,M-201,OP-003,525,21,30,45.35,67.9
3961,2024-12-25,Line-B,Afternoon,M-201,OP-005,594,31,44,41.75,71.5
3962,2024-12-25,Line-B,Night,M-201,OP-013,460,22,21,47.2,69.2
3963,2024-12-25,Line-C,Morning,M-303,OP-003,598,41,46,42.34,64.2
3964,2024-12-25,Line-C,Afternoon,M-303,OP-010,534,25,43,50.65,64.7
3965,2024-12-25,Line-C,Night,M-301,OP-006,424,7,24,32.77,64.4
3966,2024-12-25,Line-D,Morning,M-402,OP-003,525,3,0,29.42,65.8
3967,2024-12-25,Line-D,Afternoon,M-402,OP-004,533,11,38,28.76,67.5
3968,2024-12-25,Line-D,Night,M-402,OP-010,552,9,34,32.7,58.6
3969,2024-12-26,Line-A,Morning,M-101,OP-002,550,15,26,20.45,65.3
3970,2024-12-26,Line-A,Afternoon,M-102,OP-007,444,4,38,29.94,67.9
3971,2024-12-26,Line-A,Night,M-102,OP-009,513,12,0,26.77,62.3
3972,2024-12-26,Line-B,Morning,M-201,OP-009,504,21,35,31.61,66.8
3973,2024-12-26,Line-B,Afternoon,M-201,OP-020,546,32,45,35.32,73.0
3974,2024-12-26,Line-B,Night,M-201,OP-010,523,23,4,46.77,65.6
3975,2024-12-26,Line-C,Morning,M-302,OP-007,500,9,35,29.37,67.9
3976,2024-12-26,Line-C,Night,M-301,OP-009,574,7,24,29.01,64.0
3977,2024-12-26,Line-D,Morning,M-402,OP-004,480,12,32,37.37,66.8
3978,2024-12-26,Line-D,Afternoon,M-401,OP-011,420,6,0,28.91,66.6
3979,2024-12-26,Line-D,Night,M-402,OP-020,523,0,0,26.37,72.7
3980,2024-12-27,Line-A,Morning,M-102,OP-020,413,8,10,35.22,70.4
3981,2024-12-27,Line-A,Afternoon,M-102,OP-016,487,6,0,31.24,70.1
3982,2024-12-27,Line-A,Night,M-101,OP-011,385,2,15,31.7,64.0
3983,2024-12-27,Line-B,Morning,M-202,OP-015,445,0,32,23.5,70.2
3984,2024-12-27,Line-B,Afternoon,M-202,OP-007,477,15,0,30.31,61.2
3985,2024-12-27,Line-B,Night,M-201,OP-013,363,18,8,40.86,72.0
3986,2024-12-27,Line-C,Morning,M-301,OP-019,524,6,0,32.55,73.4
3987,2024-12-27,Line-C,Afternoon,M-303,OP-016,440,16,27,44.86,72.9
3988,2024-12-27,Line-C,Night,M-302,OP-003,405,1,47,29.11,69.0
3989,2024-12-27,Line-D,Morning,M-402,OP-010,438,10,26,31.5,75.0
3990,2024-12-27,Line-D,Afternoon,M-402,OP-015,460,7,15,32.32,68.9
3991,2024-12-27,Line-D,Night,M-401,OP-005,402,8,6,27.1,68.1
3992,2024-12-28,Line-A,Morning,M-101,OP-020,422,3,0,38.74,70.2
3993,2024-12-28,Line-A,Afternoon,M-102,OP-014,472,5,0,26.36,70.9
3994,2024-12-28,Line-A,Night,M-101,OP-010,536,13,14,36.52,66.7
3995,2024-12-28,Line-B,Morning,M-202,OP-008,545,8,0,24.97,63.7
3996,2024-12-28,Line-B,Afternoon,M-201,OP-013,519,20,19,45.57,69.3
3997,2024-12-28,Line-B,Night,M-201,OP-004,537,27,23,42.38,68.5
3998,2024-12-28,Line-C,Morning,M-301,OP-004,424,3,1,40.18,66.3
3999,2024-12-28,Line-C,Afternoon,M-301,OP-006,553,7,25,34.51,71.8
4000,2024-12-28,Line-C,Night,M-303,OP-013,503,30,40,50.57,61.5
4001,2024-12-28,Line-D,Morning,M-402,OP-007,500,10,0,32.9,62.0
4002,2024-12-28,Line-D,Afternoon,M-402,OP-011,440,0,35,28.84,76.7
4003,2024-12-28,Line-D,Night,M-401,OP-011,528,12,3,24.77,70.1
4004,2024-12-29,Line-A,Morning,M-102,OP-008,475,2,0,25.21,75.3
4005,2024-12-29,Line-A,Afternoon,M-102,OP-015,612,12,14,28.32,64.3
4006,2024-12-29,Line-A,Night,M-102,OP-006,562,21,0,29.59,66.2
4007,2024-12-29,Line-B,Morning,M-201,OP-013,454,26,15,44.33,70.9
4008,2024-12-29,Line-B,Afternoon,M-202,OP-015,471,13,14,36.09,61.9
4009,2024-12-29,Line-B,Night,M-201,OP-013,459,20,0,36.57,64.7
4010,2024-12-29,Line-C,Morning,M-302,OP-014,536,6,0,34.09,61.5
4011,2024-12-29,Line-C,Afternoon,M-303,OP-001,355,15,13,34.95,70.3
4012,2024-12-29,Line-C,Night,M-301,OP-020,532,14,28,36.21,59.5
4013,2024-12-29,Line-D,Morning,M-401,OP-020,507,6,0,32.8,61.1
4014,2024-12-29,Line-D,Afternoon,M-402,OP-001,374,9,19,30.68,64.5
4015,2024-12-29,Line-D,Night,M-401,OP-006,524,13,13,24.11,66.3
4016,2024-12-30,Line-A,Morning,M-102,OP-003,530,17,7,28.75,67.4
4017,2024-12-30,Line-A,Afternoon,M-101,OP-020,496,6,0,35.96,75.2
4018,2024-12-30,Line-A,Night,M-102,OP-018,443,3,9,29.06,72.0
4019,2024-12-30,Line-B,Morning,M-201,OP-006,483,18,15,46.33,70.4
4020,2024-12-30,Line-B,Afternoon,M-201,OP-006,543,19,62,33.28,70.8
4021,2024-12-30,Line-B,Night,M-201,OP-011,365,14,58,46.16,65.8
4022,2024-12-30,Line-C,Morning,M-301,OP-001,448,9,19,36.26,66.2
4023,2024-12-30,Line-C,Afternoon,M-302,OP-015,383,7,5,23.5,69.2
4024,2024-12-30,Line-C,Night,M-303,OP-015,467,22,21,44.43,62.7
4025,2024-12-30,Line-D,Morning,M-401,OP-015,430,7,38,33.92,72.3
4026,2024-12-30,Line-D,Afternoon,M-401,OP-020,565,31,12,37.1,72.1
4027,2024-12-30,Line-D,Night,M-401,OP-008,539,19,5,27.51,69.3
4028,2024-12-31,Line-A,Morning,M-101,OP-001,469,10,35,27.61,66.8
4029,2024-12-31,Line-A,Afternoon,M-102,OP-017,490,8,0,27.1,70.7
4030,2024-12-31,Line-A,Night,M-102,OP-003,566,4,0,30.15,59.7
4031,2024-12-31,Line-B,Morning,M-202,OP-018,453,0,32,26.15,74.6
4032,2024-12-31,Line-B,Afternoon,M-201,OP-015,546,21,18,41.03,67.6
4033,2024-12-31,Line-B,Night,M-201,OP-010,500,19,46,43.33,66.6
4034,2024-12-31,Line-C,Morning,M-303,OP-002,437,19,22,42.29,68.3
4035,2024-12-31,Line-C,Afternoon,M-303,OP-017,495,31,33,47.02,68.9
4036,2024-12-31,Line-C,Night,M-302,OP-014,465,8,11,31.4,64.2
4037,2024-12-31,Line-D,Morning,M-401,OP-005,392,10,25,33.73,68.6
4038,2024-12-31,Line-D,Afternoon,M-401,OP-006,526,13,23,25.7,63.6
4039,2024-12-31,Line-D,Night,M-402,OP-005,456,8,8,20.62,74.9
4040,2025-01-01,Line-A,Morning,M-102,OP-007,463,9,30,18.28,66.0
4041,2025-01-01,Line-A,Afternoon,M-102,OP-003,456,7,9,37.24,70.7
4042,2025-01-01,Line-A,Night,M-102,OP-008,537,10,0,19.6,61.9
4043,2025-01-01,Line-B,Morning,M-202,OP-010,501,9,8,28.16,76.0
4044,2025-01-01,Line-B,Afternoon,M-202,OP-015,430,12,12,29.7,72.7
4045,2025-01-01,Line-B,Night,M-202,OP-020,567,9,23,31.82,68.0
4046,2025-01-01,Line-C,Afternoon,M-303,OP-010,492,19,30,39.1,71.6
4047,2025-01-01,Line-D,Morning,M-402,OP-010,474,2,1,14.0,66.0
4048,2025-01-01,Line-D,Afternoon,M-401,OP-019,482,8,41,32.87,70.1
4049,2025-01-01,Line-D,Night,M-402,OP-015,381,5,4,26.07,64.8
4050,2025-01-02,Line-A,Morning,M-101,OP-005,371,2,25,29.29,66.0
4051,2025-01-02,Line-A,Afternoon,M-102,OP-013,479,14,12,32.7,64.6
4052,2025-01-02,Line-A,Night,M-101,OP-001,442,10,40,37.15,70.3
4053,2025-01-02,Line-B,Morning,M-202,OP-005,489,16,23,18.53,63.8
4054,2025-01-02,Line-B,Afternoon,M-202,OP-012,500,0,0,26.5,67.0
4055,2025-01-02,Line-B,Night,M-202,OP-016,462,7,24,28.67,66.5
4056,2025-01-02,Line-C,Morning,M-301,OP-012,399,11,1,24.56,68.9
4057,2025-01-02,Line-C,Afternoon,M-303,OP-017,433,17,38,40.37,77.2
4058,2025-01-02,Line-C,Night,M-302,OP-013,475,11,0,25.7,63.7
4059,2025-01-02,Line-D,Morning,M-402,OP-006,422,9,27,31.72,67.1
4060,2025-01-02,Line-D,Afternoon,M-402,OP-006,442,13,43,30.68,71.8
4061,2025-01-02,Line-D,Night,M-402,OP-001,500,13,0,27.56,69.6
4062,2025-01-03,Line-A,Morning,M-101,OP-011,552,5,0,27.51,72.0
4063,2025-01-03,Line-A,Afternoon,M-101,OP-008,384,2,14,29.42,70.4
4064,2025-01-03,Line-A,Night,M-101,OP-007,406,6,29,24.04,73.9
4065,2025-01-03,Line-B,Morning,M-202,OP-019,415,11,6,24.28,66.0
4066,2025-01-03,Line-B,Afternoon,M-201,OP-017,512,23,51,49.18,63.3
4067,2025-01-03,Line-B,Night,M-201,OP-012,404,13,21,47.52,70.2
4068,2025-01-03,Line-C,Morning,M-302,OP-004,447,8,33,39.54,69.0
4069,2025-01-03,Line-C,Afternoon,M-303,OP-003,320,15,49,43.12,70.9
4070,2025-01-03,Line-C,Night,M-303,OP-018,501,16,21,40.39,72.3
4071,2025-01-03,Line-D,Morning,M-401,OP-015,434,10,16,37.93,67.8
4072,2025-01-03,Line-D,Afternoon,M-401,OP-008,374,9,44,33.56,64.8
4073,2025-01-03,Line-D,Night,M-401,OP-008,415,4,42,28.36,65.3
4074,2025-01-04,Line-A,Morning,M-102,OP-006,470,7,35,24.93,72.7
4075,2025-01-04,Line-A,Night,M-102,OP-003,487,15,35,30.42,66.7
4076,2025-01-04,Line-B,Morning,M-201,OP-005,483,21,10,49.76,69.0
4077,2025-01-04,Line-B,Afternoon,M-201,OP-007,410,10,0,45.85,65.5
4078,2025-01-04,Line-B,Night,M-202,OP-015,452,10,4,32.73,68.4
4079,2025-01-04,Line-C,Morning,M-301,OP-011,474,1,0,33.01,65.3
4080,2025-01-04,Line-C,Afternoon,M-301,OP-007,552,23,21,37.46,70.9
4081,2025-01-04,Line-C,Night,M-302,OP-003,447,9,42,27.38,63.8
4082,2025-01-04,Line-D,Morning,M-401,OP-018,411,7,0,38.37,68.9
4083,2025-01-04,Line-D,Afternoon,M-402,OP-010,538,8,0,23.45,64.4
4084,2025-01-04,Line-D,Night,M-402,OP-004,500,12,21,22.56,68.0
4085,2025-01-05,Line-A,Morning,M-102,OP-007,418,9,19,24.14,71.9
4086,2025-01-05,Line-A,Afternoon,M-102,OP-001,620,16,9,28.42,67.2
4087,2025-01-05,Line-A,Night,M-102,OP-020,434,9,0,20.55,68.9
4088,2025-01-05,Line-B,Morning,M-201,OP-011,481,19,15,43.45,64.0
4089,2025-01-05,Line-B,Afternoon,M-202,OP-010,471,17,21,23.15,62.9
4090,2025-01-05,Line-B,Night,M-201,OP-011,489,15,4,44.66,69.3
4091,2025-01-05,Line-C,Morning,M-303,OP-017,507,24,34,38.69,70.1
4092,2025-01-05,Line-C,Afternoon,M-302,OP-004,571,7,0,24.32,64.5
4093,2025-01-05,Line-C,Night,M-301,OP-016,492,0,18,33.22,60.8
4094,2025-01-05,Line-D,Afternoon,M-402,OP-016,421,8,9,32.6,67.4
4095,2025-01-05,Line-D,Night,M-401,OP-014,555,8,0,24.68,70.9
4096,2025-01-06,Line-A,Morning,M-101,OP-015,481,12,21,19.9,63.4
4097,2025-01-06,Line-A,Afternoon,M-101,OP-007,418,4,5,35.0,72.8
4098,2025-01-06,Line-A,Night,M-101,OP-007,462,7,1,30.45,68.8
4099,2025-01-06,Line-B,Morning,M-202,OP-011,528,14,0,29.24,73.5
4100,2025-01-06,Line-B,Afternoon,M-202,OP-004,453,13,7,30.87,63.5
4101,2025-01-06,Line-B,Night,M-201,OP-019,414,22,48,42.13,63.1
4102,2025-01-06,Line-C,Morning,M-302,OP-006,482,15,38,28.42,61.4
4103,2025-01-06,Line-C,Afternoon,M-302,OP-006,530,8,26,31.41,64.5
4104,2025-01-06,Line-C,Night,M-303,OP-006,483,28,32,36.83,61.6
4105,2025-01-06,Line-D,Morning,M-402,OP-020,433,6,24,24.4,74.2
4106,2025-01-06,Line-D,Afternoon,M-402,OP-008,399,16,37,30.71,61.4
4107,2025-01-06,Line-D,Night,M-402,OP-010,476,7,0,31.46,64.7
4108,2025-01-07,Line-A,Morning,M-102,OP-011,437,7,3,40.39,65.9
4109,2025-01-07,Line-A,Afternoon,M-102,OP-015,506,10,17,32.15,71.5
4110,2025-01-07,Line-A,Night,M-102,OP-014,495,10,12,29.31,64.4
4111,2025-01-07,Line-B,Afternoon,M-201,OP-014,476,23,41,42.9,67.1
4112,2025-01-07,Line-B,Night,M-201,OP-015,476,19,39,40.89,68.7
4113,2025-01-07,Line-C,Morning,M-301,OP-007,540,6,20,30.17,76.1
4114,2025-01-07,Line-C,Afternoon,M-303,OP-009,467,24,35,35.06,65.9
4115,2025-01-07,Line-C,Night,M-302,OP-001,532,7,0,29.84,63.6
4116,2025-01-07,Line-D,Morning,M-402,OP-011,487,16,23,37.68,65.8
4117,2025-01-07,Line-D,Afternoon,M-401,OP-007,471,4,1,25.37,62.8
4118,2025-01-07,Line-D,Night,M-402,OP-009,561,0,32,36.23,70.0
4119,2025-01-08,Line-A,Morning,M-101,OP-006,413,1,3,33.13,68.0
4120,2025-01-08,Line-A,Afternoon,M-102,OP-019,417,12,37,28.87,68.4
4121,2025-01-08,Line-A,Night,M-101,OP-013,389,5,19,31.77,66.0
4122,2025-01-08,Line-B,Morning,M-202,OP-008,463,6,7,32.12,60.1
4123,2025-01-08,Line-B,Afternoon,M-202,OP-002,475,10,3,27.6,66.2
4124,2025-01-08,Line-B,Night,M-202,OP-009,451,8,13,19.5,70.6
4125,2025-01-08,Line-C,Morning,M-302,OP-010,462,17,0,25.66,67.2
4126,2025-01-08,Line-C,Afternoon,M-301,OP-003,504,0,0,32.96,64.2
4127,2025-01-08,Line-C,Night,M-303,OP-014,562,23,21,45.05,74.4
4128,2025-01-08,Line-D,Morning,M-401,OP-019,504,15,37,25.39,71.8
4129,2025-01-08,Line-D,Afternoon,M-401,OP-018,388,9,10,36.21,72.7
4130,2025-01-08,Line-D,Night,M-401,OP-011,514,11,19,30.31,67.8
4131,2025-01-09,Line-A,Morning,M-102,OP-018,566,19,9,31.19,68.3
4132,2025-01-09,Line-A,Afternoon,M-102,OP-001,383,6,35,26.25,76.5
4133,2025-01-09,Line-A,Night,M-101,OP-011,550,12,20,25.41,66.9
4134,2025-01-09,Line-B,Morning,M-202,OP-015,566,7,27,23.11,63.2
4135,2025-01-09,Line-B,Afternoon,M-201,OP-006,594,27,26,48.81,73.0
4136,2025-01-09,Line-B,Night,M-201,OP-015,535,21,30,43.56,70.8
4137,2025-01-09,Line-C,Morning,M-301,OP-009,449,9,16,36.43,71.0
4138,2025-01-09,Line-C,Afternoon,M-303,OP-001,389,17,21,44.84,71.7
4139,2025-01-09,Line-C,Night,M-303,OP-014,486,21,36,43.04,65.4
4140,2025-01-09,Line-D,Morning,M-402,OP-002,406,0,31,32.48,69.5
4141,2025-01-09,Line-D,Afternoon,M-401,OP-017,555,3,0,31.92,69.2
4142,2025-01-09,Line-D,Night,M-402,OP-002,376,8,5,25.96,66.7
4143,2025-01-10,Line-A,Morning,M-102,OP-018,333,4,1,32.79,67.4
4144,2025-01-10,Line-A,Afternoon,M-102,OP-003,518,0,0,32.78,66.8
4145,2025-01-10,Line-A,Night,M-101,OP-018,530,0,22,26.8,65.1
4146,2025-01-10,Line-B,Morning,M-201,OP-017,539,31,50,52.19,73.1
4147,2025-01-10,Line-B,Afternoon,M-201,OP-019,432,20,29,52.15,72.4
4148,2025-01-10,Line-B,Night,M-201,OP-003,468,25,16,43.25,64.2
4149,2025-01-10,Line-C,Morning,M-302,OP-009,378,10,25,32.29,67.3
4150,2025-01-10,Line-C,Afternoon,M-303,OP-005,404,13,20,40.83,72.3
4151,2025-01-10,Line-C,Night,M-301,OP-006,543,1,1,26.4,57.9
4152,2025-01-10,Line-D,Morning,M-402,OP-015,513,8,10,36.73,68.4
4153,2025-01-10,Line-D,Afternoon,M-402,OP-001,454,11,27,31.48,70.8
4154,2025-01-10,Line-D,Night,M-402,OP-001,471,8,13,26.23,65.7
4155,2025-01-11,Line-A,Morning,M-102,OP-001,562,21,35,23.38,62.3
4156,2025-01-11,Line-A,Night,M-101,OP-009,408,8,0,27.06,73.6
4157,2025-01-11,Line-B,Morning,M-202,OP-018,538,7,5,32.84,71.7
4158,2025-01-11,Line-B,Afternoon,M-201,OP-019,448,19,26,35.34,67.1
4159,2025-01-11,Line-B,Night,M-201,OP-007,462,15,44,44.42,70.8
4160,2025-01-11,Line-C,Morning,M-301,OP-010,433,0,19,26.68,64.4
4161,2025-01-11,Line-C,Afternoon,M-301,OP-018,404,6,35,27.47,63.6
4162,2025-01-11,Line-C,Night,M-301,OP-005,519,10,0,33.31,76.5
4163,2025-01-11,Line-D,Morning,M-401,OP-011,323,2,0,29.62,72.0
4164,2025-01-11,Line-D,Afternoon,M-401,OP-007,486,16,24,38.51,72.6
4165,2025-01-11,Line-D,Night,M-401,OP-014,455,8,0,28.85,68.2
4166,2025-01-12,Line-A,Morning,M-101,OP-007,474,15,7,25.34,64.5
4167,2025-01-12,Line-A,Afternoon,M-101,OP-005,519,2,8,36.64,69.2
4168,2025-01-12,Line-A,Night,M-102,OP-004,475,8,0,25.71,67.2
4169,2025-01-12,Line-B,Morning,M-202,OP-001,496,14,13,36.76,74.4
4170,2025-01-12,Line-B,Afternoon,M-201,OP-013,527,30,20,36.25,70.1
4171,2025-01-12,Line-C,Morning,M-301,OP-007,399,6,23,37.07,67.0
4172,2025-01-12,Line-C,Afternoon,M-303,OP-004,441,21,18,41.13,68.0
4173,2025-01-12,Line-C,Night,M-301,OP-017,478,9,0,26.37,65.0
4174,2025-01-12,Line-D,Morning,M-401,OP-006,382,8,25,33.98,67.0
4175,2025-01-12,Line-D,Afternoon,M-401,OP-016,431,11,21,31.09,75.0
4176,2025-01-12,Line-D,Night,M-402,OP-011,478,7,6,22.2,70.6
4177,2025-01-13,Line-A,Morning,M-101,OP-003,473,11,39,28.05,58.6
4178,2025-01-13,Line-A,Afternoon,M-102,OP-016,508,10,1,31.99,71.1
4179,2025-01-13,Line-A,Night,M-101,OP-015,423,6,34,26.39,68.3
4180,2025-01-13,Line-B,Afternoon,M-202,OP-013,322,1,14,36.14,62.6
4181,2025-01-13,Line-B,Night,M-201,OP-012,484,20,49,35.91,69.7
4182,2025-01-13,Line-C,Morning,M-302,OP-003,440,9,13,28.74,69.9
4183,2025-01-13,Line-C,Afternoon,M-303,OP-010,482,21,29,42.39,68.9
4184,2025-01-13,Line-C,Night,M-303,OP-003,420,17,19,41.8,65.6
4185,2025-01-13,Line-D,Morning,M-402,OP-016,526,13,0,29.99,70.6
4186,2025-01-13,Line-D,Night,M-402,OP-002,469,5,0,34.27,71.6
4187,2025-01-14,Line-A,Morning,M-101,OP-006,467,12,0,36.64,67.4
4188,2025-01-14,Line-A,Afternoon,M-101,OP-017,488,7,32,24.7,73.9
4189,2025-01-14,Line-A,Night,M-102,OP-002,503,12,7,23.46,71.7
4190,2025-01-14,Line-B,Afternoon,M-202,OP-012,498,16,9,27.9,73.6
4191,2025-01-14,Line-B,Night,M-201,OP-014,594,27,23,46.05,67.0
4192,2025-01-14,Line-C,Morning,M-303,OP-005,515,22,58,38.5,69.9
4193,2025-01-14,Line-C,Afternoon,M-303,OP-006,450,19,28,45.69,71.7
4194,2025-01-14,Line-C,Night,M-301,OP-006,513,9,14,34.49,71.7
4195,2025-01-14,Line-D,Afternoon,M-402,OP-012,318,5,8,33.35,67.7
4196,2025-01-14,Line-D,Night,M-402,OP-020,523,4,15,34.5,62.1
4197,2025-01-15,Line-A,Morning,M-101,OP-011,630,19,12,25.86,67.3
4198,2025-01-15,Line-A,Night,M-101,OP-014,485,11,34,27.62,70.3
4199,2025-01-15,Line-B,Afternoon,M-201,OP-006,402,16,40,45.46,65.0
4200,2025-01-15,Line-B,Night,M-202,OP-008,453,15,29,31.04,59.1
4201,2025-01-15,Line-C,Morning,M-301,OP-004,630,11,7,27.39,69.5
4202,2025-01-15,Line-C,Afternoon,M-302,OP-014,503,14,0,28.44,76.1
4203,2025-01-15,Line-C,Night,M-303,OP-015,493,21,20,44.53,72.1
4204,2025-01-15,Line-D,Morning,M-401,OP-010,532,8,17,38.36,72.3
4205,2025-01-15,Line-D,Afternoon,M-402,OP-005,432,0,16,33.99,63.6
4206,2025-01-15,Line-D,Night,M-402,OP-020,479,7,13,27.28,73.2
4207,2025-01-16,Line-A,Morning,M-101,OP-016,488,4,25,23.68,73.1
4208,2025-01-16,Line-A,Afternoon,M-101,OP-005,539,17,9,27.52,68.3
4209,2025-01-16,Line-A,Night,M-101,OP-005,474,5,3,28.17,63.3
4210,2025-01-16,Line-B,Morning,M-201,OP-004,520,23,30,36.45,63.4
4211,2025-01-16,Line-B,Afternoon,M-202,OP-020,596,7,21,30.81,56.9
4212,2025-01-16,Line-B,Night,M-201,OP-009,587,30,23,41.86,63.4
4213,2025-01-16,Line-C,Morning,M-303,OP-010,589,21,27,38.35,68.3
4214,2025-01-16,Line-C,Afternoon,M-302,OP-019,562,20,6,31.89,68.3
4215,2025-01-16,Line-C,Night,M-303,OP-009,421,29,55,42.95,74.3
4216,2025-01-16,Line-D,Morning,M-401,OP-011,552,10,16,37.56,64.2
4217,2025-01-16,Line-D,Afternoon,M-401,OP-019,580,9,34,29.97,69.4
4218,2025-01-16,Line-D,Night,M-401,OP-013,477,6,7,36.9,58.7
4219,2025-01-17,Line-A,Morning,M-101,OP-006,405,4,0,37.55,73.0
4220,2025-01-17,Line-A,Night,M-101,OP-006,515,6,32,22.06,76.6
4221,2025-01-17,Line-B,Morning,M-201,OP-019,438,19,28,36.63,75.7
4222,2025-01-17,Line-B,Afternoon,M-202,OP-007,527,16,0,30.9,70.1
4223,2025-01-17,Line-B,Night,M-202,OP-015,496,3,28,30.61,64.2
4224,2025-01-17,Line-C,Morning,M-302,OP-020,368,9,48,24.92,68.7
4225,2025-01-17,Line-C,Afternoon,M-302,OP-004,546,3,4,25.7,71.9
4226,2025-01-17,Line-C,Night,M-303,OP-017,559,26,22,39.79,65.5
4227,2025-01-17,Line-D,Morning,M-402,OP-006,421,7,20,32.45,68.0
4228,2025-01-17,Line-D,Afternoon,M-402,OP-018,483,8,0,30.8,65.7
4229,2025-01-17,Line-D,Night,M-401,OP-011,399,9,2,31.14,71.4
4230,2025-01-18,Line-A,Morning,M-102,OP-003,422,8,0,37.66,62.6
4231,2025-01-18,Line-A,Afternoon,M-102,OP-001,449,14,8,24.01,70.9
4232,2025-01-18,Line-A,Night,M-101,OP-004,521,6,4,27.82,67.2
4233,2025-01-18,Line-B,Morning,M-202,OP-004,366,6,38,25.52,65.7
4234,2025-01-18,Line-B,Afternoon,M-202,OP-005,408,10,30,35.9,63.0
4235,2025-01-18,Line-B,Night,M-202,OP-015,509,16,19,32.39,66.1
4236,2025-01-18,Line-C,Morning,M-301,OP-017,493,15,16,23.76,66.2
4237,2025-01-18,Line-C,Afternoon,M-303,OP-007,552,27,36,39.23,72.8
4238,2025-01-18,Line-C,Night,M-303,OP-008,579,33,56,40.21,66.0
4239,2025-01-18,Line-D,Morning,M-401,OP-012,470,9,33,35.83,70.2
4240,2025-01-18,Line-D,Afternoon,M-401,OP-019,394,0,15,34.4,67.7
4241,2025-01-18,Line-D,Night,M-401,OP-018,594,4,0,26.68,65.2
4242,2025-01-19,Line-A,Morning,M-101,OP-017,511,7,0,34.46,61.0
4243,2025-01-19,Line-A,Afternoon,M-101,OP-004,415,1,15,30.93,75.7
4244,2025-01-19,Line-A,Night,M-101,OP-005,534,17,16,25.12,68.5
4245,2025-01-19,Line-B,Morning,M-202,OP-007,515,13,4,32.44,64.3
4246,2025-01-19,Line-B,Afternoon,M-202,OP-010,417,3,12,24.11,66.3
4247,2025-01-19,Line-B,Night,M-202,OP-016,534,4,4,30.36,69.0
4248,2025-01-19,Line-C,Morning,M-301,OP-010,450,12,20,35.7,67.7
4249,2025-01-19,Line-C,Night,M-303,OP-010,449,17,39,40.11,65.7
4250,2025-01-19,Line-D,Morning,M-401,OP-002,453,5,14,22.94,69.2
4251,2025-01-19,Line-D,Afternoon,M-401,OP-005,520,6,40,30.09,61.8
4252,2025-01-19,Line-D,Night,M-401,OP-008,463,9,18,28.71,64.0
4253,2025-01-20,Line-A,Morning,M-101,OP-014,414,5,3,24.33,65.1
4254,2025-01-20,Line-A,Afternoon,M-101,OP-008,519,18,23,36.53,71.9
4255,2025-01-20,Line-A,Night,M-101,OP-008,529,8,14,27.9,67.1
4256,2025-01-20,Line-B,Morning,M-202,OP-005,484,12,18,29.19,68.2
4257,2025-01-20,Line-B,Afternoon,M-201,OP-019,506,26,12,36.61,72.4
4258,2025-01-20,Line-B,Night,M-201,OP-007,476,19,31,40.68,70.2
4259,2025-01-20,Line-C,Morning,M-303,OP-009,413,19,38,43.98,68.9
4260,2025-01-20,Line-C,Afternoon,M-301,OP-004,510,6,0,42.29,66.8
4261,2025-01-20,Line-C,Night,M-303,OP-004,468,24,58,39.28,64.0
4262,2025-01-20,Line-D,Morning,M-402,OP-008,405,14,0,29.86,64.1
4263,2025-01-20,Line-D,Afternoon,M-402,OP-004,393,6,0,26.54,76.0
4264,2025-01-20,Line-D,Night,M-402,OP-005,505,14,24,29.5,66.2
4265,2025-01-21,Line-A,Afternoon,M-102,OP-009,494,10,3,30.65,65.2
4266,2025-01-21,Line-A,Night,M-101,OP-013,469,7,0,18.24,64.2
4267,2025-01-21,Line-B,Morning,M-202,OP-004,588,9,23,19.38,64.0
4268,2025-01-21,Line-B,Afternoon,M-202,OP-019,398,6,48,32.3,74.8
4269,2025-01-21,Line-B,Night,M-202,OP-010,464,15,43,29.45,65.8
4270,2025-01-21,Line-C,Morning,M-301,OP-003,400,6,13,40.15,62.8
4271,2025-01-21,Line-C,Afternoon,M-303,OP-020,483,13,28,43.56,70.1
4272,2025-01-21,Line-C,Night,M-301,OP-016,515,11,20,30.23,63.8
4273,2025-01-21,Line-D,Morning,M-402,OP-014,368,5,9,36.27,67.6
4274,2025-01-21,Line-D,Night,M-402,OP-009,468,10,7,34.05,75.9
4275,2025-01-22,Line-A,Morning,M-102,OP-014,611,12,17,37.89,67.4
4276,2025-01-22,Line-A,Afternoon,M-102,OP-012,520,3,7,35.78,65.1
4277,2025-01-22,Line-A,Night,M-101,OP-016,472,1,42,36.32,68.8
4278,2025-01-22,Line-B,Morning,M-202,OP-008,510,11,32,27.41,70.9
4279,2025-01-22,Line-B,Afternoon,M-202,OP-004,544,16,0,27.0,63.9
4280,2025-01-22,Line-B,Night,M-202,OP-018,488,0,0,40.85,70.5
4281,2025-01-22,Line-C,Morning,M-303,OP-013,487,24,37,46.99,65.5
4282,2025-01-22,Line-C,Afternoon,M-303,OP-013,491,23,19,48.38,66.2
4283,2025-01-22,Line-D,Morning,M-401,OP-019,541,10,36,24.79,63.7
4284,2025-01-22,Line-D,Afternoon,M-401,OP-012,425,8,35,37.97,58.8
4285,2025-01-22,Line-D,Night,M-402,OP-013,494,0,23,35.59,67.8
4286,2025-01-23,Line-A,Morning,M-101,OP-012,485,9,0,32.16,67.1
4287,2025-01-23,Line-A,Afternoon,M-102,OP-015,535,9,0,22.32,60.5
4288,2025-01-23,Line-A,Night,M-101,OP-013,558,7,17,38.92,65.7
4289,2025-01-23,Line-B,Morning,M-202,OP-001,442,7,12,39.44,74.3
4290,2025-01-23,Line-B,Afternoon,M-201,OP-001,517,31,32,43.5,66.8
4291,2025-01-23,Line-B,Night,M-202,OP-004,402,12,19,30.09,68.0
4292,2025-01-23,Line-C,Morning,M-302,OP-001,389,3,17,27.35,67.1
4293,2025-01-23,Line-C,Afternoon,M-302,OP-012,473,5,0,21.94,67.4
4294,2025-01-23,Line-C,Night,M-302,OP-012,517,1,11,31.41,64.0
4295,2025-01-23,Line-D,Morning,M-401,OP-009,565,8,10,29.19,60.9
4296,2025-01-23,Line-D,Afternoon,M-401,OP-011,540,5,8,32.99,73.8
4297,2025-01-23,Line-D,Night,M-402,OP-006,415,6,32,32.32,70.7
4298,2025-01-24,Line-A,Morning,M-102,OP-013,416,6,9,25.71,61.3
4299,2025-01-24,Line-A,Afternoon,M-101,OP-016,449,14,12,36.87,68.7
4300,2025-01-24,Line-A,Night,M-102,OP-012,434,13,15,34.81,63.7
4301,2025-01-24,Line-B,Morning,M-201,OP-011,542,30,39,37.97,67.8
4302,2025-01-24,Line-B,Afternoon,M-201,OP-003,516,24,44,47.06,65.4
4303,2025-01-24,Line-B,Night,M-202,OP-020,410,7,7,33.93,63.7
4304,2025-01-24,Line-C,Morning,M-301,OP-013,541,17,12,30.3,64.9
4305,2025-01-24,Line-C,Afternoon,M-303,OP-016,447,18,56,41.64,62.7
4306,2025-01-24,Line-C,Night,M-302,OP-012,495,13,11,37.35,71.1
4307,2025-01-24,Line-D,Morning,M-401,OP-011,417,5,15,21.67,69.3
4308,2025-01-24,Line-D,Night,M-402,OP-017,374,11,25,32.52,65.3
4309,2025-01-25,Line-A,Morning,M-102,OP-018,490,6,0,28.31,70.8
4310,2025-01-25,Line-A,Afternoon,M-102,OP-020,482,16,23,33.29,61.6
4311,2025-01-25,Line-A,Night,M-101,OP-003,462,3,9,26.53,66.5
4312,2025-01-25,Line-B,Morning,M-202,OP-009,543,12,27,22.0,68.2
4313,2025-01-25,Line-B,Afternoon,M-202,OP-018,538,18,0,28.24,72.1
4314,2025-01-25,Line-B,Night,M-201,OP-013,468,17,11,37.26,61.2
4315,2025-01-25,Line-C,Morning,M-303,OP-010,483,26,16,43.29,71.4
4316,2025-01-25,Line-C,Afternoon,M-301,OP-011,479,1,17,29.73,67.4
4317,2025-01-25,Line-C,Night,M-302,OP-002,447,8,19,41.95,68.4
4318,2025-01-25,Line-D,Morning,M-401,OP-009,570,12,10,30.74,63.1
4319,2025-01-25,Line-D,Night,M-401,OP-008,498,0,0,30.55,72.8
4320,2025-01-26,Line-A,Morning,M-102,OP-007,565,9,14,34.92,62.7
4321,2025-01-26,Line-A,Afternoon,M-102,OP-008,504,5,9,27.7,69.7
4322,2025-01-26,Line-A,Night,M-102,OP-015,513,14,17,30.86,75.4
4323,2025-01-26,Line-B,Morning,M-201,OP-014,388,24,30,44.85,66.7
4324,2025-01-26,Line-B,Afternoon,M-202,OP-019,437,10,27,32.37,65.8
4325,2025-01-26,Line-B,Night,M-202,OP-009,696,21,26,28.24,65.5
4326,2025-01-26,Line-C,Morning,M-302,OP-009,463,13,0,24.66,70.2
4327,2025-01-26,Line-C,Afternoon,M-302,OP-008,499,5,0,37.19,69.4
4328,2025-01-26,Line-C,Night,M-302,OP-003,398,2,6,33.66,70.4
4329,2025-01-26,Line-D,Morning,M-401,OP-011,547,2,15,37.13,73.3
4330,2025-01-26,Line-D,Afternoon,M-401,OP-018,501,21,21,35.21,68.2
4331,2025-01-26,Line-D,Night,M-401,OP-017,433,4,14,28.94,60.9
4332,2025-01-27,Line-A,Morning,M-102,OP-004,418,6,22,29.92,67.7
4333,2025-01-27,Line-A,Afternoon,M-101,OP-012,420,8,31,30.78,62.0
4334,2025-01-27,Line-A,Night,M-101,OP-015,404,10,8,29.63,65.5
4335,2025-01-27,Line-B,Morning,M-201,OP-015,510,21,32,37.74,71.7
4336,2025-01-27,Line-B,Afternoon,M-202,OP-019,466,11,0,38.67,73.1
4337,2025-01-27,Line-B,Night,M-201,OP-001,365,13,42,35.4,67.5
4338,2025-01-27,Line-C,Morning,M-303,OP-002,505,22,43,38.53,59.0
4339,2025-01-27,Line-C,Afternoon,M-302,OP-005,538,15,49,18.96,71.0
4340,2025-01-27,Line-D,Morning,M-402,OP-019,361,13,19,25.24,71.1
4341,2025-01-27,Line-D,Afternoon,M-401,OP-020,446,9,15,38.72,75.3
4342,2025-01-27,Line-D,Night,M-401,OP-013,444,13,17,22.94,65.2
4343,2025-01-28,Line-A,Morning,M-102,OP-010,620,13,26,28.94,65.8
4344,2025-01-28,Line-A,Afternoon,M-102,OP-011,481,7,0,24.98,70.8
4345,2025-01-28,Line-A,Night,M-102,OP-005,457,8,15,31.57,72.6
4346,2025-01-28,Line-B,Morning,M-202,OP-001,414,10,23,34.93,62.3
4347,2025-01-28,Line-B,Afternoon,M-201,OP-012,495,31,33,44.42,71.1
4348,2025-01-28,Line-B,Night,M-201,OP-020,418,26,42,44.6,61.4
4349,2025-01-28,Line-C,Afternoon,M-301,OP-007,527,12,36,28.44,64.0
4350,2025-01-28,Line-C,Night,M-303,OP-006,439,18,18,48.45,73.3
4351,2025-01-28,Line-D,Morning,M-401,OP-016,468,7,0,33.48,74.6
4352,2025-01-28,Line-D,Afternoon,M-402,OP-003,441,7,18,38.62,68.8
4353,2025-01-28,Line-D,Night,M-402,OP-019,491,10,0,22.77,64.8
4354,2025-01-29,Line-A,Morning,M-102,OP-014,540,8,4,27.26,67.4
4355,2025-01-29,Line-A,Afternoon,M-102,OP-005,582,10,0,30.13,75.0
4356,2025-01-29,Line-A,Night,M-101,OP-004,449,3,4,30.64,70.8
4357,2025-01-29,Line-B,Morning,M-201,OP-014,540,19,20,40.38,70.7
4358,2025-01-29,Line-B,Afternoon,M-202,OP-003,404,5,3,34.71,70.1
4359,2025-01-29,Line-B,Night,M-202,OP-007,534,17,7,24.06,63.3
4360,2025-01-29,Line-C,Morning,M-303,OP-003,369,15,29,45.94,68.1
4361,2025-01-29,Line-C,Afternoon,M-301,OP-017,450,8,0,35.13,64.9
4362,2025-01-29,Line-C,Night,M-303,OP-002,411,22,43,33.38,71.4
4363,2025-01-29,Line-D,Morning,M-401,OP-012,435,6,14,32.93,69.8
4364,2025-01-29,Line-D,Afternoon,M-401,OP-017,477,7,18,29.41,75.2
4365,2025-01-30,Line-A,Morning,M-102,OP-001,515,5,4,30.24,73.2
4366,2025-01-30,Line-A,Afternoon,M-102,OP-003,564,8,0,24.69,69.0
4367,2025-01-30,Line-A,Night,M-101,OP-020,618,14,0,26.37,65.5
4368,2025-01-30,Line-B,Morning,M-201,OP-012,430,18,40,45.41,72.4
4369,2025-01-30,Line-B,Afternoon,M-201,OP-020,511,13,19,41.21,68.6
4370,2025-01-30,Line-B,Night,M-201,OP-015,531,24,35,43.19,67.0
4371,2025-01-30,Line-C,Morning,M-301,OP-017,485,14,10,29.85,67.9
4372,2025-01-30,Line-C,Afternoon,M-302,OP-001,557,4,38,24.12,65.4
4373,2025-01-30,Line-C,Night,M-303,OP-004,524,29,13,36.54,69.1
4374,2025-01-30,Line-D,Morning,M-402,OP-010,620,19,8,17.9,68.3
4375,2025-01-30,Line-D,Afternoon,M-401,OP-019,501,7,0,30.8,64.2
4376,2025-01-30,Line-D,Night,M-401,OP-016,592,20,21,30.45,65.4
4377,2025-01-31,Line-A,Morning,M-101,OP-020,478,16,25,31.02,71.7
4378,2025-01-31,Line-A,Afternoon,M-102,OP-018,512,11,26,32.59,71.4
4379,2025-01-31,Line-A,Night,M-102,OP-004,489,8,3,26.66,61.6
4380,2025-01-31,Line-B,Morning,M-201,OP-011,425,15,27,49.81,67.4
4381,2025-01-31,Line-B,Afternoon,M-201,OP-008,494,24,58,39.12,67.1
4382,2025-01-31,Line-B,Night,M-202,OP-007,473,14,32,32.37,72.9
4383,2025-01-31,Line-C,Morning,M-301,OP-012,490,8,29,32.44,65.1
4384,2025-01-31,Line-C,Night,M-302,OP-019,539,9,7,34.47,67.6
4385,2025-01-31,Line-D,Morning,M-401,OP-011,503,12,0,31.92,73.4
4386,2025-01-31,Line-D,Afternoon,M-402,OP-018,422,9,0,35.11,72.0
4387,2025-01-31,Line-D,Night,M-402,OP-011,458,18,28,33.53,70.6
4388,2025-02-01,Line-A,Morning,M-101,OP-010,539,4,14,31.92,66.4
4389,2025-02-01,Line-A,Afternoon,M-102,OP-013,507,15,5,29.73,64.7
4390,2025-02-01,Line-A,Night,M-101,OP-016,372,10,11,30.24,64.1
4391,2025-02-01,Line-B,Afternoon,M-202,OP-020,468,14,12,30.15,68.8
4392,2025-02-01,Line-B,Night,M-202,OP-010,405,10,0,25.3,63.8
4393,2025-02-01,Line-C,Morning,M-303,OP-002,469,19,34,37.47,72.0
4394,2025-02-01,Line-C,Afternoon,M-301,OP-007,530,9,4,27.1,66.8
4395,2025-02-01,Line-C,Night,M-302,OP-019,395,3,24,31.51,74.5
4396,2025-02-01,Line-D,Morning,M-401,OP-011,462,7,5,28.4,65.4
4397,2025-02-01,Line-D,Afternoon,M-401,OP-002,496,9,4,36.26,75.6
4398,2025-02-01,Line-D,Night,M-402,OP-007,549,13,23,39.28,71.0
4399,2025-02-02,Line-A,Morning,M-101,OP-014,444,10,21,25.03,66.9
4400,2025-02-02,Line-A,Afternoon,M-101,OP-017,546,0,0,29.12,69.4
4401,2025-02-02,Line-A,Night,M-101,OP-007,398,7,29,30.34,71.8
4402,2025-02-02,Line-B,Morning,M-201,OP-008,444,16,47,43.85,63.3
4403,2025-02-02,Line-B,Afternoon,M-201,OP-007,431,26,21,46.67,66.1
4404,2025-02-02,Line-B,Night,M-201,OP-002,479,23,3,34.69,68.3
4405,2025-02-02,Line-C,Morning,M-301,OP-004,436,12,0,32.83,62.5
4406,2025-02-02,Line-C,Afternoon,M-301,OP-008,458,3,40,23.3,67.5
4407,2025-02-02,Line-C,Night,M-302,OP-006,376,13,18,30.68,73.9
4408,2025-02-02,Line-D,Morning,M-401,OP-012,488,10,13,32.82,66.0
4409,2025-02-02,Line-D,Afternoon,M-402,OP-002,467,12,16,29.43,62.4
4410,2025-02-02,Line-D,Night,M-401,OP-020,569,6,26,30.88,62.8
4411,2025-02-03,Line-A,Morning,M-102,OP-019,555,11,32,29.09,70.8
4412,2025-02-03,Line-A,Afternoon,M-102,OP-007,374,5,0,28.13,69.9
4413,2025-02-03,Line-A,Night,M-102,OP-014,443,12,0,34.43,73.2
4414,2025-02-03,Line-B,Morning,M-202,OP-014,540,8,0,32.91,67.5
4415,2025-02-03,Line-B,Afternoon,M-201,OP-016,421,17,56,36.31,69.9
4416,2025-02-03,Line-B,Night,M-201,OP-013,493,20,44,50.16,66.8
4417,2025-02-03,Line-C,Afternoon,M-301,OP-008,465,11,25,29.36,66.8
4418,2025-02-03,Line-D,Morning,M-401,OP-016,346,4,0,33.42,67.0
4419,2025-02-03,Line-D,Night,M-401,OP-009,463,8,0,37.77,73.2
4420,2025-02-04,Line-A,Morning,M-102,OP-010,577,14,11,38.07,65.3
4421,2025-02-04,Line-A,Afternoon,M-102,OP-019,427,5,19,26.19,67.4
4422,2025-02-04,Line-A,Night,M-101,OP-013,383,9,0,25.34,72.9
4423,2025-02-04,Line-B,Morning,M-201,OP-003,550,27,39,39.35,64.9
4424,2025-02-04,Line-B,Afternoon,M-202,OP-007,458,1,15,30.24,64.3
4425,2025-02-04,Line-B,Night,M-201,OP-016,574,29,45,39.56,68.0
4426,2025-02-04,Line-C,Morning,M-301,OP-008,517,10,36,28.98,66.0
4427,2025-02-04,Line-C,Night,M-301,OP-003,518,3,25,23.5,70.6
4428,2025-02-04,Line-D,Morning,M-402,OP-015,441,10,25,30.77,63.2
4429,2025-02-04,Line-D,Afternoon,M-402,OP-020,426,5,0,35.64,68.4
4430,2025-02-04,Line-D,Night,M-401,OP-007,411,13,1,31.25,64.7
4431,2025-02-05,Line-A,Morning,M-101,OP-019,358,2,5,34.49,69.4
4432,2025-02-05,Line-A,Night,M-102,OP-006,488,0,31,31.12,67.5
4433,2025-02-05,Line-B,Morning,M-201,OP-002,547,31,52,40.76,64.0
4434,2025-02-05,Line-B,Afternoon,M-201,OP-010,539,17,64,42.14,63.8
4435,2025-02-05,Line-B,Night,M-201,OP-006,406,13,37,41.97,63.1
4436,2025-02-05,Line-C,Morning,M-302,OP-015,458,2,20,29.73,66.5
4437,2025-02-05,Line-C,Night,M-301,OP-020,402,6,5,31.59,68.7
4438,2025-02-05,Line-D,Morning,M-401,OP-005,527,7,0,34.96,64.3
4439,2025-02-05,Line-D,Afternoon,M-402,OP-002,413,7,16,27.35,65.8
4440,2025-02-05,Line-D,Night,M-401,OP-014,456,15,11,25.16,64.2
4441,2025-02-06,Line-A,Morning,M-101,OP-020,464,9,19,30.62,64.6
4442,2025-02-06,Line-A,Afternoon,M-102,OP-012,454,12,0,27.67,70.4
4443,2025-02-06,Line-B,Morning,M-201,OP-001,532,23,28,35.39,70.1
4444,2025-02-06,Line-B,Afternoon,M-201,OP-013,559,39,40,41.75,64.3
4445,2025-02-06,Line-B,Night,M-201,OP-008,367,17,70,48.35,72.5
4446,2025-02-06,Line-C,Morning,M-301,OP-019,494,11,0,33.81,65.7
4447,2025-02-06,Line-C,Afternoon,M-301,OP-016,437,6,6,26.41,68.1
4448,2025-02-06,Line-C,Night,M-303,OP-013,446,21,12,40.93,63.6
4449,2025-02-06,Line-D,Morning,M-402,OP-015,441,9,0,25.89,70.3
4450,2025-02-06,Line-D,Afternoon,M-401,OP-016,395,14,30,27.53,64.9
4451,2025-02-06,Line-D,Night,M-402,OP-015,492,2,0,27.7,67.5
4452,2025-02-07,Line-A,Morning,M-101,OP-015,485,6,31,22.52,63.4
4453,2025-02-07,Line-A,Afternoon,M-102,OP-008,509,3,0,30.62,63.8
4454,2025-02-07,Line-A,Night,M-101,OP-013,472,5,0,19.49,68.6
4455,2025-02-07,Line-B,Morning,M-201,OP-012,405,18,27,40.97,67.4
4456,2025-02-07,Line-B,Afternoon,M-202,OP-010,491,5,30,20.76,67.1
4457,2025-02-07,Line-B,Night,M-202,OP-014,530,12,0,25.96,64.0
4458,2025-02-07,Line-C,Morning,M-303,OP-008,515,19,38,43.32,77.5
4459,2025-02-07,Line-C,Afternoon,M-301,OP-012,498,5,0,28.62,67.5
4460,2025-02-07,Line-C,Night,M-302,OP-014,347,4,16,27.34,71.9
4461,2025-02-07,Line-D,Morning,M-402,OP-015,386,10,25,34.78,61.7
4462,2025-02-07,Line-D,Afternoon,M-402,OP-015,498,6,0,27.93,64.4
4463,2025-02-07,Line-D,Night,M-402,OP-013,535,12,0,26.38,66.5
4464,2025-02-08,Line-A,Morning,M-101,OP-008,475,13,22,30.26,67.0
4465,2025-02-08,Line-A,Afternoon,M-101,OP-019,373,12,5,37.77,68.8
4466,2025-02-08,Line-A,Night,M-102,OP-015,601,14,0,26.93,67.3
4467,2025-02-08,Line-B,Morning,M-202,OP-012,427,6,0,30.03,68.9
4468,2025-02-08,Line-B,Afternoon,M-201,OP-013,419,27,35,37.92,61.5
4469,2025-02-08,Line-B,Night,M-201,OP-018,483,20,46,41.28,63.2
4470,2025-02-08,Line-C,Morning,M-302,OP-020,580,13,8,30.82,69.9
4471,2025-02-08,Line-C,Afternoon,M-301,OP-007,394,8,5,32.54,65.0
4472,2025-02-08,Line-C,Night,M-301,OP-013,443,15,30,13.52,72.6
4473,2025-02-08,Line-D,Morning,M-402,OP-006,475,5,0,25.25,65.3
4474,2025-02-08,Line-D,Afternoon,M-401,OP-007,412,2,0,31.62,68.2
4475,2025-02-08,Line-D,Night,M-401,OP-009,513,9,0,32.47,64.0
4476,2025-02-09,Line-A,Morning,M-101,OP-013,518,3,1,28.19,70.7
4477,2025-02-09,Line-A,Afternoon,M-101,OP-005,490,9,40,20.82,63.8
4478,2025-02-09,Line-A,Night,M-102,OP-008,415,0,1,33.44,65.6
4479,2025-02-09,Line-B,Morning,M-201,OP-016,460,13,23,39.69,70.6
4480,2025-02-09,Line-B,Afternoon,M-201,OP-004,379,15,51,39.77,59.5
4481,2025-02-09,Line-B,Night,M-201,OP-001,556,29,48,33.28,74.0
4482,2025-02-09,Line-C,Afternoon,M-301,OP-011,433,6,1,34.73,67.3
4483,2025-02-09,Line-C,Night,M-302,OP-012,508,10,10,25.27,75.2
4484,2025-02-09,Line-D,Morning,M-401,OP-007,392,9,17,35.77,73.6
4485,2025-02-09,Line-D,Afternoon,M-401,OP-012,471,11,38,29.67,63.7
4486,2025-02-09,Line-D,Night,M-402,OP-019,456,2,17,35.32,67.5
4487,2025-02-10,Line-A,Morning,M-102,OP-016,382,11,0,22.27,67.3
4488,2025-02-10,Line-A,Afternoon,M-101,OP-010,495,11,11,38.8,68.3
4489,2025-02-10,Line-A,Night,M-101,OP-005,542,14,0,29.15,76.5
4490,2025-02-10,Line-B,Morning,M-201,OP-018,449,17,37,39.66,64.8
4491,2025-02-10,Line-B,Afternoon,M-202,OP-006,451,15,9,23.36,62.0
4492,2025-02-10,Line-B,Night,M-202,OP-009,612,10,18,26.14,69.3
4493,2025-02-10,Line-C,Morning,M-301,OP-004,567,7,18,22.97,76.1
4494,2025-02-10,Line-C,Afternoon,M-301,OP-015,496,7,7,27.45,66.2
4495,2025-02-10,Line-C,Night,M-301,OP-005,333,6,9,32.44,65.9
4496,2025-02-10,Line-D,Morning,M-402,OP-013,433,8,0,30.72,60.6
4497,2025-02-10,Line-D,Afternoon,M-401,OP-019,547,14,0,33.31,68.4
4498,2025-02-10,Line-D,Night,M-402,OP-015,419,0,16,26.03,72.4
4499,2025-02-11,Line-A,Morning,M-101,OP-015,480,5,38,32.88,53.4
4500,2025-02-11,Line-A,Afternoon,M-102,OP-019,450,2,0,29.28,69.4
4501,2025-02-11,Line-A,Night,M-102,OP-003,495,14,21,32.87,68.8
4502,2025-02-11,Line-B,Morning,M-201,OP-006,557,23,30,32.47,72.2
4503,2025-02-11,Line-B,Afternoon,M-202,OP-013,475,22,5,30.44,70.2
4504,2025-02-11,Line-B,Night,M-201,OP-007,413,20,35,40.48,72.7
4505,2025-02-11,Line-C,Morning,M-302,OP-010,425,9,33,26.47,66.8
4506,2025-02-11,Line-C,Afternoon,M-301,OP-012,620,14,4,34.01,65.7
4507,2025-02-11,Line-C,Night,M-302,OP-001,386,12,0,42.26,66.0
4508,2025-02-11,Line-D,Morning,M-402,OP-006,607,3,27,32.5,71.4
4509,2025-02-11,Line-D,Afternoon,M-402,OP-007,538,7,0,29.75,68.9
4510,2025-02-11,Line-D,Night,M-401,OP-016,451,9,16,25.45,69.6
4511,2025-02-12,Line-A,Morning,M-101,OP-002,463,5,23,26.12,66.2
4512,2025-02-12,Line-A,Afternoon,M-102,OP-009,484,15,14,32.64,66.8
4513,2025-02-12,Line-A,Night,M-102,OP-011,475,8,16,28.52,73.4
4514,2025-02-12,Line-B,Afternoon,M-202,OP-003,457,0,53,28.36,73.3
4515,2025-02-12,Line-B,Night,M-201,OP-005,564,31,32,43.43,62.9
4516,2025-02-12,Line-C,Morning,M-303,OP-001,599,22,31,42.49,67.6
4517,2025-02-12,Line-C,Afternoon,M-301,OP-010,440,14,26,31.61,66.4
4518,2025-02-12,Line-C,Night,M-302,OP-013,543,7,35,30.56,72.9
4519,2025-02-12,Line-D,Morning,M-402,OP-013,473,9,30,40.97,74.2
4520,2025-02-12,Line-D,Afternoon,M-402,OP-014,532,13,4,31.48,64.3
4521,2025-02-12,Line-D,Night,M-401,OP-012,502,11,0,30.19,69.7
4522,2025-02-13,Line-A,Morning,M-101,OP-016,474,10,0,26.12,72.1
4523,2025-02-13,Line-A,Afternoon,M-101,OP-015,480,10,3,30.1,58.8
4524,2025-02-13,Line-A,Night,M-101,OP-011,530,19,0,25.3,69.8
4525,2025-02-13,Line-B,Morning,M-201,OP-001,568,26,16,40.96,63.9
4526,2025-02-13,Line-B,Afternoon,M-201,OP-008,439,18,21,38.11,68.3
4527,2025-02-13,Line-C,Morning,M-301,OP-019,492,2,17,28.09,70.9
4528,2025-02-13,Line-C,Afternoon,M-301,OP-003,526,7,21,25.82,73.3
4529,2025-02-13,Line-D,Afternoon,M-401,OP-005,432,9,9,24.92,71.6
4530,2025-02-13,Line-D,Night,M-402,OP-011,443,0,0,25.62,73.5
4531,2025-02-14,Line-A,Morning,M-101,OP-020,555,6,6,27.68,62.7
4532,2025-02-14,Line-A,Afternoon,M-101,OP-007,423,12,19,31.37,62.7
4533,2025-02-14,Line-A,Night,M-101,OP-006,486,0,24,31.29,62.6
4534,2025-02-14,Line-B,Morning,M-201,OP-001,576,16,42,44.78,63.0
4535,2025-02-14,Line-B,Afternoon,M-201,OP-007,477,14,0,36.66,65.5
4536,2025-02-14,Line-C,Afternoon,M-303,OP-007,518,24,36,36.93,65.9
4537,2025-02-14,Line-C,Night,M-301,OP-016,424,2,3,30.37,65.7
4538,2025-02-14,Line-D,Morning,M-401,OP-016,460,11,4,23.33,70.3
4539,2025-02-14,Line-D,Afternoon,M-401,OP-015,495,11,21,32.28,68.1
4540,2025-02-14,Line-D,Night,M-401,OP-003,623,3,3,34.84,68.6
4541,2025-02-15,Line-A,Morning,M-101,OP-009,525,10,32,24.96,73.4
4542,2025-02-15,Line-A,Afternoon,M-101,OP-004,550,3,21,29.78,65.6
4543,2025-02-15,Line-A,Night,M-101,OP-007,366,3,22,34.07,67.2
4544,2025-02-15,Line-B,Morning,M-202,OP-008,529,15,14,26.39,69.8
4545,2025-02-15,Line-B,Afternoon,M-202,OP-020,509,13,24,23.19,66.0
4546,2025-02-15,Line-B,Night,M-202,OP-007,366,9,8,32.15,62.1
4547,2025-02-15,Line-C,Morning,M-302,OP-008,564,3,23,30.59,67.2
4548,2025-02-15,Line-C,Afternoon,M-303,OP-009,463,18,54,42.06,62.9
4549,2025-02-15,Line-C,Night,M-301,OP-003,456,9,25,26.98,65.8
4550,2025-02-15,Line-D,Afternoon,M-401,OP-020,481,13,0,32.53,66.1
4551,2025-02-15,Line-D,Night,M-402,OP-003,460,17,9,33.77,70.9
4552,2025-02-16,Line-A,Morning,M-102,OP-001,409,0,24,24.58,61.3
4553,2025-02-16,Line-A,Afternoon,M-101,OP-011,541,4,0,39.87,61.4
4554,2025-02-16,Line-A,Night,M-102,OP-020,404,5,8,25.53,63.4
4555,2025-02-16,Line-B,Morning,M-201,OP-019,570,27,43,41.31,69.2
4556,2025-02-16,Line-B,Afternoon,M-202,OP-015,535,4,15,33.48,74.2
4557,2025-02-16,Line-B,Night,M-202,OP-012,596,11,29,16.65,74.2
4558,2025-02-16,Line-C,Morning,M-302,OP-011,436,7,18,29.23,68.8
4559,2025-02-16,Line-C,Afternoon,M-303,OP-007,575,24,18,51.07,70.1
4560,2025-02-16,Line-C,Night,M-301,OP-002,595,16,0,33.23,64.1
4561,2025-02-16,Line-D,Morning,M-402,OP-015,480,8,0,25.94,76.8
4562,2025-02-16,Line-D,Afternoon,M-402,OP-013,494,8,39,28.02,67.6
4563,2025-02-16,Line-D,Night,M-402,OP-015,539,8,0,18.73,64.3
4564,2025-02-17,Line-A,Morning,M-102,OP-014,423,8,2,40.79,63.8
4565,2025-02-17,Line-A,Afternoon,M-101,OP-011,564,11,24,33.73,59.1
4566,2025-02-17,Line-A,Night,M-101,OP-013,479,7,0,32.3,74.9
4567,2025-02-17,Line-B,Morning,M-202,OP-006,319,4,0,30.36,66.7
4568,2025-02-17,Line-B,Afternoon,M-201,OP-007,443,23,59,55.31,65.0
4569,2025-02-17,Line-B,Night,M-202,OP-016,370,9,36,34.07,74.4
4570,2025-02-17,Line-C,Morning,M-302,OP-007,466,6,13,28.35,70.7
4571,2025-02-17,Line-C,Night,M-302,OP-018,538,15,19,31.23,71.2
4572,2025-02-17,Line-D,Morning,M-401,OP-016,362,7,12,31.07,67.6
4573,2025-02-17,Line-D,Afternoon,M-402,OP-014,505,6,28,32.37,68.6
4574,2025-02-17,Line-D,Night,M-401,OP-016,438,11,15,26.22,67.8
4575,2025-02-18,Line-A,Morning,M-101,OP-012,517,12,19,30.46,72.1
4576,2025-02-18,Line-A,Afternoon,M-101,OP-011,554,14,3,24.71,65.8
4577,2025-02-18,Line-A,Night,M-102,OP-005,597,12,43,29.4,67.0
4578,2025-02-18,Line-B,Morning,M-202,OP-007,475,8,0,24.26,70.0
4579,2025-02-18,Line-B,Afternoon,M-201,OP-010,543,38,28,40.24,64.9
4580,2025-02-18,Line-B,Night,M-202,OP-010,547,14,0,25.49,71.8
4581,2025-02-18,Line-C,Morning,M-302,OP-020,502,13,0,20.61,64.5
4582,2025-02-18,Line-C,Afternoon,M-301,OP-017,521,20,5,41.38,71.3
4583,2025-02-18,Line-C,Night,M-303,OP-012,396,19,47,29.87,70.6
4584,2025-02-18,Line-D,Morning,M-401,OP-012,550,12,11,29.14,67.1
4585,2025-02-18,Line-D,Afternoon,M-402,OP-003,409,5,5,30.57,65.8
4586,2025-02-19,Line-A,Morning,M-101,OP-007,427,11,17,27.3,70.0
4587,2025-02-19,Line-A,Afternoon,M-101,OP-011,452,8,26,26.98,63.3
4588,2025-02-19,Line-A,Night,M-102,OP-009,471,2,7,28.6,58.1
4589,2025-02-19,Line-B,Morning,M-202,OP-007,511,8,29,31.08,70.9
4590,2025-02-19,Line-B,Afternoon,M-202,OP-019,551,9,11,22.13,73.0
4591,2025-02-19,Line-B,Night,M-201,OP-019,471,16,46,31.1,66.3
4592,2025-02-19,Line-C,Morning,M-301,OP-016,534,7,1,27.92,60.0
4593,2025-02-19,Line-C,Afternoon,M-301,OP-011,522,9,7,28.66,68.1
4594,2025-02-19,Line-C,Night,M-301,OP-013,519,9,0,32.88,70.0
4595,2025-02-19,Line-D,Morning,M-402,OP-003,492,14,12,35.56,73.6
4596,2025-02-19,Line-D,Afternoon,M-402,OP-020,514,5,10,36.19,62.0
4597,2025-02-19,Line-D,Night,M-402,OP-003,456,7,0,34.36,69.5
4598,2025-02-20,Line-A,Morning,M-101,OP-009,437,11,9,25.55,65.1
4599,2025-02-20,Line-A,Afternoon,M-102,OP-002,506,14,4,32.72,74.3
4600,2025-02-20,Line-A,Night,M-101,OP-001,404,9,24,29.52,73.0
4601,2025-02-20,Line-B,Morning,M-202,OP-018,611,13,8,34.88,71.4
4602,2025-02-20,Line-B,Afternoon,M-202,OP-011,328,6,6,31.98,67.2
4603,2025-02-20,Line-B,Night,M-202,OP-020,474,4,23,38.28,64.6
4604,2025-02-20,Line-C,Morning,M-301,OP-007,396,7,11,35.85,63.1
4605,2025-02-20,Line-C,Afternoon,M-303,OP-020,447,11,55,43.25,66.1
4606,2025-02-20,Line-C,Night,M-303,OP-002,400,13,41,36.46,68.4
4607,2025-02-20,Line-D,Morning,M-401,OP-017,602,9,0,31.91,63.1
4608,2025-02-20,Line-D,Afternoon,M-402,OP-008,583,19,9,25.51,66.3
4609,2025-02-20,Line-D,Night,M-402,OP-001,462,10,27,24.82,72.0
4610,2025-02-21,Line-A,Morning,M-101,OP-005,517,7,0,30.58,63.8
4611,2025-02-21,Line-A,Afternoon,M-101,OP-014,541,4,20,29.6,65.8
4612,2025-02-21,Line-B,Morning,M-201,OP-015,473,26,17,39.94,65.0
4613,2025-02-21,Line-B,Afternoon,M-201,OP-020,477,18,8,36.72,74.6
4614,2025-02-21,Line-B,Night,M-202,OP-004,494,10,7,29.74,66.3
4615,2025-02-21,Line-C,Morning,M-302,OP-009,511,10,0,31.27,58.2
4616,2025-02-21,Line-C,Afternoon,M-303,OP-015,504,16,33,36.03,68.0
4617,2025-02-21,Line-C,Night,M-303,OP-005,514,31,11,46.88,68.5
4618,2025-02-21,Line-D,Morning,M-401,OP-004,452,12,8,33.59,64.0
4619,2025-02-21,Line-D,Night,M-402,OP-012,442,12,34,29.82,56.9
4620,2025-02-22,Line-A,Morning,M-102,OP-018,468,9,8,31.68,66.1
4621,2025-02-22,Line-A,Night,M-102,OP-013,530,3,30,37.75,64.3
4622,2025-02-22,Line-B,Morning,M-201,OP-010,425,21,17,39.54,72.4
4623,2025-02-22,Line-B,Afternoon,M-201,OP-017,524,34,37,38.95,68.2
4624,2025-02-22,Line-C,Morning,M-301,OP-016,470,8,11,25.34,69.1
4625,2025-02-22,Line-D,Morning,M-401,OP-008,395,4,10,18.7,71.1
4626,2025-02-22,Line-D,Afternoon,M-402,OP-012,356,9,0,27.98,70.1
4627,2025-02-22,Line-D,Night,M-402,OP-011,611,12,0,34.77,67.1
4628,2025-02-23,Line-A,Morning,M-102,OP-013,484,11,0,30.03,66.4
4629,2025-02-23,Line-A,Afternoon,M-102,OP-013,553,14,0,36.31,69.8
4630,2025-02-23,Line-A,Night,M-101,OP-007,387,7,27,23.93,73.5
4631,2025-02-23,Line-B,Morning,M-201,OP-009,389,14,20,48.88,66.0
4632,2025-02-23,Line-B,Afternoon,M-201,OP-018,410,20,44,45.34,66.9
4633,2025-02-23,Line-C,Morning,M-303,OP-008,495,19,60,47.72,72.3
4634,2025-02-23,Line-C,Afternoon,M-301,OP-008,527,12,0,33.17,68.5
4635,2025-02-23,Line-C,Night,M-301,OP-005,555,14,20,21.58,67.6
4636,2025-02-23,Line-D,Morning,M-402,OP-013,446,9,5,28.62,69.8
4637,2025-02-23,Line-D,Afternoon,M-402,OP-001,454,9,0,25.84,70.6
4638,2025-02-23,Line-D,Night,M-402,OP-016,406,12,26,28.66,80.0
4639,2025-02-24,Line-A,Afternoon,M-102,OP-018,554,5,23,30.33,64.9
4640,2025-02-24,Line-B,Morning,M-201,OP-007,415,23,26,41.49,64.3
4641,2025-02-24,Line-B,Afternoon,M-202,OP-001,435,7,17,17.06,68.1
4642,2025-02-24,Line-B,Night,M-201,OP-019,435,26,79,40.2,61.1
4643,2025-02-24,Line-C,Morning,M-303,OP-006,487,21,64,50.33,71.5
4644,2025-02-24,Line-C,Afternoon,M-301,OP-018,444,11,15,31.21,61.8
4645,2025-02-24,Line-D,Morning,M-402,OP-009,543,10,10,27.0,64.8
4646,2025-02-24,Line-D,Afternoon,M-402,OP-006,499,0,23,24.73,59.8
4647,2025-02-24,Line-D,Night,M-402,OP-011,589,6,1,35.67,75.4
4648,2025-02-25,Line-A,Morning,M-102,OP-013,388,3,0,34.67,74.6
4649,2025-02-25,Line-A,Afternoon,M-102,OP-015,415,13,1,31.68,62.9
4650,2025-02-25,Line-B,Morning,M-202,OP-007,472,8,7,31.92,64.0
4651,2025-02-25,Line-B,Afternoon,M-201,OP-013,426,21,55,41.89,70.0
4652,2025-02-25,Line-B,Night,M-201,OP-007,525,28,20,38.11,65.2
4653,2025-02-25,Line-C,Morning,M-303,OP-010,595,30,41,43.83,62.7
4654,2025-02-25,Line-C,Afternoon,M-303,OP-007,596,30,45,33.17,71.1
4655,2025-02-25,Line-C,Night,M-302,OP-012,458,2,0,23.68,62.9
4656,2025-02-25,Line-D,Morning,M-401,OP-019,483,7,17,38.38,67.5
4657,2025-02-25,Line-D,Afternoon,M-402,OP-007,345,5,29,29.57,74.1
4658,2025-02-25,Line-D,Night,M-402,OP-001,507,0,13,31.49,72.3
4659,2025-02-26,Line-A,Morning,M-101,OP-011,589,16,18,33.38,67.3
4660,2025-02-26,Line-A,Afternoon,M-102,OP-011,392,7,17,23.98,73.3
4661,2025-02-26,Line-A,Night,M-102,OP-020,540,2,32,28.46,64.9
4662,2025-02-26,Line-B,Morning,M-202,OP-016,544,10,40,25.74,61.1
4663,2025-02-26,Line-B,Afternoon,M-202,OP-008,463,12,0,23.35,68.9
4664,2025-02-26,Line-C,Morning,M-301,OP-001,392,8,6,32.47,62.5
4665,2025-02-26,Line-C,Afternoon,M-301,OP-009,557,9,23,34.8,63.4
4666,2025-02-26,Line-C,Night,M-302,OP-015,532,2,0,39.82,72.4
4667,2025-02-26,Line-D,Morning,M-401,OP-004,604,9,13,32.64,68.0
4668,2025-02-26,Line-D,Night,M-401,OP-014,435,4,15,24.67,63.6
4669,2025-02-27,Line-A,Morning,M-102,OP-003,503,9,26,27.88,65.7
4670,2025-02-27,Line-A,Afternoon,M-101,OP-010,505,5,2,26.91,67.2
4671,2025-02-27,Line-A,Night,M-101,OP-010,586,2,31,33.69,74.3
4672,2025-02-27,Line-B,Morning,M-202,OP-007,668,22,25,23.44,63.3
4673,2025-02-27,Line-B,Afternoon,M-201,OP-016,501,14,44,31.33,72.6
4674,2025-02-27,Line-B,Night,M-201,OP-003,460,21,23,32.51,72.9
4675,2025-02-27,Line-C,Morning,M-302,OP-019,560,8,21,28.05,69.2
4676,2025-02-27,Line-C,Afternoon,M-302,OP-009,525,12,32,32.59,68.1
4677,2025-02-27,Line-D,Morning,M-401,OP-005,434,6,24,22.49,72.4
4678,2025-02-27,Line-D,Afternoon,M-402,OP-013,463,5,0,33.37,67.9
4679,2025-02-28,Line-A,Morning,M-102,OP-014,575,3,3,29.54,65.0
4680,2025-02-28,Line-A,Afternoon,M-101,OP-019,480,10,19,37.53,62.8
4681,2025-02-28,Line-A,Night,M-101,OP-009,500,6,18,32.16,64.1
4682,2025-02-28,Line-B,Morning,M-202,OP-007,425,10,12,28.9,70.6
4683,2025-02-28,Line-B,Afternoon,M-201,OP-009,523,21,22,35.69,68.1
4684,2025-02-28,Line-B,Night,M-201,OP-008,394,18,53,40.23,65.9
4685,2025-02-28,Line-C,Morning,M-301,OP-002,599,20,0,30.7,69.3
4686,2025-02-28,Line-C,Afternoon,M-302,OP-018,492,18,13,31.19,70.8
4687,2025-02-28,Line-C,Night,M-302,OP-008,551,15,20,22.21,66.0
4688,2025-02-28,Line-D,Morning,M-401,OP-010,529,11,24,39.44,63.3
4689,2025-02-28,Line-D,Afternoon,M-402,OP-015,548,8,26,29.79,76.5
4690,2025-02-28,Line-D,Night,M-401,OP-012,487,6,18,31.62,72.6
4691,2025-03-01,Line-A,Morning,M-102,OP-018,506,22,10,29.5,65.6
4692,2025-03-01,Line-A,Afternoon,M-102,OP-012,485,10,16,30.34,65.6
4693,2025-03-01,Line-A,Night,M-102,OP-012,427,6,29,36.78,67.7
4694,2025-03-01,Line-B,Morning,M-202,OP-010,423,7,43,34.99,70.2
4695,2025-03-01,Line-B,Afternoon,M-202,OP-018,537,18,0,28.04,65.9
4696,2025-03-01,Line-B,Night,M-202,OP-003,515,10,23,27.47,73.5
4697,2025-03-01,Line-C,Morning,M-301,OP-011,475,12,29,35.58,69.4
4698,2025-03-01,Line-C,Afternoon,M-303,OP-015,529,33,42,38.35,70.3
4699,2025-03-01,Line-C,Night,M-303,OP-006,477,10,41,42.58,72.6
4700,2025-03-01,Line-D,Morning,M-402,OP-017,434,1,14,31.9,68.4
4701,2025-03-01,Line-D,Afternoon,M-401,OP-020,481,4,9,28.26,72.3
4702,2025-03-01,Line-D,Night,M-401,OP-019,502,8,37,28.66,70.2
4703,2025-03-02,Line-A,Morning,M-101,OP-013,469,16,13,30.58,67.4
4704,2025-03-02,Line-A,Afternoon,M-102,OP-004,491,15,24,30.14,74.8
4705,2025-03-02,Line-A,Night,M-101,OP-017,532,7,0,27.92,69.7
4706,2025-03-02,Line-B,Morning,M-201,OP-009,515,30,18,39.8,63.3
4707,2025-03-02,Line-B,Afternoon,M-201,OP-008,399,15,40,45.86,64.2
4708,2025-03-02,Line-B,Night,M-202,OP-016,431,0,15,26.34,74.7
4709,2025-03-02,Line-C,Morning,M-303,OP-012,504,22,25,34.53,62.5
4710,2025-03-02,Line-C,Afternoon,M-302,OP-017,442,5,0,31.89,70.1
4711,2025-03-02,Line-C,Night,M-302,OP-008,452,17,0,30.29,67.1
4712,2025-03-02,Line-D,Morning,M-402,OP-004,446,5,11,28.87,66.4
4713,2025-03-02,Line-D,Afternoon,M-402,OP-005,402,1,7,27.99,67.2
4714,2025-03-02,Line-D,Night,M-401,OP-001,473,6,8,25.73,74.1
4715,2025-03-03,Line-A,Morning,M-101,OP-016,432,6,1,26.3,68.1
4716,2025-03-03,Line-A,Afternoon,M-101,OP-010,473,6,7,26.4,69.6
4717,2025-03-03,Line-A,Night,M-102,OP-010,603,6,17,30.22,70.7
4718,2025-03-03,Line-B,Morning,M-201,OP-007,521,25,34,39.83,64.9
4719,2025-03-03,Line-C,Morning,M-301,OP-003,474,2,3,35.53,68.4
4720,2025-03-03,Line-C,Night,M-301,OP-014,533,17,9,31.04,66.8
4721,2025-03-03,Line-D,Morning,M-402,OP-001,431,4,24,31.04,75.4
4722,2025-03-03,Line-D,Afternoon,M-402,OP-011,538,6,24,28.47,72.9
4723,2025-03-03,Line-D,Night,M-401,OP-010,450,3,0,26.28,64.6
4724,2025-03-04,Line-A,Morning,M-102,OP-020,445,12,38,23.35,73.1
4725,2025-03-04,Line-A,Afternoon,M-102,OP-002,451,10,0,32.62,60.0
4726,2025-03-04,Line-A,Night,M-102,OP-001,498,10,14,26.33,70.2
4727,2025-03-04,Line-B,Morning,M-202,OP-013,503,8,22,29.52,70.1
4728,2025-03-04,Line-B,Afternoon,M-201,OP-014,472,22,43,40.01,63.1
4729,2025-03-04,Line-B,Night,M-202,OP-016,496,15,16,31.59,67.8
4730,2025-03-04,Line-C,Morning,M-302,OP-002,524,8,5,35.53,65.9
4731,2025-03-04,Line-C,Afternoon,M-301,OP-016,533,15,20,23.75,68.1
4732,2025-03-04,Line-C,Night,M-301,OP-003,467,6,14,33.85,66.2
4733,2025-03-04,Line-D,Morning,M-401,OP-015,469,7,29,28.71,63.1
4734,2025-03-04,Line-D,Afternoon,M-402,OP-008,385,8,0,33.34,62.7
4735,2025-03-04,Line-D,Night,M-402,OP-002,447,2,18,33.24,69.4
4736,2025-03-05,Line-A,Morning,M-102,OP-007,414,4,15,21.56,67.0
4737,2025-03-05,Line-A,Afternoon,M-101,OP-001,571,9,0,26.96,65.5
4738,2025-03-05,Line-A,Night,M-101,OP-017,608,21,22,28.28,72.8
4739,2025-03-05,Line-B,Morning,M-201,OP-015,411,23,48,41.24,72.6
4740,2025-03-05,Line-B,Afternoon,M-202,OP-018,453,2,26,29.57,70.4
4741,2025-03-05,Line-B,Night,M-201,OP-009,589,22,32,49.85,70.7
4742,2025-03-05,Line-C,Morning,M-303,OP-017,438,16,27,38.31,68.9
4743,2025-03-05,Line-C,Afternoon,M-302,OP-010,484,10,0,29.65,59.8
4744,2025-03-05,Line-C,Night,M-301,OP-010,488,15,0,32.42,65.6
4745,2025-03-05,Line-D,Morning,M-402,OP-004,528,10,18,30.32,73.3
4746,2025-03-05,Line-D,Afternoon,M-401,OP-007,500,5,13,28.16,68.6
4747,2025-03-05,Line-D,Night,M-401,OP-001,454,5,14,30.28,72.3
4748,2025-03-06,Line-A,Morning,M-101,OP-013,455,0,6,21.87,69.7
4749,2025-03-06,Line-A,Night,M-102,OP-019,379,3,6,37.72,63.7
4750,2025-03-06,Line-B,Morning,M-201,OP-015,480,24,57,45.89,72.4
4751,2025-03-06,Line-B,Afternoon,M-201,OP-004,531,17,40,46.24,64.2
4752,2025-03-06,Line-B,Night,M-201,OP-020,445,16,46,41.65,66.7
4753,2025-03-06,Line-C,Morning,M-302,OP-016,403,7,3,31.22,63.4
4754,2025-03-06,Line-C,Afternoon,M-303,OP-014,490,20,16,35.36,63.3
4755,2025-03-06,Line-D,Morning,M-402,OP-018,467,9,16,31.54,65.0
4756,2025-03-06,Line-D,Afternoon,M-402,OP-002,543,7,18,29.18,69.5
4757,2025-03-06,Line-D,Night,M-402,OP-003,467,10,11,34.07,64.7
4758,2025-03-07,Line-A,Afternoon,M-102,OP-016,373,3,28,29.23,68.4
4759,2025-03-07,Line-A,Night,M-101,OP-005,416,8,0,25.62,66.4
4760,2025-03-07,Line-B,Morning,M-201,OP-003,506,26,43,34.06,68.0
4761,2025-03-07,Line-B,Afternoon,M-201,OP-015,468,14,35,40.75,70.0
4762,2025-03-07,Line-B,Night,M-202,OP-018,484,6,25,18.89,67.7
4763,2025-03-07,Line-C,Morning,M-301,OP-006,374,3,19,23.63,62.3
4764,2025-03-07,Line-C,Afternoon,M-301,OP-018,622,3,36,29.14,65.9
4765,2025-03-07,Line-D,Morning,M-402,OP-005,514,16,0,27.45,71.4
4766,2025-03-07,Line-D,Afternoon,M-402,OP-001,497,14,19,39.04,68.7
4767,2025-03-07,Line-D,Night,M-401,OP-004,493,10,9,34.24,68.9
4768,2025-03-08,Line-A,Morning,M-102,OP-019,527,14,18,32.51,64.0
4769,2025-03-08,Line-A,Afternoon,M-102,OP-005,446,12,33,20.3,65.7
4770,2025-03-08,Line-A,Night,M-101,OP-016,481,4,0,32.37,74.3
4771,2025-03-08,Line-B,Morning,M-201,OP-016,358,15,41,45.9,69.3
4772,2025-03-08,Line-B,Afternoon,M-201,OP-004,585,26,54,38.77,68.2
4773,2025-03-08,Line-B,Night,M-201,OP-005,407,22,33,43.79,66.7
4774,2025-03-08,Line-C,Morning,M-303,OP-005,515,25,20,37.32,67.9
4775,2025-03-08,Line-C,Afternoon,M-301,OP-016,519,19,16,35.04,61.5
4776,2025-03-08,Line-C,Night,M-301,OP-019,600,14,11,29.18,63.6
4777,2025-03-08,Line-D,Morning,M-402,OP-012,430,16,0,24.96,65.2
4778,2025-03-08,Line-D,Afternoon,M-402,OP-014,408,7,28,26.95,62.5
4779,2025-03-09,Line-A,Morning,M-102,OP-013,497,9,27,27.73,67.0
4780,2025-03-09,Line-A,Night,M-102,OP-013,471,9,6,27.23,60.6
4781,2025-03-09,Line-B,Morning,M-201,OP-005,446,23,47,39.64,73.2
4782,2025-03-09,Line-B,Afternoon,M-202,OP-006,478,2,0,36.09,66.5
4783,2025-03-09,Line-B,Night,M-202,OP-016,407,0,6,32.02,65.2
4784,2025-03-09,Line-C,Morning,M-302,OP-020,416,5,30,23.04,65.4
4785,2025-03-09,Line-D,Morning,M-401,OP-002,552,13,14,26.76,68.1
4786,2025-03-09,Line-D,Afternoon,M-402,OP-009,447,4,0,33.92,67.8
4787,2025-03-09,Line-D,Night,M-402,OP-010,498,10,18,28.73,66.1
4788,2025-03-10,Line-A,Morning,M-102,OP-010,431,2,0,28.17,61.6
4789,2025-03-10,Line-A,Afternoon,M-102,OP-017,397,11,15,27.74,77.1
4790,2025-03-10,Line-A,Night,M-101,OP-016,381,11,10,33.93,68.4
4791,2025-03-10,Line-B,Morning,M-202,OP-011,367,7,17,19.04,75.8
4792,2025-03-10,Line-B,Afternoon,M-201,OP-009,498,26,17,45.45,72.4
4793,2025-03-10,Line-B,Night,M-202,OP-010,495,9,0,28.92,66.0
4794,2025-03-10,Line-C,Morning,M-301,OP-011,514,5,20,25.81,67.0
4795,2025-03-10,Line-C,Afternoon,M-302,OP-008,516,6,21,32.76,66.9
4796,2025-03-10,Line-C,Night,M-302,OP-010,549,10,28,38.97,67.0
4797,2025-03-10,Line-D,Morning,M-402,OP-017,518,6,0,29.02,62.5
4798,2025-03-10,Line-D,Afternoon,M-402,OP-009,423,10,4,33.55,69.2
4799,2025-03-10,Line-D,Night,M-401,OP-020,591,14,28,32.01,69.2
4800,2025-03-11,Line-A,Morning,M-101,OP-010,549,14,15,31.03,70.2
4801,2025-03-11,Line-A,Afternoon,M-102,OP-018,439,5,33,39.32,64.3
4802,2025-03-11,Line-A,Night,M-101,OP-015,439,13,20,33.38,71.6
4803,2025-03-11,Line-B,Morning,M-201,OP-004,465,22,38,37.71,69.3
4804,2025-03-11,Line-B,Afternoon,M-202,OP-008,554,8,14,31.03,66.9
4805,2025-03-11,Line-B,Night,M-202,OP-006,520,6,31,33.13,64.3
4806,2025-03-11,Line-C,Morning,M-302,OP-012,581,11,1,35.52,70.0
4807,2025-03-11,Line-C,Afternoon,M-302,OP-009,373,5,16,19.2,68.3
4808,2025-03-11,Line-C,Night,M-302,OP-018,489,3,16,30.04,63.2
4809,2025-03-11,Line-D,Morning,M-402,OP-020,535,14,7,29.01,70.9
4810,2025-03-11,Line-D,Night,M-402,OP-018,467,0,19,25.93,66.4
4811,2025-03-12,Line-A,Morning,M-101,OP-003,567,9,12,32.55,70.0
4812,2025-03-12,Line-A,Afternoon,M-102,OP-016,424,7,12,31.36,69.2
4813,2025-03-12,Line-A,Night,M-102,OP-017,635,4,26,35.92,70.0
4814,2025-03-12,Line-B,Morning,M-201,OP-009,440,27,2,38.58,72.7
4815,2025-03-12,Line-B,Night,M-202,OP-020,457,16,0,24.44,65.9
4816,2025-03-12,Line-C,Morning,M-302,OP-013,505,8,4,37.1,74.1
4817,2025-03-12,Line-C,Afternoon,M-301,OP-006,455,0,0,31.2,70.6
4818,2025-03-12,Line-C,Night,M-301,OP-002,483,8,0,33.27,74.7
4819,2025-03-12,Line-D,Morning,M-402,OP-004,346,6,0,22.55,63.5
4820,2025-03-12,Line-D,Afternoon,M-402,OP-005,502,11,33,30.04,61.0
4821,2025-03-12,Line-D,Night,M-402,OP-007,465,2,0,32.9,68.8
4822,2025-03-13,Line-A,Afternoon,M-101,OP-001,515,7,23,27.93,72.5
4823,2025-03-13,Line-A,Night,M-102,OP-010,500,8,15,29.91,74.4
4824,2025-03-13,Line-B,Morning,M-201,OP-008,494,22,31,46.22,70.8
4825,2025-03-13,Line-B,Afternoon,M-202,OP-018,463,3,0,29.08,73.4
4826,2025-03-13,Line-B,Night,M-201,OP-005,464,18,8,49.57,70.3
4827,2025-03-13,Line-C,Afternoon,M-301,OP-006,527,15,9,30.42,74.0
4828,2025-03-13,Line-C,Night,M-302,OP-007,490,12,25,33.21,67.5
4829,2025-03-13,Line-D,Morning,M-401,OP-006,477,12,23,35.84,70.2
4830,2025-03-13,Line-D,Afternoon,M-402,OP-016,515,7,3,33.9,65.7
4831,2025-03-13,Line-D,Night,M-401,OP-014,478,15,30,31.51,66.8
4832,2025-03-14,Line-A,Morning,M-102,OP-020,472,13,11,27.21,72.9
4833,2025-03-14,Line-A,Afternoon,M-101,OP-008,490,6,19,34.86,64.0
4834,2025-03-14,Line-A,Night,M-101,OP-008,467,7,18,33.16,65.8
4835,2025-03-14,Line-B,Morning,M-202,OP-019,390,11,0,31.36,67.5
4836,2025-03-14,Line-B,Afternoon,M-202,OP-015,489,17,57,21.83,71.9
4837,2025-03-14,Line-B,Night,M-201,OP-003,470,26,49,49.05,69.1
4838,2025-03-14,Line-C,Morning,M-302,OP-015,426,12,13,28.83,66.1
4839,2025-03-14,Line-C,Afternoon,M-302,OP-020,540,18,0,33.11,66.5
4840,2025-03-14,Line-C,Night,M-301,OP-018,391,8,0,22.11,64.9
4841,2025-03-14,Line-D,Morning,M-401,OP-016,418,5,0,28.02,65.1
4842,2025-03-14,Line-D,Afternoon,M-402,OP-011,502,12,15,28.82,67.0
4843,2025-03-15,Line-A,Morning,M-102,OP-015,429,4,22,21.2,67.7
4844,2025-03-15,Line-A,Afternoon,M-102,OP-005,460,11,0,30.06,69.4
4845,2025-03-15,Line-A,Night,M-102,OP-006,365,3,10,32.57,68.7
4846,2025-03-15,Line-B,Morning,M-201,OP-007,513,18,11,42.42,63.1
4847,2025-03-15,Line-B,Afternoon,M-202,OP-009,428,12,14,27.16,65.2
4848,2025-03-15,Line-B,Night,M-202,OP-008,517,10,0,20.26,75.5
4849,2025-03-15,Line-C,Morning,M-302,OP-001,406,9,34,30.74,65.6
4850,2025-03-15,Line-C,Afternoon,M-303,OP-008,394,12,40,49.25,66.4
4851,2025-03-15,Line-C,Night,M-301,OP-015,446,11,1,31.37,68.2
4852,2025-03-15,Line-D,Morning,M-401,OP-013,455,8,38,33.02,72.4
4853,2025-03-15,Line-D,Afternoon,M-402,OP-013,424,12,21,22.5,70.2
4854,2025-03-16,Line-A,Morning,M-102,OP-014,449,1,13,32.7,68.6
4855,2025-03-16,Line-A,Afternoon,M-102,OP-012,473,7,48,24.09,71.5
4856,2025-03-16,Line-A,Night,M-102,OP-009,480,5,11,23.04,65.6
4857,2025-03-16,Line-B,Morning,M-201,OP-008,477,14,42,37.18,62.2
4858,2025-03-16,Line-B,Afternoon,M-201,OP-002,415,28,5,44.18,65.0
4859,2025-03-16,Line-B,Night,M-202,OP-002,458,11,20,26.6,62.6
4860,2025-03-16,Line-C,Morning,M-301,OP-006,517,12,7,32.21,66.2
4861,2025-03-16,Line-C,Afternoon,M-303,OP-018,430,19,42,43.55,70.0
4862,2025-03-16,Line-D,Afternoon,M-402,OP-005,434,15,6,29.41,62.7
4863,2025-03-16,Line-D,Night,M-402,OP-009,468,11,23,37.81,70.1
4864,2025-03-17,Line-A,Morning,M-101,OP-008,496,7,2,34.85,71.8
4865,2025-03-17,Line-A,Afternoon,M-101,OP-017,415,10,21,24.43,70.2
4866,2025-03-17,Line-B,Morning,M-201,OP-019,417,9,32,43.29,67.5
4867,2025-03-17,Line-B,Afternoon,M-201,OP-010,652,32,37,44.15,66.2
4868,2025-03-17,Line-B,Night,M-202,OP-006,535,12,16,26.88,61.7
4869,2025-03-17,Line-C,Morning,M-301,OP-020,449,9,5,31.46,67.1
4870,2025-03-17,Line-C,Afternoon,M-301,OP-004,505,4,14,26.8,61.8
4871,2025-03-17,Line-C,Night,M-301,OP-018,470,16,0,30.6,71.2
4872,2025-03-17,Line-D,Morning,M-402,OP-018,618,8,2,24.17,72.6
4873,2025-03-17,Line-D,Afternoon,M-401,OP-005,427,6,0,34.42,72.6
4874,2025-03-17,Line-D,Night,M-401,OP-008,530,1,21,21.64,68.2
4875,2025-03-18,Line-A,Morning,M-102,OP-006,492,10,20,29.96,60.2
4876,2025-03-18,Line-A,Afternoon,M-101,OP-017,512,10,0,22.15,74.2
4877,2025-03-18,Line-A,Night,M-101,OP-013,553,14,1,17.42,71.1
4878,2025-03-18,Line-B,Morning,M-201,OP-016,502,21,51,46.24,68.7
4879,2025-03-18,Line-B,Afternoon,M-201,OP-008,482,22,45,37.71,69.7
4880,2025-03-18,Line-B,Night,M-202,OP-019,424,13,19,26.56,68.3
4881,2025-03-18,Line-C,Morning,M-302,OP-008,428,14,36,33.48,74.2
4882,2025-03-18,Line-C,Afternoon,M-303,OP-004,489,26,53,41.97,68.3
4883,2025-03-18,Line-C,Night,M-301,OP-020,536,13,0,19.07,67.3
4884,2025-03-18,Line-D,Morning,M-401,OP-013,354,3,0,27.16,71.3
4885,2025-03-18,Line-D,Afternoon,M-402,OP-015,542,13,21,33.28,58.0
4886,2025-03-18,Line-D,Night,M-402,OP-013,480,0,19,19.53,67.3
4887,2025-03-19,Line-A,Morning,M-102,OP-017,512,3,26,32.53,69.5
4888,2025-03-19,Line-A,Afternoon,M-102,OP-020,521,8,14,30.05,67.9
4889,2025-03-19,Line-A,Night,M-102,OP-009,439,2,6,28.04,65.1
4890,2025-03-19,Line-B,Morning,M-202,OP-006,531,3,9,35.83,71.6
4891,2025-03-19,Line-B,Afternoon,M-202,OP-005,552,7,23,24.69,66.9
4892,2025-03-19,Line-B,Night,M-201,OP-003,469,18,29,39.53,64.1
4893,2025-03-19,Line-C,Morning,M-302,OP-010,531,9,15,30.82,68.2
4894,2025-03-19,Line-C,Afternoon,M-302,OP-013,485,7,33,33.8,68.1
4895,2025-03-19,Line-C,Night,M-302,OP-001,453,8,18,37.5,62.5
4896,2025-03-19,Line-D,Morning,M-401,OP-001,519,15,0,29.09,63.7
4897,2025-03-19,Line-D,Afternoon,M-401,OP-015,505,7,10,27.94,70.9
4898,2025-03-19,Line-D,Night,M-401,OP-010,493,10,14,32.86,67.0
4899,2025-03-20,Line-A,Morning,M-101,OP-001,582,3,0,20.96,59.7
4900,2025-03-20,Line-A,Afternoon,M-102,OP-009,520,12,30,24.72,71.0
4901,2025-03-20,Line-A,Night,M-102,OP-015,483,9,21,26.22,78.3
4902,2025-03-20,Line-B,Morning,M-201,OP-015,559,22,18,41.56,68.7
4903,2025-03-20,Line-B,Afternoon,M-201,OP-008,543,18,39,34.35,69.7
4904,2025-03-20,Line-B,Night,M-201,OP-010,473,30,11,48.85,61.2
4905,2025-03-20,Line-C,Morning,M-302,OP-015,400,0,15,24.13,62.6
4906,2025-03-20,Line-C,Afternoon,M-303,OP-014,492,24,35,41.19,75.3
4907,2025-03-20,Line-D,Morning,M-402,OP-002,488,13,14,24.51,70.2
4908,2025-03-20,Line-D,Afternoon,M-402,OP-003,440,8,16,20.29,61.6
4909,2025-03-20,Line-D,Night,M-401,OP-010,534,6,2,30.83,66.5
4910,2025-03-21,Line-A,Morning,M-101,OP-001,505,9,14,26.49,68.8
4911,2025-03-21,Line-A,Afternoon,M-101,OP-018,546,7,25,29.74,70.9
4912,2025-03-21,Line-A,Night,M-101,OP-017,487,9,17,36.07,68.9
4913,2025-03-21,Line-B,Morning,M-202,OP-001,508,7,35,33.2,68.3
4914,2025-03-21,Line-B,Afternoon,M-202,OP-020,472,13,2,21.09,68.3
4915,2025-03-21,Line-B,Night,M-202,OP-010,551,19,10,30.22,70.1
4916,2025-03-21,Line-C,Morning,M-303,OP-019,464,23,33,47.06,70.9
4917,2025-03-21,Line-C,Afternoon,M-302,OP-016,528,8,40,32.42,69.0
4918,2025-03-21,Line-C,Night,M-303,OP-002,434,19,36,38.06,66.8
4919,2025-03-21,Line-D,Morning,M-401,OP-005,470,9,0,29.32,66.5
4920,2025-03-21,Line-D,Afternoon,M-402,OP-011,478,14,42,33.39,63.1
4921,2025-03-21,Line-D,Night,M-402,OP-009,459,11,19,34.94,67.6
4922,2025-03-22,Line-A,Morning,M-101,OP-003,458,16,12,24.92,73.9
4923,2025-03-22,Line-A,Afternoon,M-102,OP-013,390,0,23,34.55,69.7
4924,2025-03-22,Line-A,Night,M-101,OP-010,401,7,7,27.31,73.6
4925,2025-03-22,Line-B,Afternoon,M-202,OP-019,417,9,29,31.91,73.0
4926,2025-03-22,Line-B,Night,M-201,OP-014,513,25,40,45.07,66.5
4927,2025-03-22,Line-C,Morning,M-302,OP-007,401,11,29,31.26,65.8
4928,2025-03-22,Line-D,Morning,M-402,OP-016,386,7,0,22.56,67.9
4929,2025-03-22,Line-D,Afternoon,M-401,OP-015,434,9,9,26.97,61.2
4930,2025-03-22,Line-D,Night,M-401,OP-016,428,4,0,28.35,63.4
4931,2025-03-23,Line-A,Morning,M-102,OP-011,470,10,0,32.13,62.6
4932,2025-03-23,Line-A,Afternoon,M-102,OP-016,413,7,22,34.34,74.4
4933,2025-03-23,Line-A,Night,M-102,OP-019,457,8,0,23.73,68.9
4934,2025-03-23,Line-B,Morning,M-202,OP-011,433,13,0,32.43,64.0
4935,2025-03-23,Line-B,Afternoon,M-202,OP-020,430,10,1,27.42,64.8
4936,2025-03-23,Line-B,Night,M-201,OP-008,587,23,35,40.99,68.9
4937,2025-03-23,Line-C,Morning,M-302,OP-016,443,7,17,25.68,72.4
4938,2025-03-23,Line-C,Afternoon,M-303,OP-010,551,28,36,27.05,69.7
4939,2025-03-23,Line-C,Night,M-303,OP-013,456,19,6,44.47,62.2
4940,2025-03-23,Line-D,Afternoon,M-402,OP-004,487,13,4,36.08,65.0
4941,2025-03-23,Line-D,Night,M-401,OP-008,516,3,27,34.38,69.9
4942,2025-03-24,Line-A,Morning,M-101,OP-015,456,2,6,35.55,68.5
4943,2025-03-24,Line-A,Afternoon,M-101,OP-018,386,3,30,32.44,63.1
4944,2025-03-24,Line-A,Night,M-102,OP-013,374,4,0,29.22,77.8
4945,2025-03-24,Line-B,Morning,M-202,OP-010,384,6,31,33.75,67.4
4946,2025-03-24,Line-B,Afternoon,M-201,OP-020,471,16,30,43.22,72.4
4947,2025-03-24,Line-B,Night,M-201,OP-011,442,19,20,43.13,71.1
4948,2025-03-24,Line-C,Morning,M-301,OP-014,517,3,14,26.61,72.0
4949,2025-03-24,Line-C,Afternoon,M-302,OP-005,470,1,8,32.29,69.0
4950,2025-03-24,Line-C,Night,M-301,OP-011,449,5,0,28.03,64.6
4951,2025-03-24,Line-D,Morning,M-401,OP-010,538,5,13,30.27,71.8
4952,2025-03-24,Line-D,Afternoon,M-402,OP-013,545,14,17,24.76,63.7
4953,2025-03-24,Line-D,Night,M-402,OP-014,429,11,13,34.34,72.0
4954,2025-03-25,Line-A,Morning,M-102,OP-008,436,8,11,28.36,65.9
4955,2025-03-25,Line-A,Afternoon,M-101,OP-011,551,10,12,25.99,70.7
4956,2025-03-25,Line-A,Night,M-102,OP-019,419,9,19,27.94,69.3
4957,2025-03-25,Line-B,Morning,M-201,OP-004,491,22,35,42.31,68.5
4958,2025-03-25,Line-B,Afternoon,M-201,OP-005,483,16,32,43.32,68.4
4959,2025-03-25,Line-B,Night,M-202,OP-003,537,13,0,29.17,66.8
4960,2025-03-25,Line-C,Morning,M-303,OP-005,479,22,44,42.89,72.9
4961,2025-03-25,Line-C,Afternoon,M-301,OP-016,494,5,4,33.02,61.5
4962,2025-03-25,Line-C,Night,M-301,OP-010,399,7,26,36.54,67.1
4963,2025-03-25,Line-D,Morning,M-402,OP-012,543,10,0,29.96,65.5
4964,2025-03-25,Line-D,Afternoon,M-401,OP-002,535,9,0,22.5,67.9
4965,2025-03-25,Line-D,Night,M-402,OP-011,334,4,15,24.71,72.0
4966,2025-03-26,Line-A,Morning,M-101,OP-002,551,4,7,34.97,68.0
4967,2025-03-26,Line-A,Afternoon,M-101,OP-006,396,7,0,35.54,70.4
4968,2025-03-26,Line-A,Night,M-102,OP-004,461,9,0,26.23,74.2
4969,2025-03-26,Line-B,Morning,M-202,OP-020,483,13,15,36.57,60.0
4970,2025-03-26,Line-B,Afternoon,M-201,OP-020,468,29,49,48.63,68.0
4971,2025-03-26,Line-B,Night,M-201,OP-015,447,16,18,46.04,70.1
4972,2025-03-26,Line-C,Morning,M-302,OP-006,476,11,14,34.81,71.8
4973,2025-03-26,Line-C,Afternoon,M-303,OP-017,416,20,9,42.67,70.4
4974,2025-03-26,Line-C,Night,M-303,OP-008,401,16,35,43.17,66.9
4975,2025-03-26,Line-D,Morning,M-401,OP-013,409,7,0,28.84,66.2
4976,2025-03-26,Line-D,Afternoon,M-401,OP-016,471,6,0,28.17,71.7
4977,2025-03-26,Line-D,Night,M-402,OP-017,555,24,37,24.02,66.4
4978,2025-03-27,Line-A,Morning,M-102,OP-014,478,8,13,42.04,63.7
4979,2025-03-27,Line-A,Afternoon,M-101,OP-010,437,15,2,31.97,72.1
4980,2025-03-27,Line-A,Night,M-101,OP-008,509,10,26,25.53,66.0
4981,2025-03-27,Line-B,Morning,M-201,OP-002,512,12,56,43.52,68.6
4982,2025-03-27,Line-B,Night,M-201,OP-005,382,12,29,46.04,59.7
4983,2025-03-27,Line-C,Morning,M-302,OP-005,527,8,8,31.27,69.1
4984,2025-03-27,Line-C,Afternoon,M-301,OP-010,437,11,0,27.75,68.6
4985,2025-03-27,Line-C,Night,M-303,OP-011,459,12,46,35.76,67.7
4986,2025-03-27,Line-D,Morning,M-402,OP-014,489,9,29,29.73,69.7
4987,2025-03-27,Line-D,Afternoon,M-402,OP-007,476,11,32,30.69,71.1
4988,2025-03-27,Line-D,Night,M-401,OP-012,567,18,6,35.18,69.0
4989,2025-03-28,Line-A,Morning,M-101,OP-012,547,13,16,32.17,69.0
4990,2025-03-28,Line-B,Morning,M-202,OP-013,497,8,8,38.82,69.9
4991,2025-03-28,Line-B,Afternoon,M-202,OP-015,445,7,27,26.32,62.1
4992,2025-03-28,Line-B,Night,M-202,OP-011,395,0,0,24.1,73.5
4993,2025-03-28,Line-C,Morning,M-302,OP-014,477,7,0,29.28,61.1
4994,2025-03-28,Line-C,Afternoon,M-303,OP-006,457,30,44,40.95,70.8
4995,2025-03-28,Line-D,Morning,M-402,OP-014,448,4,37,24.29,66.6
4996,2025-03-28,Line-D,Afternoon,M-402,OP-005,498,4,21,28.47,70.7
4997,2025-03-29,Line-A,Morning,M-102,OP-009,515,8,37,26.67,73.4
4998,2025-03-29,Line-A,Afternoon,M-101,OP-014,550,20,14,26.06,76.3
4999,2025-03-29,Line-B,Afternoon,M-202,OP-020,459,5,9,25.09,70.1
5000,2025-03-29,Line-B,Night,M-201,OP-004,443,19,49,45.12,68.1
5001,2025-03-29,Line-C,Morning,M-303,OP-007,490,22,28,41.99,70.0
5002,2025-03-29,Line-C,Afternoon,M-302,OP-017,472,10,0,26.98,65.1
5003,2025-03-29,Line-C,Night,M-302,OP-017,446,14,22,24.62,69.7
5004,2025-03-29,Line-D,Morning,M-401,OP-014,456,5,0,34.86,62.5
5005,2025-03-29,Line-D,Afternoon,M-401,OP-015,476,4,23,28.33,67.5
5006,2025-03-29,Line-D,Night,M-402,OP-018,473,10,12,29.78,65.9
5007,2025-03-30,Line-A,Morning,M-102,OP-002,385,3,22,28.47,65.3
5008,2025-03-30,Line-A,Afternoon,M-101,OP-014,395,0,1,34.44,65.8
5009,2025-03-30,Line-A,Night,M-101,OP-016,504,6,21,28.24,63.1
5010,2025-03-30,Line-B,Morning,M-202,OP-015,463,17,38,32.43,67.5
5011,2025-03-30,Line-B,Afternoon,M-201,OP-011,498,24,34,44.2,68.8
5012,2025-03-30,Line-B,Night,M-201,OP-015,461,15,28,46.0,67.9
5013,2025-03-30,Line-C,Morning,M-303,OP-002,498,21,19,40.81,63.9
5014,2025-03-30,Line-C,Afternoon,M-303,OP-019,414,24,28,38.29,74.5
5015,2025-03-30,Line-C,Night,M-302,OP-001,528,8,18,28.82,65.2
5016,2025-03-30,Line-D,Morning,M-401,OP-008,508,7,13,35.11,71.6
5017,2025-03-30,Line-D,Afternoon,M-402,OP-008,446,10,0,32.25,68.6
5018,2025-03-30,Line-D,Night,M-402,OP-002,502,8,43,25.49,71.9
5019,2025-03-31,Line-A,Morning,M-102,OP-018,418,10,20,30.27,66.0
5020,2025-03-31,Line-A,Afternoon,M-102,OP-001,488,10,38,25.64,65.8
5021,2025-03-31,Line-A,Night,M-102,OP-020,497,8,10,35.35,56.7
5022,2025-03-31,Line-B,Morning,M-202,OP-019,444,0,0,42.02,70.4
5023,2025-03-31,Line-B,Afternoon,M-202,OP-004,537,9,23,21.17,72.2
5024,2025-03-31,Line-B,Night,M-202,OP-018,430,5,19,31.58,68.3
5025,2025-03-31,Line-C,Morning,M-301,OP-018,398,8,26,27.34,73.3
5026,2025-03-31,Line-C,Afternoon,M-301,OP-014,427,8,35,26.59,72.2
5027,2025-03-31,Line-D,Morning,M-402,OP-001,598,12,4,26.14,73.2
5028,2025-03-31,Line-D,Afternoon,M-402,OP-006,556,18,11,35.19,67.8
5029,2025-03-31,Line-D,Night,M-402,OP-014,427,12,36,24.9,63.8
5030,2025-04-01,Line-A,Morning,M-102,OP-007,482,13,0,31.14,65.6
5031,2025-04-01,Line-A,Afternoon,M-102,OP-004,522,5,23,29.21,64.3
5032,2025-04-01,Line-A,Night,M-102,OP-010,483,0,3,31.69,60.9
5033,2025-04-01,Line-B,Morning,M-201,OP-003,325,7,54,41.62,65.9
5034,2025-04-01,Line-B,Afternoon,M-201,OP-001,536,22,39,42.13,66.1
5035,2025-04-01,Line-B,Night,M-201,OP-009,497,26,32,39.7,66.6
5036,2025-04-01,Line-C,Morning,M-301,OP-015,342,7,0,33.15,67.6
5037,2025-04-01,Line-C,Afternoon,M-303,OP-018,486,25,21,43.85,69.1
5038,2025-04-01,Line-C,Night,M-301,OP-016,468,4,20,33.52,68.5
5039,2025-04-01,Line-D,Morning,M-402,OP-003,415,5,11,33.44,61.7
5040,2025-04-01,Line-D,Afternoon,M-401,OP-012,446,6,10,23.49,67.1
5041,2025-04-01,Line-D,Night,M-401,OP-018,461,4,10,27.29,70.0
5042,2025-04-02,Line-A,Morning,M-101,OP-020,426,8,0,27.0,69.2
5043,2025-04-02,Line-A,Afternoon,M-101,OP-003,494,7,7,22.73,73.6
5044,2025-04-02,Line-A,Night,M-102,OP-006,521,13,0,27.02,66.7
5045,2025-04-02,Line-B,Morning,M-201,OP-016,364,20,56,52.31,63.8
5046,2025-04-02,Line-B,Afternoon,M-202,OP-001,487,15,8,27.17,60.5
5047,2025-04-02,Line-B,Night,M-202,OP-014,547,10,1,31.42,68.6
5048,2025-04-02,Line-C,Morning,M-303,OP-013,490,21,59,41.33,74.5
5049,2025-04-02,Line-C,Afternoon,M-301,OP-020,513,11,10,34.87,68.5
5050,2025-04-02,Line-C,Night,M-303,OP-003,424,15,41,37.46,67.8
5051,2025-04-02,Line-D,Morning,M-401,OP-016,543,11,1,37.05,70.2
5052,2025-04-02,Line-D,Afternoon,M-402,OP-013,541,0,16,34.21,74.8
5053,2025-04-02,Line-D,Night,M-402,OP-007,392,12,36,19.91,69.9
5054,2025-04-03,Line-A,Morning,M-101,OP-015,517,8,4,33.34,65.5
5055,2025-04-03,Line-A,Afternoon,M-102,OP-001,466,12,38,32.69,68.5
5056,2025-04-03,Line-A,Night,M-102,OP-011,449,4,28,29.23,72.6
5057,2025-04-03,Line-B,Morning,M-201,OP-011,460,18,41,41.62,63.2
5058,2025-04-03,Line-B,Afternoon,M-201,OP-005,589,23,48,46.21,63.0
5059,2025-04-03,Line-B,Night,M-201,OP-019,419,18,22,50.63,67.2
5060,2025-04-03,Line-C,Morning,M-302,OP-018,533,12,15,30.2,72.9
5061,2025-04-03,Line-C,Afternoon,M-303,OP-011,430,27,15,45.91,62.4
5062,2025-04-03,Line-C,Night,M-301,OP-011,461,9,4,29.09,62.5
5063,2025-04-03,Line-D,Morning,M-402,OP-010,420,10,12,26.55,73.3
5064,2025-04-03,Line-D,Night,M-402,OP-005,406,6,4,33.08,68.2
5065,2025-04-04,Line-A,Morning,M-102,OP-005,473,0,24,28.91,68.5
5066,2025-04-04,Line-A,Afternoon,M-102,OP-003,435,4,34,21.13,63.8
5067,2025-04-04,Line-A,Night,M-102,OP-003,568,14,7,36.23,69.8
5068,2025-04-04,Line-B,Morning,M-202,OP-014,493,10,18,32.53,76.8
5069,2025-04-04,Line-B,Night,M-202,OP-006,468,8,0,29.74,75.5
5070,2025-04-04,Line-C,Morning,M-301,OP-017,539,7,12,23.52,64.1
5071,2025-04-04,Line-C,Afternoon,M-301,OP-012,488,6,0,32.45,67.7
5072,2025-04-04,Line-C,Night,M-302,OP-011,385,0,3,22.06,60.5
5073,2025-04-04,Line-D,Morning,M-401,OP-006,547,9,8,29.06,63.4
5074,2025-04-04,Line-D,Afternoon,M-401,OP-008,504,8,0,26.96,63.1
5075,2025-04-05,Line-A,Morning,M-101,OP-018,455,7,5,30.28,67.7
5076,2025-04-05,Line-A,Afternoon,M-102,OP-018,493,14,20,34.77,64.6
5077,2025-04-05,Line-A,Night,M-101,OP-013,449,11,22,26.61,70.4
5078,2025-04-05,Line-B,Morning,M-201,OP-010,423,21,34,35.08,66.3
5079,2025-04-05,Line-B,Afternoon,M-202,OP-003,610,12,46,22.78,71.0
5080,2025-04-05,Line-B,Night,M-202,OP-002,327,6,21,34.19,64.8
5081,2025-04-05,Line-C,Morning,M-301,OP-019,542,7,9,27.83,63.5
5082,2025-04-05,Line-C,Night,M-301,OP-016,574,11,28,35.22,64.1
5083,2025-04-05,Line-D,Morning,M-402,OP-018,552,13,0,32.24,63.9
5084,2025-04-05,Line-D,Afternoon,M-401,OP-019,576,15,10,36.32,61.7
5085,2025-04-05,Line-D,Night,M-401,OP-003,435,7,45,24.65,61.2
5086,2025-04-06,Line-A,Morning,M-101,OP-019,393,11,3,29.2,71.1
5087,2025-04-06,Line-A,Afternoon,M-101,OP-001,470,9,20,27.85,67.3
5088,2025-04-06,Line-A,Night,M-101,OP-006,494,13,0,14.9,70.7
5089,2025-04-06,Line-B,Morning,M-201,OP-014,535,25,39,39.18,70.0
5090,2025-04-06,Line-B,Night,M-202,OP-019,531,10,49,22.18,68.7
5091,2025-04-06,Line-C,Morning,M-301,OP-016,409,11,0,23.33,65.5
5092,2025-04-06,Line-C,Afternoon,M-301,OP-014,495,6,3,29.1,67.0
5093,2025-04-06,Line-C,Night,M-303,OP-013,569,30,30,52.49,70.0
5094,2025-04-06,Line-D,Morning,M-402,OP-012,421,9,20,26.56,63.8
5095,2025-04-06,Line-D,Afternoon,M-402,OP-019,485,7,34,33.71,65.4
5096,2025-04-06,Line-D,Night,M-401,OP-020,505,15,0,24.89,68.0
5097,2025-04-07,Line-A,Morning,M-101,OP-014,482,8,7,28.37,69.5
5098,2025-04-07,Line-A,Afternoon,M-102,OP-001,548,7,48,39.8,73.3
5099,2025-04-07,Line-A,Night,M-102,OP-019,517,20,7,25.84,65.9
5100,2025-04-07,Line-B,Morning,M-202,OP-005,419,8,16,31.0,68.0
5101,2025-04-07,Line-B,Afternoon,M-201,OP-008,487,30,44,46.61,68.8
5102,2025-04-07,Line-B,Night,M-201,OP-008,383,10,66,39.34,65.5
5103,2025-04-07,Line-C,Morning,M-303,OP-002,494,25,45,50.87,74.0
5104,2025-04-07,Line-C,Afternoon,M-303,OP-013,431,24,29,41.31,63.6
5105,2025-04-07,Line-C,Night,M-301,OP-009,378,7,0,34.64,66.9
5106,2025-04-07,Line-D,Morning,M-401,OP-007,498,16,0,26.38,68.7
5107,2025-04-07,Line-D,Afternoon,M-401,OP-014,498,14,25,30.48,69.2
5108,2025-04-07,Line-D,Night,M-401,OP-015,499,2,9,31.24,69.8
5109,2025-04-08,Line-A,Morning,M-101,OP-012,424,2,8,39.84,64.7
5110,2025-04-08,Line-A,Afternoon,M-102,OP-013,550,19,12,26.6,70.1
5111,2025-04-08,Line-A,Night,M-102,OP-015,491,5,2,32.27,71.7
5112,2025-04-08,Line-B,Morning,M-201,OP-007,460,20,45,41.14,66.8
5113,2025-04-08,Line-B,Afternoon,M-201,OP-008,434,16,75,41.02,73.5
5114,2025-04-08,Line-B,Night,M-202,OP-014,581,9,17,30.51,61.6
5115,2025-04-08,Line-C,Night,M-301,OP-002,386,7,5,39.46,67.1
5116,2025-04-08,Line-D,Morning,M-402,OP-007,597,8,40,32.53,70.3
5117,2025-04-08,Line-D,Afternoon,M-402,OP-005,449,11,37,29.28,66.6
5118,2025-04-08,Line-D,Night,M-401,OP-014,465,16,24,37.24,69.3
5119,2025-04-09,Line-A,Morning,M-102,OP-017,482,11,28,28.76,73.5
5120,2025-04-09,Line-A,Night,M-102,OP-008,501,0,25,23.64,71.4
5121,2025-04-09,Line-B,Morning,M-202,OP-016,534,11,20,35.49,66.0
5122,2025-04-09,Line-B,Afternoon,M-202,OP-006,527,16,38,24.47,69.6
5123,2025-04-09,Line-B,Night,M-202,OP-005,422,3,17,30.39,72.6
5124,2025-04-09,Line-C,Afternoon,M-302,OP-013,459,8,15,25.69,65.1
5125,2025-04-09,Line-C,Night,M-303,OP-017,546,22,52,45.04,61.8
5126,2025-04-09,Line-D,Morning,M-401,OP-004,511,12,18,29.29,64.2
5127,2025-04-09,Line-D,Afternoon,M-402,OP-017,560,10,0,32.29,65.0
5128,2025-04-09,Line-D,Night,M-401,OP-009,423,6,2,25.44,71.2
5129,2025-04-10,Line-A,Morning,M-102,OP-013,473,14,0,21.36,68.6
5130,2025-04-10,Line-A,Night,M-101,OP-008,591,14,60,31.66,68.9
5131,2025-04-10,Line-B,Morning,M-202,OP-008,350,8,14,27.96,67.5
5132,2025-04-10,Line-B,Afternoon,M-201,OP-016,475,21,66,40.15,68.7
5133,2025-04-10,Line-B,Night,M-201,OP-005,455,24,37,40.6,60.3
5134,2025-04-10,Line-C,Morning,M-302,OP-018,494,7,11,24.09,73.7
5135,2025-04-10,Line-C,Afternoon,M-302,OP-001,531,17,29,32.96,63.4
5136,2025-04-10,Line-C,Night,M-301,OP-004,590,5,7,33.53,71.0
5137,2025-04-10,Line-D,Morning,M-402,OP-009,514,7,2,42.67,67.8
5138,2025-04-10,Line-D,Afternoon,M-402,OP-019,470,5,15,30.99,67.9
5139,2025-04-10,Line-D,Night,M-402,OP-020,502,18,3,30.22,65.4
5140,2025-04-11,Line-A,Morning,M-102,OP-004,497,6,4,22.7,68.4
5141,2025-04-11,Line-A,Afternoon,M-101,OP-008,505,18,19,27.75,62.6
5142,2025-04-11,Line-A,Night,M-102,OP-012,406,2,40,31.44,65.7
5143,2025-04-11,Line-B,Morning,M-201,OP-018,422,15,25,48.58,67.9
5144,2025-04-11,Line-B,Afternoon,M-201,OP-014,393,27,17,39.05,73.2
5145,2025-04-11,Line-B,Night,M-201,OP-003,504,20,16,37.17,64.4
5146,2025-04-11,Line-C,Morning,M-301,OP-008,480,10,9,29.8,63.8
5147,2025-04-11,Line-C,Afternoon,M-301,OP-007,497,15,9,29.09,68.3
5148,2025-04-11,Line-C,Night,M-303,OP-003,547,20,56,44.11,68.1
5149,2025-04-11,Line-D,Morning,M-402,OP-005,552,3,19,32.15,64.3
5150,2025-04-11,Line-D,Afternoon,M-401,OP-007,507,11,9,34.31,65.7
5151,2025-04-11,Line-D,Night,M-401,OP-009,496,8,2,32.51,67.2
5152,2025-04-12,Line-A,Afternoon,M-101,OP-009,391,0,23,23.9,69.1
5153,2025-04-12,Line-A,Night,M-102,OP-007,483,7,41,30.9,71.0
5154,2025-04-12,Line-B,Morning,M-201,OP-020,497,21,34,49.29,72.4
5155,2025-04-12,Line-B,Afternoon,M-202,OP-020,597,12,0,27.8,63.2
5156,2025-04-12,Line-B,Night,M-201,OP-002,526,21,0,54.32,65.7
5157,2025-04-12,Line-C,Morning,M-302,OP-018,445,15,0,35.68,65.7
5158,2025-04-12,Line-C,Afternoon,M-303,OP-001,400,25,48,46.6,69.5
5159,2025-04-12,Line-C,Night,M-302,OP-007,515,3,13,25.36,62.4
5160,2025-04-12,Line-D,Morning,M-402,OP-004,504,15,6,28.94,63.4
5161,2025-04-12,Line-D,Afternoon,M-401,OP-019,480,12,23,32.73,65.5
5162,2025-04-12,Line-D,Night,M-402,OP-012,440,11,24,29.14,66.3
5163,2025-04-13,Line-A,Morning,M-102,OP-018,550,8,23,29.32,63.8
5164,2025-04-13,Line-A,Afternoon,M-101,OP-004,576,11,1,23.05,62.8
5165,2025-04-13,Line-A,Night,M-101,OP-009,457,17,3,37.24,67.5
5166,2025-04-13,Line-B,Morning,M-201,OP-008,409,16,15,37.72,64.5
5167,2025-04-13,Line-B,Afternoon,M-201,OP-007,365,22,38,38.57,68.9
5168,2025-04-13,Line-B,Night,M-201,OP-005,429,8,79,42.95,65.6
5169,2025-04-13,Line-C,Morning,M-301,OP-015,363,1,36,37.51,71.0
5170,2025-04-13,Line-C,Afternoon,M-301,OP-002,413,14,18,33.27,69.8
5171,2025-04-13,Line-C,Night,M-303,OP-007,389,13,27,45.22,62.5
5172,2025-04-13,Line-D,Morning,M-402,OP-014,469,8,23,33.37,64.0
5173,2025-04-13,Line-D,Afternoon,M-401,OP-006,566,4,28,27.25,68.7
5174,2025-04-13,Line-D,Night,M-401,OP-006,493,10,22,31.96,71.1
5175,2025-04-14,Line-A,Morning,M-101,OP-014,507,3,16,27.18,63.6
5176,2025-04-14,Line-A,Afternoon,M-101,OP-007,462,9,15,35.28,73.2
5177,2025-04-14,Line-B,Morning,M-202,OP-008,500,12,13,33.84,69.9
5178,2025-04-14,Line-B,Afternoon,M-201,OP-009,476,32,26,49.27,62.6
5179,2025-04-14,Line-B,Night,M-202,OP-015,528,17,0,30.69,70.9
5180,2025-04-14,Line-C,Morning,M-303,OP-018,495,24,37,36.53,77.5
5181,2025-04-14,Line-C,Afternoon,M-301,OP-015,449,10,2,18.62,64.3
5182,2025-04-14,Line-C,Night,M-303,OP-015,393,22,25,39.43,63.7
5183,2025-04-14,Line-D,Morning,M-402,OP-020,485,5,26,31.51,65.7
5184,2025-04-14,Line-D,Afternoon,M-401,OP-007,531,10,12,22.69,67.7
5185,2025-04-14,Line-D,Night,M-402,OP-018,499,16,0,41.39,70.2
5186,2025-04-15,Line-A,Morning,M-101,OP-019,388,4,33,36.22,68.1
5187,2025-04-15,Line-A,Afternoon,M-101,OP-002,488,3,31,25.06,71.4
5188,2025-04-15,Line-A,Night,M-101,OP-018,561,10,26,39.24,69.1
5189,2025-04-15,Line-B,Morning,M-201,OP-002,469,21,23,38.17,69.8
5190,2025-04-15,Line-B,Afternoon,M-201,OP-005,470,23,12,41.54,72.1
5191,2025-04-15,Line-B,Night,M-201,OP-017,412,19,7,35.47,71.2
5192,2025-04-15,Line-C,Morning,M-303,OP-003,461,29,41,44.65,63.7
5193,2025-04-15,Line-C,Afternoon,M-303,OP-003,456,17,19,45.32,71.5
5194,2025-04-15,Line-C,Night,M-303,OP-003,503,18,39,32.44,73.3
5195,2025-04-15,Line-D,Morning,M-402,OP-018,402,3,13,31.02,67.7
5196,2025-04-15,Line-D,Afternoon,M-401,OP-002,413,12,0,22.58,67.6
5197,2025-04-15,Line-D,Night,M-401,OP-005,404,12,0,37.79,72.1
5198,2025-04-16,Line-A,Morning,M-101,OP-003,554,20,13,24.94,67.6
5199,2025-04-16,Line-A,Afternoon,M-102,OP-003,446,5,14,28.44,65.0
5200,2025-04-16,Line-A,Night,M-101,OP-011,465,11,26,21.99,66.8
5201,2025-04-16,Line-B,Morning,M-202,OP-011,471,3,10,30.74,70.1
5202,2025-04-16,Line-B,Night,M-201,OP-001,484,18,65,46.15,70.2
5203,2025-04-16,Line-C,Morning,M-303,OP-001,540,26,54,42.28,68.0
5204,2025-04-16,Line-C,Afternoon,M-301,OP-019,518,17,34,32.96,70.1
5205,2025-04-16,Line-C,Night,M-303,OP-007,521,29,54,40.82,73.3
5206,2025-04-16,Line-D,Morning,M-401,OP-015,500,12,32,33.74,71.7
5207,2025-04-16,Line-D,Afternoon,M-402,OP-002,456,15,22,30.63,72.4
5208,2025-04-16,Line-D,Night,M-401,OP-005,635,4,0,43.43,69.7
5209,2025-04-17,Line-A,Morning,M-102,OP-013,491,8,30,43.06,65.3
5210,2025-04-17,Line-A,Afternoon,M-102,OP-010,474,7,22,36.11,74.5
5211,2025-04-17,Line-A,Night,M-101,OP-018,526,23,3,25.83,73.9
5212,2025-04-17,Line-B,Morning,M-202,OP-010,487,2,7,31.28,65.4
5213,2025-04-17,Line-B,Afternoon,M-201,OP-005,419,18,19,45.18,60.2
5214,2025-04-17,Line-B,Night,M-202,OP-017,485,11,10,35.47,62.5
5215,2025-04-17,Line-C,Morning,M-301,OP-011,437,6,22,31.09,76.6
5216,2025-04-17,Line-C,Afternoon,M-301,OP-017,431,2,38,22.85,70.7
5217,2025-04-17,Line-C,Night,M-301,OP-002,421,0,6,34.5,63.1
5218,2025-04-17,Line-D,Morning,M-401,OP-009,514,13,0,28.86,74.3
5219,2025-04-17,Line-D,Afternoon,M-402,OP-012,519,8,18,26.57,72.5
5220,2025-04-17,Line-D,Night,M-401,OP-012,546,10,15,25.01,62.6
5221,2025-04-18,Line-A,Morning,M-102,OP-017,457,8,27,34.61,68.7
5222,2025-04-18,Line-A,Afternoon,M-102,OP-019,551,5,28,26.05,73.0
5223,2025-04-18,Line-A,Night,M-102,OP-005,479,0,22,34.05,66.2
5224,2025-04-18,Line-B,Morning,M-201,OP-011,457,20,6,30.18,73.2
5225,2025-04-18,Line-B,Afternoon,M-201,OP-012,430,27,55,49.84,65.4
5226,2025-04-18,Line-B,Night,M-201,OP-019,383,13,28,30.13,66.1
5227,2025-04-18,Line-C,Morning,M-301,OP-018,467,2,0,28.9,69.4
5228,2025-04-18,Line-C,Afternoon,M-303,OP-016,426,20,37,42.23,65.4
5229,2025-04-18,Line-D,Morning,M-402,OP-020,399,14,21,35.03,67.7
5230,2025-04-18,Line-D,Afternoon,M-402,OP-020,470,11,0,24.43,64.8
5231,2025-04-18,Line-D,Night,M-401,OP-020,452,4,16,30.41,73.6
5232,2025-04-19,Line-A,Morning,M-101,OP-005,628,3,14,30.73,67.9
5233,2025-04-19,Line-A,Night,M-101,OP-004,414,4,15,25.27,68.6
5234,2025-04-19,Line-B,Morning,M-202,OP-017,465,9,0,30.79,64.5
5235,2025-04-19,Line-B,Afternoon,M-201,OP-009,489,29,38,43.61,71.3
5236,2025-04-19,Line-B,Night,M-202,OP-006,395,14,0,34.4,71.0
5237,2025-04-19,Line-C,Morning,M-302,OP-016,425,12,19,39.45,68.8
5238,2025-04-19,Line-C,Afternoon,M-301,OP-017,473,6,0,28.41,66.9
5239,2025-04-19,Line-C,Night,M-303,OP-007,495,15,31,44.88,70.7
5240,2025-04-19,Line-D,Morning,M-401,OP-013,368,9,8,29.07,58.5
5241,2025-04-19,Line-D,Afternoon,M-401,OP-003,569,11,0,31.88,69.4
5242,2025-04-19,Line-D,Night,M-402,OP-020,553,8,12,26.79,70.4
5243,2025-04-20,Line-A,Morning,M-101,OP-017,432,4,10,23.87,74.4
5244,2025-04-20,Line-A,Afternoon,M-102,OP-014,595,8,0,31.68,66.1
5245,2025-04-20,Line-A,Night,M-101,OP-008,550,6,20,30.57,65.3
5246,2025-04-20,Line-B,Morning,M-201,OP-012,494,27,36,42.49,64.5
5247,2025-04-20,Line-B,Afternoon,M-202,OP-007,548,16,5,29.38,73.7
5248,2025-04-20,Line-B,Night,M-202,OP-003,411,10,3,38.89,68.3
5249,2025-04-20,Line-C,Morning,M-301,OP-013,555,6,0,28.83,69.1
5250,2025-04-20,Line-C,Afternoon,M-303,OP-013,449,24,31,31.59,70.2
5251,2025-04-20,Line-C,Night,M-302,OP-010,427,6,35,38.86,65.7
5252,2025-04-20,Line-D,Morning,M-401,OP-006,514,6,7,26.97,61.1
5253,2025-04-20,Line-D,Afternoon,M-401,OP-012,485,10,1,35.44,66.3
5254,2025-04-20,Line-D,Night,M-401,OP-010,441,10,0,34.53,66.4
5255,2025-04-21,Line-A,Morning,M-101,OP-003,539,17,21,25.94,63.0
5256,2025-04-21,Line-A,Afternoon,M-102,OP-014,393,11,9,27.0,67.5
5257,2025-04-21,Line-A,Night,M-102,OP-017,544,14,18,33.19,68.7
5258,2025-04-21,Line-B,Morning,M-201,OP-008,498,24,34,45.77,69.4
5259,2025-04-21,Line-B,Afternoon,M-202,OP-008,427,10,15,33.06,67.6
5260,2025-04-21,Line-B,Night,M-201,OP-009,528,23,45,39.72,66.5
5261,2025-04-21,Line-C,Morning,M-301,OP-015,516,8,45,32.83,68.1
5262,2025-04-21,Line-C,Afternoon,M-303,OP-002,529,21,48,46.48,73.0
5263,2025-04-21,Line-C,Night,M-302,OP-002,453,3,2,28.59,74.7
5264,2025-04-21,Line-D,Morning,M-401,OP-010,611,13,12,28.25,71.3
5265,2025-04-21,Line-D,Afternoon,M-401,OP-007,611,22,29,35.62,71.3
5266,2025-04-21,Line-D,Night,M-402,OP-007,477,5,11,32.11,62.2
5267,2025-04-22,Line-A,Morning,M-102,OP-019,470,5,27,27.25,69.3
5268,2025-04-22,Line-A,Afternoon,M-101,OP-013,437,15,0,32.38,62.9
5269,2025-04-22,Line-A,Night,M-101,OP-004,449,9,15,31.15,68.6
5270,2025-04-22,Line-B,Morning,M-202,OP-017,441,7,12,30.98,67.7
5271,2025-04-22,Line-B,Afternoon,M-201,OP-018,523,24,38,40.09,63.8
5272,2025-04-22,Line-C,Morning,M-301,OP-019,489,15,18,25.91,71.3
5273,2025-04-22,Line-C,Afternoon,M-303,OP-007,459,24,29,43.77,65.9
5274,2025-04-22,Line-C,Night,M-301,OP-013,450,1,19,31.85,69.7
5275,2025-04-22,Line-D,Morning,M-401,OP-002,496,5,26,34.96,64.8
5276,2025-04-22,Line-D,Afternoon,M-401,OP-003,511,14,4,28.52,70.1
5277,2025-04-22,Line-D,Night,M-402,OP-011,389,3,0,21.02,72.3
5278,2025-04-23,Line-A,Morning,M-101,OP-015,360,8,24,28.53,65.3
5279,2025-04-23,Line-A,Afternoon,M-102,OP-018,493,9,27,16.86,64.3
5280,2025-04-23,Line-A,Night,M-101,OP-001,513,9,23,31.31,67.5
5281,2025-04-23,Line-B,Morning,M-201,OP-001,461,31,58,44.48,68.3
5282,2025-04-23,Line-B,Afternoon,M-201,OP-019,512,27,41,38.24,75.1
5283,2025-04-23,Line-B,Night,M-202,OP-004,494,19,14,28.77,73.5
5284,2025-04-23,Line-C,Morning,M-303,OP-017,498,23,16,45.3,66.0
5285,2025-04-23,Line-C,Afternoon,M-301,OP-013,453,6,18,22.32,67.2
5286,2025-04-23,Line-C,Night,M-303,OP-016,538,18,37,38.84,66.4
5287,2025-04-23,Line-D,Morning,M-402,OP-020,579,1,23,27.61,65.9
5288,2025-04-23,Line-D,Afternoon,M-402,OP-001,413,11,9,28.41,68.4
5289,2025-04-23,Line-D,Night,M-401,OP-013,469,0,4,34.48,62.0
5290,2025-04-24,Line-A,Morning,M-102,OP-005,414,6,1,29.86,63.6
5291,2025-04-24,Line-A,Afternoon,M-101,OP-010,456,8,21,36.22,67.0
5292,2025-04-24,Line-A,Night,M-101,OP-017,593,10,24,39.66,68.6
5293,2025-04-24,Line-B,Morning,M-202,OP-004,397,8,2,28.63,75.9
5294,2025-04-24,Line-B,Afternoon,M-201,OP-008,406,19,21,40.46,71.0
5295,2025-04-24,Line-B,Night,M-202,OP-011,499,8,2,31.58,74.8
5296,2025-04-24,Line-C,Morning,M-303,OP-005,425,27,52,48.85,69.2
5297,2025-04-24,Line-C,Afternoon,M-302,OP-007,550,4,1,33.83,69.2
5298,2025-04-24,Line-C,Night,M-303,OP-006,471,9,28,36.13,70.0
5299,2025-04-24,Line-D,Morning,M-401,OP-003,468,5,51,35.19,72.2
5300,2025-04-24,Line-D,Afternoon,M-402,OP-011,612,16,0,25.56,71.9
5301,2025-04-24,Line-D,Night,M-401,OP-003,356,6,0,30.49,71.4
5302,2025-04-25,Line-A,Morning,M-101,OP-010,496,14,41,29.28,79.2
5303,2025-04-25,Line-A,Afternoon,M-102,OP-002,492,14,2,38.1,72.2
5304,2025-04-25,Line-A,Night,M-101,OP-011,568,11,0,32.3,61.2
5305,2025-04-25,Line-B,Morning,M-202,OP-014,459,9,47,31.59,68.6
5306,2025-04-25,Line-B,Afternoon,M-201,OP-017,476,15,36,42.51,64.1
5307,2025-04-25,Line-B,Night,M-201,OP-005,408,16,35,39.71,63.8
5308,2025-04-25,Line-C,Morning,M-301,OP-002,497,12,13,27.19,70.4
5309,2025-04-25,Line-C,Afternoon,M-301,OP-017,468,3,27,31.77,67.5
5310,2025-04-25,Line-C,Night,M-302,OP-013,385,4,42,22.46,67.0
5311,2025-04-25,Line-D,Morning,M-401,OP-001,479,10,0,30.87,61.3
5312,2025-04-25,Line-D,Afternoon,M-402,OP-003,485,6,0,34.17,67.1
5313,2025-04-25,Line-D,Night,M-401,OP-004,508,12,31,23.96,71.7
5314,2025-04-26,Line-A,Morning,M-101,OP-009,480,7,0,33.03,64.3
5315,2025-04-26,Line-A,Afternoon,M-102,OP-002,511,19,26,36.96,65.1
5316,2025-04-26,Line-A,Night,M-101,OP-014,525,3,8,38.71,65.6
5317,2025-04-26,Line-B,Morning,M-202,OP-016,546,15,28,23.66,70.1
5318,2025-04-26,Line-B,Afternoon,M-201,OP-020,470,26,10,43.84,68.9
5319,2025-04-26,Line-B,Night,M-202,OP-010,360,3,0,26.37,70.2
5320,2025-04-26,Line-C,Morning,M-301,OP-004,491,10,0,35.6,67.9
5321,2025-04-26,Line-C,Afternoon,M-303,OP-001,482,26,20,43.14,69.7
5322,2025-04-26,Line-C,Night,M-302,OP-007,447,11,19,29.49,67.5
5323,2025-04-26,Line-D,Morning,M-401,OP-016,511,13,12,35.6,70.6
5324,2025-04-26,Line-D,Afternoon,M-401,OP-014,372,1,29,28.77,68.7
5325,2025-04-27,Line-A,Morning,M-102,OP-020,548,10,12,25.66,69.5
5326,2025-04-27,Line-A,Afternoon,M-101,OP-004,515,6,0,43.13,67.6
5327,2025-04-27,Line-A,Night,M-102,OP-001,438,11,11,24.57,69.9
5328,2025-04-27,Line-B,Morning,M-201,OP-017,428,26,42,40.62,68.4
5329,2025-04-27,Line-B,Afternoon,M-201,OP-010,534,25,66,47.68,70.0
5330,2025-04-27,Line-B,Night,M-201,OP-001,423,18,42,37.89,73.2
5331,2025-04-27,Line-C,Morning,M-302,OP-009,421,5,3,33.72,64.8
5332,2025-04-27,Line-C,Afternoon,M-301,OP-013,372,11,5,24.66,65.0
5333,2025-04-27,Line-C,Night,M-303,OP-019,583,22,33,39.77,63.1
5334,2025-04-27,Line-D,Morning,M-402,OP-020,435,2,26,30.5,77.9
5335,2025-04-27,Line-D,Afternoon,M-402,OP-010,437,4,35,35.29,69.5
5336,2025-04-27,Line-D,Night,M-402,OP-003,413,15,10,27.85,72.6
5337,2025-04-28,Line-A,Morning,M-102,OP-005,478,3,12,26.09,56.0
5338,2025-04-28,Line-A,Afternoon,M-102,OP-019,427,5,0,32.88,64.9
5339,2025-04-28,Line-A,Night,M-101,OP-005,508,3,25,23.62,58.6
5340,2025-04-28,Line-B,Morning,M-201,OP-010,554,20,61,44.82,71.2
5341,2025-04-28,Line-B,Night,M-202,OP-019,542,10,13,36.41,68.4
5342,2025-04-28,Line-C,Morning,M-301,OP-006,436,10,0,36.6,73.4
5343,2025-04-28,Line-C,Afternoon,M-301,OP-006,551,16,10,29.47,63.1
5344,2025-04-28,Line-C,Night,M-301,OP-010,584,8,17,31.27,62.6
5345,2025-04-28,Line-D,Morning,M-402,OP-013,375,7,5,29.55,72.3
5346,2025-04-28,Line-D,Afternoon,M-401,OP-014,493,13,18,28.42,64.0
5347,2025-04-28,Line-D,Night,M-401,OP-018,495,9,25,29.25,66.8
5348,2025-04-29,Line-A,Morning,M-102,OP-004,466,4,33,35.7,63.1
5349,2025-04-29,Line-A,Afternoon,M-102,OP-001,528,0,26,26.52,69.4
5350,2025-04-29,Line-A,Night,M-101,OP-007,364,2,19,26.5,64.6
5351,2025-04-29,Line-B,Morning,M-201,OP-017,563,38,49,36.54,75.1
5352,2025-04-29,Line-B,Afternoon,M-202,OP-020,386,6,12,39.62,71.7
5353,2025-04-29,Line-B,Night,M-201,OP-017,452,16,50,39.33,68.9
5354,2025-04-29,Line-C,Morning,M-303,OP-001,397,20,42,35.79,72.1
5355,2025-04-29,Line-C,Afternoon,M-302,OP-001,513,13,6,30.89,68.3
5356,2025-04-29,Line-C,Night,M-302,OP-004,471,9,30,35.37,63.3
5357,2025-04-29,Line-D,Morning,M-402,OP-011,539,16,9,32.54,70.0
5358,2025-04-29,Line-D,Night,M-401,OP-013,429,6,23,27.52,71.9
5359,2025-04-30,Line-A,Morning,M-102,OP-018,558,16,41,29.55,68.7
5360,2025-04-30,Line-A,Afternoon,M-102,OP-009,499,9,20,21.44,68.8
5361,2025-04-30,Line-A,Night,M-102,OP-019,397,3,22,29.0,70.8
5362,2025-04-30,Line-B,Morning,M-202,OP-003,466,14,8,20.23,68.9
5363,2025-04-30,Line-B,Afternoon,M-201,OP-001,349,11,21,36.96,65.8
5364,2025-04-30,Line-B,Night,M-202,OP-004,417,2,35,26.61,59.1
5365,2025-04-30,Line-C,Morning,M-303,OP-005,458,15,21,45.55,66.2
5366,2025-04-30,Line-C,Afternoon,M-303,OP-011,410,20,52,44.68,58.2
5367,2025-04-30,Line-C,Night,M-301,OP-009,413,8,8,28.36,64.1
5368,2025-04-30,Line-D,Morning,M-402,OP-013,395,15,12,33.21,68.0
5369,2025-04-30,Line-D,Afternoon,M-401,OP-019,482,8,0,22.43,69.5
5370,2025-04-30,Line-D,Night,M-402,OP-017,491,13,23,25.96,72.5
5371,2025-05-01,Line-A,Morning,M-101,OP-001,525,13,45,40.22,70.8
5372,2025-05-01,Line-A,Afternoon,M-101,OP-016,513,15,3,27.15,70.7
5373,2025-05-01,Line-A,Night,M-101,OP-001,428,10,14,25.72,68.1
5374,2025-05-01,Line-B,Morning,M-202,OP-020,558,11,13,31.64,69.8
5375,2025-05-01,Line-B,Afternoon,M-202,OP-003,460,10,0,26.0,65.3
5376,2025-05-01,Line-B,Night,M-201,OP-013,508,24,32,45.45,69.5
5377,2025-05-01,Line-C,Morning,M-301,OP-003,462,4,0,22.67,68.6
5378,2025-05-01,Line-C,Afternoon,M-303,OP-011,428,17,33,47.22,71.7
5379,2025-05-01,Line-C,Night,M-301,OP-002,476,15,0,39.39,70.8
5380,2025-05-01,Line-D,Morning,M-402,OP-017,486,4,5,33.05,70.5
5381,2025-05-01,Line-D,Night,M-401,OP-010,520,6,0,30.98,71.1
5382,2025-05-02,Line-A,Morning,M-101,OP-011,480,16,12,30.0,70.7
5383,2025-05-02,Line-A,Night,M-101,OP-017,553,2,0,28.43,80.6
5384,2025-05-02,Line-B,Morning,M-202,OP-014,464,8,21,34.88,68.7
5385,2025-05-02,Line-B,Afternoon,M-201,OP-012,549,18,23,47.81,68.0
5386,2025-05-02,Line-B,Night,M-202,OP-009,404,2,0,30.01,69.9
5387,2025-05-02,Line-C,Afternoon,M-302,OP-020,460,10,5,36.12,78.2
5388,2025-05-02,Line-C,Night,M-301,OP-002,456,10,17,30.69,70.6
5389,2025-05-02,Line-D,Morning,M-402,OP-005,508,7,31,31.01,66.5
5390,2025-05-02,Line-D,Afternoon,M-402,OP-005,626,11,15,30.88,67.5
5391,2025-05-02,Line-D,Night,M-402,OP-001,506,5,20,21.21,62.8
5392,2025-05-03,Line-A,Morning,M-101,OP-016,589,3,0,23.84,75.0
5393,2025-05-03,Line-A,Afternoon,M-102,OP-013,372,3,0,28.63,66.3
5394,2025-05-03,Line-A,Night,M-101,OP-019,451,16,0,29.49,69.4
5395,2025-05-03,Line-B,Morning,M-201,OP-009,421,21,29,43.87,67.6
5396,2025-05-03,Line-B,Night,M-202,OP-003,356,11,43,29.12,64.4
5397,2025-05-03,Line-C,Morning,M-301,OP-007,570,21,9,28.91,67.7
5398,2025-05-03,Line-C,Afternoon,M-301,OP-005,379,6,37,29.16,63.8
5399,2025-05-03,Line-C,Night,M-302,OP-012,509,6,11,23.66,63.9
5400,2025-05-03,Line-D,Morning,M-401,OP-007,524,10,0,30.6,65.6
5401,2025-05-03,Line-D,Afternoon,M-402,OP-004,432,13,23,29.89,68.6
5402,2025-05-03,Line-D,Night,M-401,OP-015,479,11,0,34.31,69.4
5403,2025-05-04,Line-A,Afternoon,M-101,OP-004,464,6,24,29.25,65.2
5404,2025-05-04,Line-B,Morning,M-202,OP-004,456,12,0,28.22,72.3
5405,2025-05-04,Line-B,Afternoon,M-202,OP-008,469,10,28,34.46,66.2
5406,2025-05-04,Line-B,Night,M-202,OP-005,472,13,26,29.56,67.8
5407,2025-05-04,Line-C,Morning,M-303,OP-019,496,29,51,45.47,63.7
5408,2025-05-04,Line-C,Afternoon,M-302,OP-004,463,7,33,28.81,73.0
5409,2025-05-04,Line-C,Night,M-302,OP-003,445,6,19,37.84,67.2
5410,2025-05-04,Line-D,Morning,M-402,OP-010,326,1,16,22.63,64.5
5411,2025-05-04,Line-D,Afternoon,M-401,OP-006,480,0,6,24.18,62.0
5412,2025-05-04,Line-D,Night,M-402,OP-002,431,3,19,35.98,66.5
5413,2025-05-05,Line-A,Morning,M-102,OP-010,444,6,0,23.56,61.4
5414,2025-05-05,Line-A,Afternoon,M-101,OP-014,400,14,1,15.29,65.7
5415,2025-05-05,Line-A,Night,M-101,OP-008,384,7,11,30.28,67.8
5416,2025-05-05,Line-B,Morning,M-202,OP-004,457,2,10,35.09,75.3
5417,2025-05-05,Line-B,Afternoon,M-201,OP-005,465,20,42,49.47,66.1
5418,2025-05-05,Line-B,Night,M-202,OP-017,521,5,16,34.85,62.8
5419,2025-05-05,Line-C,Morning,M-301,OP-003,448,12,21,35.18,71.4
5420,2025-05-05,Line-C,Night,M-301,OP-016,459,18,14,14.72,66.9
5421,2025-05-05,Line-D,Morning,M-401,OP-004,451,12,5,35.49,70.2
5422,2025-05-05,Line-D,Afternoon,M-402,OP-017,419,7,0,30.92,64.9
5423,2025-05-05,Line-D,Night,M-402,OP-006,484,7,9,40.25,66.6
5424,2025-05-06,Line-A,Morning,M-102,OP-016,363,10,27,20.11,65.2
5425,2025-05-06,Line-A,Afternoon,M-102,OP-008,506,12,11,30.09,64.2
5426,2025-05-06,Line-A,Night,M-101,OP-018,336,13,0,30.88,67.4
5427,2025-05-06,Line-B,Morning,M-201,OP-017,533,25,37,28.83,64.7
5428,2025-05-06,Line-B,Afternoon,M-202,OP-014,524,13,0,22.11,68.5
5429,2025-05-06,Line-C,Morning,M-302,OP-001,305,2,38,37.23,69.9
5430,2025-05-06,Line-C,Afternoon,M-303,OP-019,498,13,23,40.52,65.1
5431,2025-05-06,Line-C,Night,M-303,OP-014,458,27,26,40.3,71.0
5432,2025-05-06,Line-D,Morning,M-401,OP-015,394,4,0,30.28,66.6
5433,2025-05-06,Line-D,Afternoon,M-401,OP-013,461,5,0,33.05,66.6
5434,2025-05-06,Line-D,Night,M-402,OP-008,517,4,2,28.89,67.5
5435,2025-05-07,Line-A,Morning,M-101,OP-001,525,7,23,31.87,67.6
5436,2025-05-07,Line-A,Afternoon,M-101,OP-013,422,11,0,29.89,67.8
5437,2025-05-07,Line-A,Night,M-101,OP-006,467,7,0,21.92,73.6
5438,2025-05-07,Line-B,Morning,M-202,OP-011,450,8,9,35.48,75.7
5439,2025-05-07,Line-B,Afternoon,M-201,OP-013,489,21,18,34.78,60.9
5440,2025-05-07,Line-B,Night,M-202,OP-001,432,0,28,32.12,67.0
5441,2025-05-07,Line-C,Morning,M-303,OP-015,546,19,22,32.33,71.1
5442,2025-05-07,Line-C,Afternoon,M-303,OP-009,431,19,50,48.85,67.9
5443,2025-05-07,Line-C,Night,M-301,OP-003,503,5,37,29.17,68.3
5444,2025-05-07,Line-D,Morning,M-401,OP-003,455,14,14,33.8,69.4
5445,2025-05-07,Line-D,Afternoon,M-401,OP-011,466,13,17,25.2,64.0
5446,2025-05-07,Line-D,Night,M-402,OP-020,488,13,36,21.11,68.1
5447,2025-05-08,Line-A,Morning,M-102,OP-008,509,11,27,33.28,64.1
5448,2025-05-08,Line-A,Afternoon,M-102,OP-018,419,9,26,30.72,61.7
5449,2025-05-08,Line-A,Night,M-101,OP-005,417,10,6,30.59,72.3
5450,2025-05-08,Line-B,Morning,M-201,OP-011,407,17,27,43.78,71.1
5451,2025-05-08,Line-B,Afternoon,M-201,OP-018,391,18,48,32.73,67.7
5452,2025-05-08,Line-B,Night,M-202,OP-017,407,5,0,36.96,66.6
5453,2025-05-08,Line-C,Morning,M-303,OP-005,431,21,19,36.31,74.0
5454,2025-05-08,Line-C,Afternoon,M-303,OP-011,588,23,51,43.78,62.3
5455,2025-05-08,Line-C,Night,M-303,OP-017,424,26,13,53.4,65.7
5456,2025-05-08,Line-D,Morning,M-401,OP-003,574,9,23,36.98,73.6
5457,2025-05-08,Line-D,Afternoon,M-402,OP-018,444,4,10,23.5,69.0
5458,2025-05-08,Line-D,Night,M-401,OP-015,430,12,3,21.29,73.6
5459,2025-05-09,Line-A,Morning,M-101,OP-008,491,9,28,34.36,65.0
5460,2025-05-09,Line-A,Afternoon,M-102,OP-015,453,3,0,32.89,69.6
5461,2025-05-09,Line-A,Night,M-101,OP-018,525,16,23,34.32,59.7
5462,2025-05-09,Line-B,Morning,M-201,OP-001,461,25,17,42.46,70.1
5463,2025-05-09,Line-B,Afternoon,M-202,OP-009,506,11,20,30.9,62.1
5464,2025-05-09,Line-B,Night,M-201,OP-020,510,24,13,48.9,70.1
5465,2025-05-09,Line-C,Afternoon,M-302,OP-016,397,4,3,27.18,69.2
5466,2025-05-09,Line-C,Night,M-302,OP-013,421,12,27,33.1,68.2
5467,2025-05-09,Line-D,Morning,M-402,OP-017,536,8,1,35.95,69.3
5468,2025-05-09,Line-D,Afternoon,M-401,OP-005,438,6,0,40.11,68.0
5469,2025-05-09,Line-D,Night,M-401,OP-016,489,12,0,35.48,65.6
5470,2025-05-10,Line-A,Morning,M-101,OP-018,589,9,27,17.52,63.3
5471,2025-05-10,Line-A,Afternoon,M-101,OP-013,462,0,21,31.56,64.0
5472,2025-05-10,Line-A,Night,M-101,OP-012,479,12,0,23.63,66.7
5473,2025-05-10,Line-B,Afternoon,M-201,OP-012,481,21,48,44.39,70.8
5474,2025-05-10,Line-B,Night,M-202,OP-013,396,8,7,37.31,68.7
5475,2025-05-10,Line-C,Morning,M-302,OP-015,439,12,20,25.89,66.6
5476,2025-05-10,Line-C,Afternoon,M-301,OP-004,460,14,15,33.63,66.0
5477,2025-05-10,Line-C,Night,M-303,OP-006,500,29,29,42.58,62.5
5478,2025-05-10,Line-D,Morning,M-402,OP-012,434,6,0,36.61,64.6
5479,2025-05-10,Line-D,Afternoon,M-401,OP-017,527,10,12,37.43,59.0
5480,2025-05-10,Line-D,Night,M-402,OP-007,468,3,0,24.03,68.1
5481,2025-05-11,Line-A,Morning,M-102,OP-006,436,12,8,28.38,66.7
5482,2025-05-11,Line-A,Afternoon,M-101,OP-018,474,7,0,34.95,65.5
5483,2025-05-11,Line-A,Night,M-102,OP-013,456,10,16,25.53,71.0
5484,2025-05-11,Line-B,Morning,M-201,OP-007,512,24,28,39.97,67.2
5485,2025-05-11,Line-B,Afternoon,M-201,OP-011,406,18,48,46.38,66.5
5486,2025-05-11,Line-B,Night,M-202,OP-003,543,20,7,33.46,58.9
5487,2025-05-11,Line-C,Morning,M-302,OP-006,404,8,0,40.2,70.4
5488,2025-05-11,Line-C,Afternoon,M-302,OP-016,537,10,0,27.41,69.0
5489,2025-05-11,Line-C,Night,M-302,OP-013,441,11,22,30.02,60.7
5490,2025-05-11,Line-D,Morning,M-401,OP-013,582,9,52,33.26,67.2
5491,2025-05-11,Line-D,Afternoon,M-401,OP-008,506,0,27,42.83,59.6
5492,2025-05-11,Line-D,Night,M-402,OP-004,462,8,25,40.53,69.5
5493,2025-05-12,Line-A,Morning,M-101,OP-018,608,12,18,31.64,72.9
5494,2025-05-12,Line-A,Afternoon,M-102,OP-012,454,12,0,28.58,65.5
5495,2025-05-12,Line-B,Morning,M-202,OP-013,485,7,28,25.61,61.1
5496,2025-05-12,Line-B,Afternoon,M-202,OP-001,398,11,0,31.99,66.8
5497,2025-05-12,Line-B,Night,M-202,OP-010,529,8,53,39.49,66.7
5498,2025-05-12,Line-C,Morning,M-301,OP-001,452,22,0,29.72,68.1
5499,2025-05-12,Line-C,Afternoon,M-303,OP-020,479,13,42,37.15,73.7
5500,2025-05-12,Line-C,Night,M-303,OP-017,392,18,1,31.23,64.6
5501,2025-05-12,Line-D,Morning,M-401,OP-004,438,14,11,36.46,66.5
5502,2025-05-12,Line-D,Afternoon,M-402,OP-006,516,6,0,20.9,69.3
5503,2025-05-13,Line-A,Morning,M-102,OP-019,495,13,15,40.13,68.7
5504,2025-05-13,Line-A,Afternoon,M-101,OP-003,539,8,0,33.59,67.6
5505,2025-05-13,Line-A,Night,M-101,OP-013,529,11,0,35.37,64.5
5506,2025-05-13,Line-B,Morning,M-202,OP-010,517,16,6,35.78,69.6
5507,2025-05-13,Line-B,Afternoon,M-202,OP-011,531,5,15,22.96,74.8
5508,2025-05-13,Line-B,Night,M-201,OP-006,359,15,21,45.37,75.7
5509,2025-05-13,Line-C,Morning,M-301,OP-014,519,25,0,23.49,64.4
5510,2025-05-13,Line-C,Afternoon,M-303,OP-004,487,17,23,45.1,63.0
5511,2025-05-13,Line-C,Night,M-302,OP-015,412,6,7,35.05,64.4
5512,2025-05-13,Line-D,Morning,M-401,OP-001,436,10,24,37.14,69.9
5513,2025-05-13,Line-D,Afternoon,M-402,OP-005,487,12,7,28.63,60.9
5514,2025-05-13,Line-D,Night,M-401,OP-010,533,11,23,15.92,67.8
5515,2025-05-14,Line-A,Morning,M-101,OP-002,428,14,21,31.17,66.3
5516,2025-05-14,Line-A,Afternoon,M-101,OP-015,503,4,10,27.11,77.1
5517,2025-05-14,Line-A,Night,M-101,OP-019,568,16,0,34.32,68.8
5518,2025-05-14,Line-B,Morning,M-201,OP-020,553,27,34,43.17,60.8
5519,2025-05-14,Line-B,Afternoon,M-201,OP-016,433,21,52,39.25,67.8
5520,2025-05-14,Line-C,Morning,M-301,OP-017,383,12,28,33.26,69.6
5521,2025-05-14,Line-C,Afternoon,M-302,OP-013,573,6,0,35.31,72.0
5522,2025-05-14,Line-C,Night,M-301,OP-011,408,5,37,32.06,71.1
5523,2025-05-14,Line-D,Morning,M-402,OP-014,410,10,0,20.1,70.9
5524,2025-05-14,Line-D,Night,M-402,OP-015,566,9,3,38.55,67.2
5525,2025-05-15,Line-A,Morning,M-102,OP-010,476,17,6,26.73,71.3
5526,2025-05-15,Line-A,Afternoon,M-101,OP-016,437,7,0,30.93,68.3
5527,2025-05-15,Line-A,Night,M-102,OP-009,538,14,20,31.97,67.7
5528,2025-05-15,Line-B,Morning,M-202,OP-019,516,4,0,35.81,70.7
5529,2025-05-15,Line-B,Afternoon,M-202,OP-011,472,14,1,26.47,64.6
5530,2025-05-15,Line-B,Night,M-202,OP-006,514,1,0,31.45,63.2
5531,2025-05-15,Line-C,Morning,M-302,OP-020,440,0,21,26.56,63.6
5532,2025-05-15,Line-C,Afternoon,M-301,OP-014,402,6,0,39.71,58.5
5533,2025-05-15,Line-C,Night,M-301,OP-005,452,9,0,31.06,64.8
5534,2025-05-15,Line-D,Morning,M-401,OP-002,571,4,0,23.51,69.5
5535,2025-05-15,Line-D,Night,M-402,OP-008,472,12,19,26.82,66.0
5536,2025-05-16,Line-A,Morning,M-101,OP-003,456,17,22,39.46,71.4
5537,2025-05-16,Line-A,Afternoon,M-101,OP-004,476,4,15,29.7,67.6
5538,2025-05-16,Line-A,Night,M-102,OP-003,467,0,30,29.75,62.3
5539,2025-05-16,Line-B,Morning,M-202,OP-011,508,5,20,34.41,72.1
5540,2025-05-16,Line-B,Afternoon,M-201,OP-014,470,19,25,38.39,67.9
5541,2025-05-16,Line-B,Night,M-201,OP-004,467,17,17,41.46,66.3
5542,2025-05-16,Line-C,Morning,M-302,OP-017,411,11,38,34.81,65.1
5543,2025-05-16,Line-C,Afternoon,M-302,OP-013,476,16,0,33.91,62.2
5544,2025-05-16,Line-C,Night,M-303,OP-016,581,24,68,50.64,67.6
5545,2025-05-16,Line-D,Morning,M-401,OP-014,436,9,9,27.99,61.4
5546,2025-05-16,Line-D,Afternoon,M-402,OP-010,449,3,20,34.96,71.0
5547,2025-05-16,Line-D,Night,M-401,OP-001,500,5,15,33.96,65.7
5548,2025-05-17,Line-A,Morning,M-101,OP-012,487,8,36,34.26,70.4
5549,2025-05-17,Line-A,Afternoon,M-101,OP-017,376,7,9,29.18,61.7
5550,2025-05-17,Line-A,Night,M-101,OP-018,414,7,28,27.05,66.4
5551,2025-05-17,Line-B,Morning,M-201,OP-005,586,25,33,41.42,62.6
5552,2025-05-17,Line-B,Afternoon,M-201,OP-005,514,20,34,44.22,75.8
5553,2025-05-17,Line-B,Night,M-201,OP-001,400,21,48,38.81,70.4
5554,2025-05-17,Line-C,Morning,M-303,OP-003,578,22,38,44.02,70.1
5555,2025-05-17,Line-C,Night,M-301,OP-017,526,10,19,25.44,68.7
5556,2025-05-17,Line-D,Morning,M-402,OP-016,451,3,4,31.35,69.7
5557,2025-05-17,Line-D,Afternoon,M-402,OP-012,403,3,22,32.54,71.5
5558,2025-05-18,Line-A,Morning,M-102,OP-013,562,13,5,30.57,74.6
5559,2025-05-18,Line-A,Afternoon,M-101,OP-015,645,15,20,33.63,68.1
5560,2025-05-18,Line-A,Night,M-101,OP-012,549,15,17,28.41,61.9
5561,2025-05-18,Line-B,Morning,M-202,OP-009,523,11,0,24.35,70.6
5562,2025-05-18,Line-B,Afternoon,M-202,OP-018,383,8,24,32.75,66.4
5563,2025-05-18,Line-B,Night,M-202,OP-005,405,10,30,27.14,70.0
5564,2025-05-18,Line-C,Morning,M-303,OP-002,574,28,29,47.2,65.0
5565,2025-05-18,Line-C,Afternoon,M-303,OP-003,402,21,28,40.42,65.5
5566,2025-05-18,Line-C,Night,M-303,OP-015,451,27,59,50.97,72.4
5567,2025-05-18,Line-D,Morning,M-401,OP-004,507,2,9,40.78,66.3
5568,2025-05-18,Line-D,Afternoon,M-401,OP-015,570,11,0,33.2,73.1
5569,2025-05-18,Line-D,Night,M-402,OP-006,477,14,0,23.07,68.8
5570,2025-05-19,Line-A,Afternoon,M-101,OP-015,508,16,21,24.03,68.9
5571,2025-05-19,Line-A,Night,M-101,OP-019,516,0,11,28.32,65.4
5572,2025-05-19,Line-B,Morning,M-201,OP-001,509,17,41,44.8,72.3
5573,2025-05-19,Line-B,Afternoon,M-201,OP-005,412,12,39,40.57,79.6
5574,2025-05-19,Line-B,Night,M-201,OP-014,507,23,32,35.91,70.3
5575,2025-05-19,Line-C,Morning,M-301,OP-014,475,8,13,31.11,61.0
5576,2025-05-19,Line-C,Afternoon,M-303,OP-019,530,19,32,48.43,75.1
5577,2025-05-19,Line-D,Morning,M-401,OP-008,377,7,16,22.46,71.2
5578,2025-05-19,Line-D,Afternoon,M-402,OP-012,486,10,0,32.06,71.4
5579,2025-05-19,Line-D,Night,M-401,OP-019,487,6,5,31.1,68.2
5580,2025-05-20,Line-A,Morning,M-101,OP-011,534,7,0,31.8,66.1
5581,2025-05-20,Line-A,Afternoon,M-102,OP-009,527,10,21,24.93,68.6
5582,2025-05-20,Line-A,Night,M-102,OP-015,438,3,0,27.28,73.0
5583,2025-05-20,Line-B,Morning,M-202,OP-008,445,2,13,30.15,66.0
5584,2025-05-20,Line-B,Afternoon,M-202,OP-010,470,13,22,32.92,63.3
5585,2025-05-20,Line-B,Night,M-201,OP-019,653,36,42,36.18,71.8
5586,2025-05-20,Line-C,Morning,M-302,OP-019,449,7,0,23.79,69.8
5587,2025-05-20,Line-C,Afternoon,M-302,OP-020,540,13,21,29.68,66.4
5588,2025-05-20,Line-C,Night,M-301,OP-006,497,13,12,36.05,67.1
5589,2025-05-20,Line-D,Morning,M-402,OP-001,421,8,13,29.59,73.1
5590,2025-05-20,Line-D,Afternoon,M-401,OP-015,528,2,35,16.29,76.6
5591,2025-05-21,Line-A,Afternoon,M-102,OP-017,462,7,11,31.93,68.0
5592,2025-05-21,Line-A,Night,M-101,OP-007,471,15,20,25.21,71.0
5593,2025-05-21,Line-B,Morning,M-202,OP-005,511,6,23,29.21,67.1
5594,2025-05-21,Line-B,Afternoon,M-201,OP-005,465,10,27,45.57,67.9
5595,2025-05-21,Line-B,Night,M-201,OP-005,402,22,30,35.89,76.8
5596,2025-05-21,Line-C,Morning,M-302,OP-002,416,11,0,30.68,64.4
5597,2025-05-21,Line-C,Afternoon,M-301,OP-002,405,9,18,35.72,67.9
5598,2025-05-21,Line-C,Night,M-302,OP-018,613,13,20,23.21,65.5
5599,2025-05-21,Line-D,Morning,M-402,OP-017,511,9,14,25.92,68.5
5600,2025-05-21,Line-D,Afternoon,M-402,OP-012,487,3,21,21.5,68.7
5601,2025-05-21,Line-D,Night,M-402,OP-017,585,15,22,25.51,75.1
5602,2025-05-22,Line-A,Morning,M-101,OP-018,562,5,4,36.27,75.2
5603,2025-05-22,Line-A,Afternoon,M-101,OP-002,404,3,9,19.14,68.1
5604,2025-05-22,Line-A,Night,M-102,OP-010,551,2,13,27.09,74.6
5605,2025-05-22,Line-B,Morning,M-202,OP-003,445,15,3,33.86,69.0
5606,2025-05-22,Line-B,Afternoon,M-202,OP-004,471,5,16,27.8,65.2
5607,2025-05-22,Line-B,Night,M-202,OP-006,568,13,21,28.04,67.3
5608,2025-05-22,Line-C,Morning,M-303,OP-019,465,22,44,41.85,64.8
5609,2025-05-22,Line-C,Afternoon,M-301,OP-001,525,10,0,19.32,69.2
5610,2025-05-22,Line-C,Night,M-303,OP-019,430,21,23,42.67,66.5
5611,2025-05-22,Line-D,Morning,M-402,OP-001,585,16,32,30.12,71.3
5612,2025-05-22,Line-D,Afternoon,M-401,OP-016,485,16,10,23.01,60.0
5613,2025-05-22,Line-D,Night,M-401,OP-002,580,13,20,37.45,61.4
5614,2025-05-23,Line-A,Morning,M-101,OP-001,458,7,23,26.54,63.2
5615,2025-05-23,Line-A,Afternoon,M-102,OP-003,407,12,0,27.24,70.5
5616,2025-05-23,Line-A,Night,M-102,OP-003,438,0,0,29.72,70.0
5617,2025-05-23,Line-B,Morning,M-201,OP-005,467,23,10,34.27,77.0
5618,2025-05-23,Line-B,Afternoon,M-201,OP-005,553,29,25,40.81,68.0
5619,2025-05-23,Line-B,Night,M-201,OP-004,558,27,42,41.16,71.2
5620,2025-05-23,Line-C,Morning,M-303,OP-015,498,23,23,41.43,63.7
5621,2025-05-23,Line-C,Afternoon,M-303,OP-005,477,22,0,40.85,63.3
5622,2025-05-23,Line-D,Morning,M-401,OP-004,509,12,5,32.75,70.4
5623,2025-05-23,Line-D,Afternoon,M-402,OP-004,466,16,1,37.36,67.1
5624,2025-05-23,Line-D,Night,M-401,OP-002,429,6,0,33.92,61.6
5625,2025-05-24,Line-A,Morning,M-101,OP-015,563,5,24,30.12,69.1
5626,2025-05-24,Line-A,Afternoon,M-102,OP-017,444,10,14,22.71,64.1
5627,2025-05-24,Line-A,Night,M-101,OP-007,447,5,30,30.04,64.9
5628,2025-05-24,Line-B,Morning,M-201,OP-002,450,18,30,36.62,64.7
5629,2025-05-24,Line-B,Afternoon,M-201,OP-014,525,25,32,42.01,67.8
5630,2025-05-24,Line-B,Night,M-201,OP-018,467,23,41,34.14,67.5
5631,2025-05-24,Line-C,Afternoon,M-303,OP-010,389,20,46,38.95,67.5
5632,2025-05-24,Line-C,Night,M-301,OP-005,353,10,22,35.75,73.9
5633,2025-05-24,Line-D,Morning,M-402,OP-006,406,11,34,22.53,67.3
5634,2025-05-24,Line-D,Afternoon,M-402,OP-001,458,12,0,39.08,67.5
5635,2025-05-24,Line-D,Night,M-402,OP-017,534,9,19,18.39,66.5
5636,2025-05-25,Line-A,Morning,M-102,OP-001,530,11,0,30.31,64.7
5637,2025-05-25,Line-A,Afternoon,M-102,OP-005,425,1,21,35.57,76.5
5638,2025-05-25,Line-A,Night,M-102,OP-013,391,10,24,27.1,64.3
5639,2025-05-25,Line-B,Morning,M-201,OP-012,414,16,38,48.8,72.4
5640,2025-05-25,Line-B,Afternoon,M-202,OP-013,383,4,31,26.34,67.8
5641,2025-05-25,Line-B,Night,M-201,OP-001,377,21,6,33.79,72.2
5642,2025-05-25,Line-C,Morning,M-301,OP-019,595,9,11,34.54,69.2
5643,2025-05-25,Line-C,Afternoon,M-301,OP-019,457,6,0,31.16,67.6
5644,2025-05-25,Line-C,Night,M-301,OP-004,453,4,0,33.09,71.5
5645,2025-05-25,Line-D,Morning,M-402,OP-004,460,6,0,34.68,68.1
5646,2025-05-25,Line-D,Afternoon,M-401,OP-014,502,11,7,24.17,64.0
5647,2025-05-25,Line-D,Night,M-402,OP-018,547,6,5,24.33,63.1
5648,2025-05-26,Line-A,Morning,M-102,OP-005,433,15,21,27.37,72.3
5649,2025-05-26,Line-A,Afternoon,M-101,OP-009,470,15,45,35.14,68.4
5650,2025-05-26,Line-A,Night,M-101,OP-001,521,9,0,26.73,64.2
5651,2025-05-26,Line-B,Morning,M-202,OP-002,439,16,28,32.2,71.2
5652,2025-05-26,Line-B,Afternoon,M-202,OP-020,366,9,26,18.8,71.1
5653,2025-05-26,Line-B,Night,M-201,OP-018,394,10,54,36.96,65.1
5654,2025-05-26,Line-C,Morning,M-301,OP-006,539,8,9,28.99,69.4
5655,2025-05-26,Line-C,Afternoon,M-301,OP-015,466,9,4,31.76,69.3
5656,2025-05-26,Line-C,Night,M-301,OP-014,593,8,9,31.19,71.9
5657,2025-05-26,Line-D,Morning,M-401,OP-014,414,8,0,28.64,72.3
5658,2025-05-26,Line-D,Afternoon,M-401,OP-010,436,9,4,25.7,71.9
5659,2025-05-26,Line-D,Night,M-401,OP-011,417,9,16,25.74,68.6
5660,2025-05-27,Line-A,Morning,M-101,OP-001,423,10,0,28.3,67.0
5661,2025-05-27,Line-A,Afternoon,M-102,OP-002,546,11,26,32.77,70.2
5662,2025-05-27,Line-A,Night,M-101,OP-001,460,13,6,21.35,67.1
5663,2025-05-27,Line-B,Morning,M-202,OP-016,507,1,0,23.85,71.1
5664,2025-05-27,Line-B,Afternoon,M-202,OP-012,580,9,19,32.53,74.2
5665,2025-05-27,Line-B,Night,M-202,OP-020,440,7,6,30.38,78.0
5666,2025-05-27,Line-C,Afternoon,M-303,OP-012,481,18,17,48.26,64.6
5667,2025-05-27,Line-C,Night,M-302,OP-006,519,6,0,33.03,65.5
5668,2025-05-27,Line-D,Morning,M-402,OP-016,505,12,20,28.66,70.7
5669,2025-05-27,Line-D,Afternoon,M-401,OP-009,424,0,22,30.83,65.6
5670,2025-05-27,Line-D,Night,M-401,OP-004,391,0,12,38.24,67.4
5671,2025-05-28,Line-A,Night,M-101,OP-002,458,8,44,33.76,64.3
5672,2025-05-28,Line-B,Morning,M-202,OP-018,481,10,0,33.8,64.7
5673,2025-05-28,Line-B,Afternoon,M-202,OP-013,389,7,10,29.99,64.9
5674,2025-05-28,Line-B,Night,M-201,OP-016,442,25,41,37.22,60.2
5675,2025-05-28,Line-C,Morning,M-303,OP-002,425,20,25,38.45,65.6
5676,2025-05-28,Line-C,Afternoon,M-303,OP-004,475,25,34,42.31,67.1
5677,2025-05-28,Line-C,Night,M-303,OP-012,450,24,46,52.23,70.4
5678,2025-05-28,Line-D,Morning,M-401,OP-019,450,4,26,25.93,71.2
5679,2025-05-28,Line-D,Night,M-402,OP-002,434,9,0,33.9,63.1
5680,2025-05-29,Line-A,Morning,M-101,OP-017,496,8,13,28.02,66.3
5681,2025-05-29,Line-A,Night,M-101,OP-002,489,4,0,28.21,66.4
5682,2025-05-29,Line-B,Morning,M-201,OP-011,419,23,29,40.87,62.7
5683,2025-05-29,Line-C,Morning,M-302,OP-017,604,26,0,36.13,67.6
5684,2025-05-29,Line-C,Afternoon,M-302,OP-010,576,12,13,17.5,64.5
5685,2025-05-29,Line-C,Night,M-302,OP-006,481,10,0,26.36,70.2
5686,2025-05-29,Line-D,Morning,M-401,OP-001,397,8,30,31.93,69.3
5687,2025-05-29,Line-D,Night,M-402,OP-018,358,4,42,27.0,73.1
5688,2025-05-30,Line-A,Morning,M-102,OP-015,443,7,19,30.5,69.5
5689,2025-05-30,Line-A,Afternoon,M-102,OP-020,430,3,0,27.34,67.1
5690,2025-05-30,Line-A,Night,M-101,OP-007,542,10,19,30.71,63.5
5691,2025-05-30,Line-B,Morning,M-201,OP-011,481,22,46,36.66,59.8
5692,2025-05-30,Line-B,Afternoon,M-201,OP-020,490,24,32,42.14,71.5
5693,2025-05-30,Line-B,Night,M-202,OP-009,452,7,13,23.9,67.4
5694,2025-05-30,Line-C,Morning,M-302,OP-014,476,16,7,31.0,71.7
5695,2025-05-30,Line-C,Afternoon,M-301,OP-012,429,14,38,29.86,65.8
5696,2025-05-30,Line-C,Night,M-303,OP-008,577,31,36,49.13,73.3
5697,2025-05-30,Line-D,Morning,M-402,OP-001,459,9,20,30.14,62.4
5698,2025-05-30,Line-D,Night,M-402,OP-014,423,2,19,24.08,68.8
5699,2025-05-31,Line-A,Morning,M-102,OP-011,589,19,0,23.61,64.9
5700,2025-05-31,Line-A,Afternoon,M-101,OP-003,409,1,11,33.53,71.8
5701,2025-05-31,Line-A,Night,M-101,OP-015,451,7,17,29.46,71.2
5702,2025-05-31,Line-B,Morning,M-202,OP-004,505,7,0,37.5,65.3
5703,2025-05-31,Line-B,Afternoon,M-201,OP-001,501,13,34,42.5,68.6
5704,2025-05-31,Line-B,Night,M-202,OP-019,660,8,24,32.62,65.3
5705,2025-05-31,Line-C,Morning,M-303,OP-003,528,23,48,51.8,68.6
5706,2025-05-31,Line-C,Afternoon,M-303,OP-009,463,26,55,37.58,66.2
5707,2025-05-31,Line-C,Night,M-302,OP-008,520,9,0,32.7,70.7
5708,2025-05-31,Line-D,Morning,M-401,OP-011,459,9,3,24.52,66.0
5709,2025-05-31,Line-D,Afternoon,M-401,OP-009,484,2,5,30.44,72.8
5710,2025-05-31,Line-D,Night,M-401,OP-019,461,3,8,27.17,70.2
5711,2025-06-01,Line-A,Morning,M-102,OP-013,459,0,67,30.71,68.4
5712,2025-06-01,Line-A,Afternoon,M-102,OP-008,387,1,10,31.68,70.8
5713,2025-06-01,Line-A,Night,M-101,OP-015,494,3,0,29.5,65.9
5714,2025-06-01,Line-B,Morning,M-201,OP-014,404,22,11,45.08,62.4
5715,2025-06-01,Line-B,Afternoon,M-202,OP-004,488,13,6,38.45,75.7
5716,2025-06-01,Line-B,Night,M-202,OP-004,494,12,27,32.72,69.7
5717,2025-06-01,Line-C,Morning,M-302,OP-010,448,1,0,41.91,69.3
5718,2025-06-01,Line-C,Afternoon,M-302,OP-016,465,14,0,32.92,68.3
5719,2025-06-01,Line-C,Night,M-301,OP-008,507,7,0,25.89,64.9
5720,2025-06-01,Line-D,Morning,M-402,OP-014,479,1,0,30.68,67.5
5721,2025-06-01,Line-D,Afternoon,M-402,OP-019,491,9,49,30.63,66.5
5722,2025-06-01,Line-D,Night,M-401,OP-020,486,14,11,33.42,69.6
5723,2025-06-02,Line-A,Morning,M-101,OP-003,462,9,35,31.22,64.1
5724,2025-06-02,Line-A,Afternoon,M-102,OP-006,460,0,14,36.56,62.6
5725,2025-06-02,Line-A,Night,M-101,OP-001,488,14,28,36.4,60.5
5726,2025-06-02,Line-B,Morning,M-201,OP-017,510,15,20,46.11,68.6
5727,2025-06-02,Line-B,Afternoon,M-201,OP-004,523,19,57,45.44,71.6
5728,2025-06-02,Line-B,Night,M-201,OP-006,415,24,30,38.94,70.5
5729,2025-06-02,Line-C,Morning,M-303,OP-001,514,19,65,51.07,70.4
5730,2025-06-02,Line-C,Afternoon,M-303,OP-009,505,24,11,42.56,68.4
5731,2025-06-02,Line-C,Night,M-303,OP-003,445,19,0,36.51,71.7
5732,2025-06-02,Line-D,Morning,M-402,OP-005,583,5,14,35.49,65.9
5733,2025-06-02,Line-D,Afternoon,M-401,OP-015,520,9,29,23.59,63.6
5734,2025-06-02,Line-D,Night,M-402,OP-017,496,9,11,32.88,64.3
5735,2025-06-03,Line-A,Afternoon,M-101,OP-018,397,5,6,28.58,73.1
5736,2025-06-03,Line-A,Night,M-102,OP-010,526,12,15,27.83,64.6
5737,2025-06-03,Line-B,Morning,M-201,OP-004,408,16,34,36.23,68.7
5738,2025-06-03,Line-B,Afternoon,M-202,OP-017,468,7,29,17.7,66.5
5739,2025-06-03,Line-B,Night,M-201,OP-019,338,16,46,35.24,63.1
5740,2025-06-03,Line-C,Morning,M-303,OP-012,378,17,29,40.61,66.5
5741,2025-06-03,Line-C,Afternoon,M-301,OP-018,421,12,16,24.08,65.2
5742,2025-06-03,Line-C,Night,M-301,OP-009,427,14,22,29.37,74.8
5743,2025-06-03,Line-D,Morning,M-402,OP-016,567,9,5,28.19,64.2
5744,2025-06-03,Line-D,Afternoon,M-401,OP-006,584,5,25,33.45,66.8
5745,2025-06-03,Line-D,Night,M-402,OP-019,588,1,10,27.55,71.8
5746,2025-06-04,Line-A,Morning,M-102,OP-003,501,0,30,32.43,63.9
5747,2025-06-04,Line-A,Afternoon,M-101,OP-006,459,2,9,30.75,66.7
5748,2025-06-04,Line-A,Night,M-102,OP-019,452,1,17,20.38,68.1
5749,2025-06-04,Line-B,Morning,M-201,OP-020,372,17,34,44.02,71.4
5750,2025-06-04,Line-B,Afternoon,M-201,OP-015,542,16,34,52.05,68.5
5751,2025-06-04,Line-B,Night,M-202,OP-019,430,7,6,24.12,71.5
5752,2025-06-04,Line-C,Morning,M-303,OP-016,515,16,33,39.17,61.6
5753,2025-06-04,Line-C,Afternoon,M-301,OP-009,395,2,11,27.71,64.2
5754,2025-06-04,Line-D,Morning,M-401,OP-009,456,12,17,35.01,67.1
5755,2025-06-04,Line-D,Afternoon,M-401,OP-019,576,12,4,30.46,63.0
5756,2025-06-04,Line-D,Night,M-402,OP-014,461,10,21,27.95,78.9
5757,2025-06-05,Line-A,Afternoon,M-101,OP-006,469,1,30,33.04,68.9
5758,2025-06-05,Line-A,Night,M-101,OP-011,452,10,36,31.01,62.1
5759,2025-06-05,Line-B,Morning,M-202,OP-004,272,6,0,29.5,64.8
5760,2025-06-05,Line-B,Afternoon,M-202,OP-019,427,4,1,33.88,70.3
5761,2025-06-05,Line-B,Night,M-202,OP-006,407,3,17,35.26,72.1
5762,2025-06-05,Line-C,Morning,M-301,OP-020,419,12,0,28.99,69.9
5763,2025-06-05,Line-C,Afternoon,M-303,OP-010,355,23,54,45.24,64.1
5764,2025-06-05,Line-C,Night,M-302,OP-013,475,12,0,29.1,71.6
5765,2025-06-05,Line-D,Morning,M-402,OP-020,390,8,0,25.28,66.0
5766,2025-06-05,Line-D,Afternoon,M-402,OP-015,510,6,13,26.56,65.9
5767,2025-06-05,Line-D,Night,M-401,OP-003,555,4,23,29.99,65.7
5768,2025-06-06,Line-A,Morning,M-101,OP-018,406,3,0,29.25,70.4
5769,2025-06-06,Line-A,Afternoon,M-102,OP-005,461,7,10,32.38,70.6
5770,2025-06-06,Line-A,Night,M-102,OP-019,396,6,30,23.42,68.3
5771,2025-06-06,Line-B,Morning,M-202,OP-009,469,6,35,30.18,74.0
5772,2025-06-06,Line-B,Afternoon,M-201,OP-001,480,24,26,39.17,69.6
5773,2025-06-06,Line-B,Night,M-201,OP-009,505,26,40,35.32,64.8
5774,2025-06-06,Line-C,Morning,M-303,OP-017,530,13,39,41.44,71.4
5775,2025-06-06,Line-C,Afternoon,M-301,OP-014,504,6,1,27.39,70.3
5776,2025-06-06,Line-C,Night,M-302,OP-013,341,7,0,30.95,69.4
5777,2025-06-06,Line-D,Morning,M-402,OP-020,380,6,14,30.44,67.5
5778,2025-06-06,Line-D,Afternoon,M-402,OP-001,406,3,0,32.77,67.5
5779,2025-06-06,Line-D,Night,M-401,OP-003,476,0,11,33.17,60.6
5780,2025-06-07,Line-A,Morning,M-101,OP-004,447,1,5,25.5,69.5
5781,2025-06-07,Line-A,Afternoon,M-101,OP-012,490,15,11,31.69,65.8
5782,2025-06-07,Line-A,Night,M-101,OP-007,413,11,30,33.53,68.5
5783,2025-06-07,Line-B,Morning,M-201,OP-008,421,24,43,52.12,63.4
5784,2025-06-07,Line-B,Afternoon,M-202,OP-001,531,12,6,36.82,69.6
5785,2025-06-07,Line-B,Night,M-201,OP-002,423,19,20,39.66,70.8
5786,2025-06-07,Line-C,Morning,M-302,OP-018,539,11,0,31.91,70.9
5787,2025-06-07,Line-C,Afternoon,M-302,OP-011,361,7,9,34.77,69.5
5788,2025-06-07,Line-C,Night,M-303,OP-001,509,20,35,46.72,67.7
5789,2025-06-07,Line-D,Morning,M-402,OP-009,490,1,10,19.94,65.9
5790,2025-06-07,Line-D,Afternoon,M-402,OP-005,483,12,0,31.87,73.9
5791,2025-06-07,Line-D,Night,M-401,OP-014,441,1,16,24.04,64.7
5792,2025-06-08,Line-A,Morning,M-101,OP-007,535,20,0,26.31,66.2
5793,2025-06-08,Line-A,Afternoon,M-102,OP-001,447,17,4,28.06,74.5
5794,2025-06-08,Line-A,Night,M-102,OP-013,514,14,0,27.35,63.8
5795,2025-06-08,Line-B,Morning,M-202,OP-016,528,16,3,28.18,66.7
5796,2025-06-08,Line-B,Afternoon,M-201,OP-017,387,15,46,37.62,68.4
5797,2025-06-08,Line-B,Night,M-202,OP-020,401,7,3,23.89,71.2
5798,2025-06-08,Line-C,Morning,M-303,OP-002,530,19,31,42.22,60.7
5799,2025-06-08,Line-C,Afternoon,M-303,OP-001,396,23,19,48.29,62.6
5800,2025-06-08,Line-C,Night,M-302,OP-018,519,8,9,39.28,63.0
5801,2025-06-08,Line-D,Morning,M-402,OP-003,515,12,62,24.61,65.5
5802,2025-06-08,Line-D,Afternoon,M-402,OP-017,528,8,5,34.79,66.9
5803,2025-06-08,Line-D,Night,M-401,OP-008,426,11,17,28.44,66.6
5804,2025-06-09,Line-A,Morning,M-101,OP-013,425,11,6,26.15,62.9
5805,2025-06-09,Line-A,Afternoon,M-102,OP-018,503,6,0,23.98,67.1
5806,2025-06-09,Line-A,Night,M-101,OP-019,467,7,6,22.62,64.5
5807,2025-06-09,Line-B,Morning,M-202,OP-010,551,16,20,32.45,71.6
5808,2025-06-09,Line-B,Afternoon,M-202,OP-019,412,8,0,24.49,69.5
5809,2025-06-09,Line-B,Night,M-201,OP-011,536,23,59,43.06,64.9
5810,2025-06-09,Line-C,Morning,M-302,OP-011,414,12,13,33.38,57.4
5811,2025-06-09,Line-C,Afternoon,M-301,OP-004,494,6,0,29.69,72.4
5812,2025-06-09,Line-C,Night,M-301,OP-020,615,13,1,26.15,71.9
5813,2025-06-09,Line-D,Morning,M-401,OP-016,420,10,16,30.92,61.7
5814,2025-06-09,Line-D,Afternoon,M-401,OP-013,458,2,3,34.59,72.9
5815,2025-06-09,Line-D,Night,M-401,OP-012,492,6,35,27.08,63.5
5816,2025-06-10,Line-A,Morning,M-102,OP-003,521,12,3,30.5,69.8
5817,2025-06-10,Line-A,Afternoon,M-101,OP-008,492,11,4,32.63,68.1
5818,2025-06-10,Line-A,Night,M-102,OP-007,451,7,10,22.77,65.5
5819,2025-06-10,Line-B,Morning,M-201,OP-014,483,15,25,53.92,63.5
5820,2025-06-10,Line-B,Afternoon,M-201,OP-004,456,17,33,37.93,67.0
5821,2025-06-10,Line-B,Night,M-202,OP-011,436,12,13,24.99,71.4
5822,2025-06-10,Line-C,Morning,M-301,OP-013,422,1,11,39.54,60.7
5823,2025-06-10,Line-C,Afternoon,M-301,OP-001,400,10,2,33.06,64.7
5824,2025-06-10,Line-C,Night,M-303,OP-019,488,30,17,47.12,70.7
5825,2025-06-10,Line-D,Morning,M-401,OP-010,390,9,13,30.46,69.3
5826,2025-06-10,Line-D,Afternoon,M-402,OP-006,458,9,15,33.73,61.9
5827,2025-06-11,Line-A,Morning,M-102,OP-009,557,4,23,30.4,62.9
5828,2025-06-11,Line-A,Afternoon,M-102,OP-014,511,4,28,26.45,62.0
5829,2025-06-11,Line-A,Night,M-101,OP-011,572,11,25,25.74,60.4
5830,2025-06-11,Line-B,Morning,M-202,OP-006,580,10,19,33.28,66.7
5831,2025-06-11,Line-B,Night,M-202,OP-011,493,17,11,34.71,60.0
5832,2025-06-11,Line-C,Morning,M-302,OP-016,547,2,27,31.95,67.6
5833,2025-06-11,Line-C,Afternoon,M-302,OP-018,474,7,0,28.97,76.8
5834,2025-06-11,Line-C,Night,M-303,OP-015,558,20,39,42.48,67.4
5835,2025-06-11,Line-D,Morning,M-402,OP-011,419,9,24,25.83,75.8
5836,2025-06-11,Line-D,Afternoon,M-401,OP-017,571,13,0,32.01,69.1
5837,2025-06-11,Line-D,Night,M-401,OP-014,510,17,9,40.24,69.6
5838,2025-06-12,Line-A,Morning,M-102,OP-009,462,19,24,27.73,68.3
5839,2025-06-12,Line-A,Afternoon,M-102,OP-005,518,9,14,25.91,61.3
5840,2025-06-12,Line-A,Night,M-101,OP-014,486,9,19,27.12,62.6
5841,2025-06-12,Line-B,Morning,M-202,OP-002,422,12,2,27.79,66.8
5842,2025-06-12,Line-B,Afternoon,M-202,OP-020,442,5,0,37.0,70.7
5843,2025-06-12,Line-B,Night,M-201,OP-002,554,33,0,43.72,65.7
5844,2025-06-12,Line-C,Afternoon,M-302,OP-006,547,6,0,22.83,66.8
5845,2025-06-12,Line-C,Night,M-301,OP-006,534,11,0,40.76,70.6
5846,2025-06-12,Line-D,Morning,M-401,OP-015,526,16,0,25.44,71.3
5847,2025-06-12,Line-D,Afternoon,M-402,OP-016,431,7,10,23.61,66.6
5848,2025-06-12,Line-D,Night,M-401,OP-011,534,14,28,35.05,69.6
5849,2025-06-13,Line-A,Morning,M-102,OP-001,499,10,2,24.85,65.2
5850,2025-06-13,Line-A,Afternoon,M-101,OP-009,460,5,18,31.01,69.2
5851,2025-06-13,Line-A,Night,M-101,OP-003,501,15,11,35.04,70.1
5852,2025-06-13,Line-B,Morning,M-202,OP-018,547,19,20,30.52,68.4
5853,2025-06-13,Line-B,Afternoon,M-202,OP-002,451,6,25,25.18,74.5
5854,2025-06-13,Line-C,Morning,M-303,OP-001,470,35,24,43.25,66.6
5855,2025-06-13,Line-C,Afternoon,M-303,OP-017,432,24,18,38.62,70.3
5856,2025-06-13,Line-C,Night,M-302,OP-016,524,2,20,30.64,64.3
5857,2025-06-13,Line-D,Morning,M-401,OP-007,432,0,37,35.08,62.8
5858,2025-06-13,Line-D,Afternoon,M-401,OP-019,527,6,25,27.52,66.5
5859,2025-06-13,Line-D,Night,M-402,OP-015,462,5,32,34.49,68.4
5860,2025-06-14,Line-A,Morning,M-101,OP-009,541,1,0,32.37,70.9
5861,2025-06-14,Line-A,Afternoon,M-102,OP-009,496,0,0,32.08,77.7
5862,2025-06-14,Line-A,Night,M-102,OP-003,553,19,17,31.66,63.9
5863,2025-06-14,Line-B,Morning,M-201,OP-006,537,24,45,42.15,69.1
5864,2025-06-14,Line-B,Night,M-201,OP-016,474,22,50,35.67,62.0
5865,2025-06-14,Line-C,Morning,M-302,OP-012,505,16,37,23.88,66.4
5866,2025-06-14,Line-C,Afternoon,M-303,OP-013,391,15,51,41.94,66.5
5867,2025-06-14,Line-C,Night,M-303,OP-002,512,19,58,42.04,66.4
5868,2025-06-14,Line-D,Morning,M-402,OP-006,515,14,35,28.95,72.3
5869,2025-06-14,Line-D,Afternoon,M-402,OP-017,486,6,0,24.52,65.0
5870,2025-06-14,Line-D,Night,M-401,OP-004,546,14,0,21.27,63.6
5871,2025-06-15,Line-A,Morning,M-101,OP-017,433,6,29,27.26,74.7
5872,2025-06-15,Line-A,Afternoon,M-102,OP-012,379,6,23,34.24,66.7
5873,2025-06-15,Line-A,Night,M-102,OP-002,540,14,1,31.57,70.8
5874,2025-06-15,Line-B,Afternoon,M-202,OP-010,443,15,0,30.72,63.0
5875,2025-06-15,Line-B,Night,M-202,OP-015,486,4,7,22.07,71.2
5876,2025-06-15,Line-C,Morning,M-301,OP-007,501,14,6,35.67,68.2
5877,2025-06-15,Line-C,Afternoon,M-301,OP-004,486,19,4,36.14,69.9
5878,2025-06-15,Line-C,Night,M-301,OP-005,445,2,0,35.65,74.9
5879,2025-06-15,Line-D,Morning,M-402,OP-010,485,9,23,30.37,72.4
5880,2025-06-15,Line-D,Afternoon,M-402,OP-020,497,10,1,25.27,55.4
5881,2025-06-15,Line-D,Night,M-401,OP-015,554,9,5,20.24,65.4
5882,2025-06-16,Line-A,Morning,M-102,OP-007,433,4,16,30.61,62.6
5883,2025-06-16,Line-A,Afternoon,M-102,OP-006,402,2,39,37.46,64.6
5884,2025-06-16,Line-A,Night,M-101,OP-007,361,7,12,31.58,71.0
5885,2025-06-16,Line-B,Morning,M-202,OP-006,507,3,16,34.27,65.1
5886,2025-06-16,Line-B,Afternoon,M-202,OP-012,497,6,41,23.37,72.6
5887,2025-06-16,Line-B,Night,M-201,OP-003,379,24,17,42.95,61.5
5888,2025-06-16,Line-C,Morning,M-302,OP-008,399,11,27,31.2,71.0
5889,2025-06-16,Line-C,Afternoon,M-302,OP-011,542,6,0,29.93,65.7
5890,2025-06-16,Line-C,Night,M-301,OP-002,503,12,1,33.52,70.6
5891,2025-06-16,Line-D,Morning,M-401,OP-011,523,7,23,32.6,70.6
5892,2025-06-16,Line-D,Afternoon,M-401,OP-009,580,12,2,24.45,72.5
5893,2025-06-16,Line-D,Night,M-401,OP-011,501,17,0,34.55,67.0
5894,2025-06-17,Line-A,Morning,M-102,OP-001,458,5,25,33.07,63.4
5895,2025-06-17,Line-A,Night,M-101,OP-017,489,12,14,35.54,66.8
5896,2025-06-17,Line-B,Afternoon,M-202,OP-016,344,7,14,31.56,72.4
5897,2025-06-17,Line-B,Night,M-201,OP-014,362,15,21,35.96,67.7
5898,2025-06-17,Line-C,Morning,M-301,OP-009,522,11,1,29.27,71.7
5899,2025-06-17,Line-C,Afternoon,M-303,OP-012,520,21,25,33.42,66.3
5900,2025-06-17,Line-C,Night,M-302,OP-002,375,15,0,35.54,75.3
5901,2025-06-17,Line-D,Morning,M-401,OP-018,492,8,0,27.48,74.4
5902,2025-06-17,Line-D,Afternoon,M-401,OP-016,501,9,31,33.48,67.4
5903,2025-06-17,Line-D,Night,M-401,OP-015,492,5,3,28.97,70.2
5904,2025-06-18,Line-A,Morning,M-101,OP-001,405,8,6,25.5,66.5
5905,2025-06-18,Line-A,Afternoon,M-102,OP-008,340,4,0,28.6,58.9
5906,2025-06-18,Line-A,Night,M-101,OP-005,491,13,10,32.49,65.9
5907,2025-06-18,Line-B,Morning,M-202,OP-018,386,7,22,23.38,66.1
5908,2025-06-18,Line-B,Afternoon,M-202,OP-019,465,22,15,20.47,59.4
5909,2025-06-18,Line-B,Night,M-201,OP-020,523,37,30,40.3,69.7
5910,2025-06-18,Line-C,Afternoon,M-302,OP-016,432,0,27,26.93,72.2
5911,2025-06-18,Line-C,Night,M-301,OP-016,434,8,24,35.35,68.9
5912,2025-06-18,Line-D,Morning,M-402,OP-005,490,12,18,23.54,62.9
5913,2025-06-18,Line-D,Afternoon,M-401,OP-002,353,9,6,34.1,69.6
5914,2025-06-18,Line-D,Night,M-402,OP-009,419,7,5,26.95,71.7
5915,2025-06-19,Line-A,Morning,M-101,OP-007,630,18,11,36.3,74.9
5916,2025-06-19,Line-A,Afternoon,M-101,OP-019,396,12,23,35.94,71.3
5917,2025-06-19,Line-A,Night,M-101,OP-008,466,18,17,27.83,70.0
5918,2025-06-19,Line-B,Morning,M-201,OP-005,538,25,40,42.44,65.4
5919,2025-06-19,Line-B,Afternoon,M-202,OP-001,430,2,34,28.88,54.3
5920,2025-06-19,Line-B,Night,M-201,OP-019,503,25,7,37.84,64.5
5921,2025-06-19,Line-C,Morning,M-301,OP-017,435,13,9,27.86,72.5
5922,2025-06-19,Line-C,Afternoon,M-301,OP-019,509,0,2,31.61,64.3
5923,2025-06-19,Line-C,Night,M-301,OP-006,601,11,0,24.39,71.7
5924,2025-06-19,Line-D,Morning,M-401,OP-004,441,10,0,30.35,65.5
5925,2025-06-19,Line-D,Night,M-401,OP-001,461,5,27,27.54,67.4
5926,2025-06-20,Line-A,Afternoon,M-102,OP-014,474,16,25,33.95,61.7
5927,2025-06-20,Line-A,Night,M-101,OP-001,440,13,0,30.42,63.7
5928,2025-06-20,Line-B,Morning,M-202,OP-013,422,15,22,34.92,71.1
5929,2025-06-20,Line-B,Afternoon,M-201,OP-010,471,18,28,41.04,75.1
5930,2025-06-20,Line-B,Night,M-202,OP-003,399,5,0,35.28,75.4
5931,2025-06-20,Line-C,Morning,M-303,OP-008,498,24,36,44.19,71.1
5932,2025-06-20,Line-C,Afternoon,M-302,OP-011,505,12,23,21.11,68.0
5933,2025-06-20,Line-C,Night,M-303,OP-003,498,24,32,42.8,65.1
5934,2025-06-20,Line-D,Morning,M-401,OP-016,373,10,0,29.2,65.0
5935,2025-06-20,Line-D,Afternoon,M-401,OP-007,575,10,7,33.74,76.6
5936,2025-06-20,Line-D,Night,M-402,OP-019,504,7,22,22.14,68.2
5937,2025-06-21,Line-A,Morning,M-101,OP-002,599,12,13,30.1,66.4
5938,2025-06-21,Line-A,Night,M-101,OP-015,498,13,7,17.55,69.9
5939,2025-06-21,Line-B,Morning,M-202,OP-006,607,9,0,33.39,75.0
5940,2025-06-21,Line-B,Night,M-202,OP-011,511,18,23,33.53,65.9
5941,2025-06-21,Line-C,Morning,M-303,OP-013,497,22,34,40.73,68.9
5942,2025-06-21,Line-C,Afternoon,M-301,OP-011,402,10,0,28.75,69.3
5943,2025-06-21,Line-D,Morning,M-402,OP-014,424,0,6,22.84,70.8
5944,2025-06-21,Line-D,Afternoon,M-402,OP-014,410,13,11,30.3,60.1
5945,2025-06-21,Line-D,Night,M-401,OP-001,488,8,0,30.44,66.4
5946,2025-06-22,Line-A,Morning,M-102,OP-012,466,9,4,31.23,67.7
5947,2025-06-22,Line-A,Afternoon,M-101,OP-003,508,6,0,26.46,73.8
5948,2025-06-22,Line-A,Night,M-101,OP-010,537,16,31,27.67,69.2
5949,2025-06-22,Line-B,Afternoon,M-202,OP-004,484,12,7,30.46,68.3
5950,2025-06-22,Line-B,Night,M-202,OP-020,511,13,13,30.62,68.9
5951,2025-06-22,Line-C,Morning,M-303,OP-020,578,16,20,45.37,69.1
5952,2025-06-22,Line-C,Night,M-301,OP-014,495,12,15,27.2,70.5
5953,2025-06-22,Line-D,Morning,M-401,OP-010,481,7,22,33.26,68.9
5954,2025-06-22,Line-D,Afternoon,M-402,OP-018,583,18,27,42.83,67.4
5955,2025-06-22,Line-D,Night,M-402,OP-006,452,12,8,30.06,64.1
5956,2025-06-23,Line-A,Morning,M-102,OP-001,516,2,10,29.92,66.3
5957,2025-06-23,Line-A,Afternoon,M-102,OP-018,374,0,0,32.7,69.2
5958,2025-06-23,Line-A,Night,M-101,OP-016,479,4,17,21.0,58.4
5959,2025-06-23,Line-B,Morning,M-202,OP-020,465,6,27,30.79,74.6
5960,2025-06-23,Line-C,Morning,M-302,OP-006,447,10,8,36.91,67.2
5961,2025-06-23,Line-C,Afternoon,M-301,OP-019,531,4,5,29.58,73.1
5962,2025-06-23,Line-C,Night,M-302,OP-001,348,5,6,19.62,66.1
5963,2025-06-23,Line-D,Morning,M-401,OP-005,387,0,8,28.52,67.0
5964,2025-06-23,Line-D,Night,M-402,OP-012,495,5,38,29.83,73.1
5965,2025-06-24,Line-A,Morning,M-101,OP-013,379,4,22,28.87,63.7
5966,2025-06-24,Line-A,Night,M-101,OP-019,369,9,21,31.22,66.0
5967,2025-06-24,Line-B,Morning,M-201,OP-003,413,18,15,38.24,73.0
5968,2025-06-24,Line-B,Afternoon,M-202,OP-011,368,9,34,34.08,69.6
5969,2025-06-24,Line-B,Night,M-201,OP-015,452,17,1,42.19,66.4
5970,2025-06-24,Line-C,Morning,M-302,OP-003,438,8,12,26.82,74.5
5971,2025-06-24,Line-C,Afternoon,M-301,OP-016,523,14,10,32.56,64.4
5972,2025-06-24,Line-C,Night,M-303,OP-006,519,22,19,41.89,66.8
5973,2025-06-24,Line-D,Morning,M-401,OP-018,619,14,35,35.66,68.2
5974,2025-06-24,Line-D,Afternoon,M-401,OP-009,453,0,0,33.31,66.8
5975,2025-06-24,Line-D,Night,M-402,OP-005,502,0,18,35.48,60.9
5976,2025-06-25,Line-A,Morning,M-101,OP-006,502,16,37,27.48,71.1
5977,2025-06-25,Line-A,Afternoon,M-102,OP-011,565,12,31,29.82,69.6
5978,2025-06-25,Line-A,Night,M-101,OP-015,442,7,18,26.52,67.1
5979,2025-06-25,Line-B,Afternoon,M-202,OP-012,525,20,0,39.88,67.0
5980,2025-06-25,Line-B,Night,M-201,OP-004,537,30,58,38.36,67.1
5981,2025-06-25,Line-C,Morning,M-302,OP-010,476,7,31,29.62,61.5
5982,2025-06-25,Line-C,Afternoon,M-301,OP-011,442,1,8,33.36,65.4
5983,2025-06-25,Line-C,Night,M-303,OP-005,455,19,37,44.58,71.2
5984,2025-06-25,Line-D,Afternoon,M-401,OP-012,615,12,23,22.06,66.5
5985,2025-06-25,Line-D,Night,M-401,OP-019,463,4,3,29.46,66.0
5986,2025-06-26,Line-A,Afternoon,M-101,OP-013,636,15,42,37.46,65.4
5987,2025-06-26,Line-A,Night,M-102,OP-014,482,7,9,25.12,66.2
5988,2025-06-26,Line-B,Morning,M-201,OP-015,501,24,38,41.7,71.4
5989,2025-06-26,Line-B,Afternoon,M-201,OP-009,464,27,7,45.28,70.0
5990,2025-06-26,Line-B,Night,M-202,OP-006,439,6,18,34.58,61.0
5991,2025-06-26,Line-C,Morning,M-303,OP-020,517,21,51,32.8,77.8
5992,2025-06-26,Line-C,Afternoon,M-303,OP-009,426,25,33,37.91,69.1
5993,2025-06-26,Line-D,Morning,M-401,OP-006,541,1,22,29.94,70.3
5994,2025-06-26,Line-D,Afternoon,M-402,OP-008,480,6,0,33.36,70.7
5995,2025-06-26,Line-D,Night,M-402,OP-003,519,12,26,37.03,60.5
5996,2025-06-27,Line-A,Morning,M-102,OP-001,339,12,0,24.57,66.8
5997,2025-06-27,Line-A,Afternoon,M-101,OP-012,380,5,0,28.83,69.1
5998,2025-06-27,Line-A,Night,M-101,OP-003,459,6,15,35.22,74.4
5999,2025-06-27,Line-B,Morning,M-202,OP-001,466,17,25,23.84,63.0
6000,2025-06-27,Line-B,Afternoon,M-202,OP-004,445,14,4,20.54,67.1
6001,2025-06-27,Line-B,Night,M-201,OP-011,361,12,26,42.75,72.1
6002,2025-06-27,Line-C,Morning,M-301,OP-002,521,3,6,30.38,67.0
6003,2025-06-27,Line-C,Afternoon,M-301,OP-015,463,0,0,27.99,55.6
6004,2025-06-27,Line-D,Morning,M-401,OP-002,518,2,22,32.99,65.8
6005,2025-06-28,Line-A,Morning,M-102,OP-001,540,14,7,27.89,72.4
6006,2025-06-28,Line-A,Night,M-101,OP-017,493,14,0,30.49,61.7
6007,2025-06-28,Line-B,Morning,M-202,OP-018,478,12,38,25.31,65.9
6008,2025-06-28,Line-B,Afternoon,M-202,OP-008,474,4,26,29.65,68.5
6009,2025-06-28,Line-B,Night,M-201,OP-019,517,23,22,41.68,64.6
6010,2025-06-28,Line-C,Morning,M-302,OP-019,486,14,0,22.34,68.2
6011,2025-06-28,Line-C,Afternoon,M-301,OP-014,433,8,16,19.28,70.8
6012,2025-06-28,Line-C,Night,M-303,OP-009,409,18,25,39.24,74.8
6013,2025-06-28,Line-D,Morning,M-402,OP-004,499,13,14,33.1,69.7
6014,2025-06-28,Line-D,Afternoon,M-401,OP-020,495,14,14,41.43,71.8
6015,2025-06-28,Line-D,Night,M-401,OP-016,411,7,17,30.22,70.7
6016,2025-06-29,Line-A,Morning,M-102,OP-018,527,2,31,27.52,65.6
6017,2025-06-29,Line-A,Afternoon,M-101,OP-002,444,12,7,26.68,66.3
6018,2025-06-29,Line-A,Night,M-101,OP-005,372,4,0,28.65,70.7
6019,2025-06-29,Line-B,Morning,M-202,OP-008,513,16,27,27.36,68.1
6020,2025-06-29,Line-B,Afternoon,M-201,OP-015,478,11,16,41.16,67.3
6021,2025-06-29,Line-B,Night,M-201,OP-012,510,25,8,44.59,68.7
6022,2025-06-29,Line-C,Morning,M-303,OP-008,517,29,32,48.23,64.4
6023,2025-06-29,Line-C,Afternoon,M-301,OP-014,423,9,6,31.31,76.0
6024,2025-06-29,Line-C,Night,M-302,OP-009,503,10,0,21.5,67.7
6025,2025-06-29,Line-D,Morning,M-402,OP-002,544,8,18,37.13,73.6
6026,2025-06-29,Line-D,Afternoon,M-402,OP-007,505,10,0,26.85,66.9
6027,2025-06-29,Line-D,Night,M-401,OP-009,428,9,40,37.59,69.0
6028,2025-06-30,Line-A,Morning,M-101,OP-018,526,6,33,22.19,71.7
6029,2025-06-30,Line-A,Afternoon,M-101,OP-011,509,5,8,24.33,63.6
6030,2025-06-30,Line-A,Night,M-102,OP-010,384,10,30,19.19,75.4
6031,2025-06-30,Line-B,Morning,M-201,OP-018,479,23,12,48.6,68.8
6032,2025-06-30,Line-B,Night,M-202,OP-015,548,17,32,26.76,67.2
6033,2025-06-30,Line-C,Morning,M-303,OP-002,443,24,39,47.35,72.5
6034,2025-06-30,Line-C,Afternoon,M-302,OP-020,376,12,26,28.15,69.4
6035,2025-06-30,Line-C,Night,M-301,OP-012,472,11,6,32.39,68.3
6036,2025-06-30,Line-D,Morning,M-401,OP-007,454,9,52,26.57,67.0
6037,2025-06-30,Line-D,Afternoon,M-401,OP-020,439,5,24,33.58,68.0
6038,2025-07-01,Line-A,Morning,M-102,OP-004,541,14,9,22.33,71.3
6039,2025-07-01,Line-A,Night,M-102,OP-001,490,9,5,33.72,69.4
6040,2025-07-01,Line-B,Morning,M-201,OP-008,465,15,51,45.02,69.0
6041,2025-07-01,Line-B,Afternoon,M-201,OP-004,320,14,31,38.91,71.0
6042,2025-07-01,Line-B,Night,M-202,OP-004,522,12,27,24.89,66.2
6043,2025-07-01,Line-C,Morning,M-303,OP-001,484,19,45,39.39,73.2
6044,2025-07-01,Line-C,Afternoon,M-302,OP-015,424,17,42,29.53,72.6
6045,2025-07-01,Line-C,Night,M-301,OP-006,455,13,9,23.57,53.9
6046,2025-07-01,Line-D,Morning,M-401,OP-013,463,10,31,30.18,72.0
6047,2025-07-01,Line-D,Afternoon,M-402,OP-008,452,7,27,17.68,68.1
6048,2025-07-01,Line-D,Night,M-402,OP-003,456,14,4,32.58,71.7
6049,2025-07-02,Line-A,Morning,M-101,OP-003,390,6,5,34.73,70.7
6050,2025-07-02,Line-A,Afternoon,M-101,OP-015,466,4,27,29.66,61.5
6051,2025-07-02,Line-A,Night,M-102,OP-002,388,9,0,39.3,64.3
6052,2025-07-02,Line-B,Afternoon,M-201,OP-003,479,22,24,30.8,68.8
6053,2025-07-02,Line-B,Night,M-202,OP-007,434,8,10,31.32,74.2
6054,2025-07-02,Line-C,Morning,M-301,OP-012,447,6,0,29.02,69.6
6055,2025-07-02,Line-C,Afternoon,M-303,OP-019,450,22,32,35.49,69.2
6056,2025-07-02,Line-C,Night,M-303,OP-020,467,22,26,38.72,68.6
6057,2025-07-02,Line-D,Morning,M-402,OP-010,466,16,23,32.73,67.3
6058,2025-07-02,Line-D,Night,M-401,OP-015,358,4,2,28.63,67.9
6059,2025-07-03,Line-A,Morning,M-101,OP-015,519,11,29,28.44,69.0
6060,2025-07-03,Line-A,Afternoon,M-101,OP-012,500,10,31,34.02,62.7
6061,2025-07-03,Line-A,Night,M-102,OP-001,473,8,44,28.35,64.1
6062,2025-07-03,Line-B,Morning,M-201,OP-002,506,25,33,40.9,71.8
6063,2025-07-03,Line-B,Night,M-201,OP-010,428,18,27,47.47,69.1
6064,2025-07-03,Line-C,Morning,M-301,OP-007,416,3,40,35.42,71.4
6065,2025-07-03,Line-C,Afternoon,M-303,OP-004,480,29,18,45.76,66.2
6066,2025-07-03,Line-D,Morning,M-401,OP-007,465,12,9,27.83,66.0
6067,2025-07-03,Line-D,Afternoon,M-402,OP-003,360,9,0,39.29,66.8
6068,2025-07-04,Line-A,Morning,M-101,OP-008,558,0,22,34.94,73.2
6069,2025-07-04,Line-A,Afternoon,M-102,OP-020,388,4,20,30.74,69.2
6070,2025-07-04,Line-A,Night,M-101,OP-018,458,15,51,30.52,69.8
6071,2025-07-04,Line-B,Morning,M-201,OP-012,483,28,47,36.67,65.5
6072,2025-07-04,Line-B,Afternoon,M-202,OP-005,419,19,21,27.02,65.3
6073,2025-07-04,Line-C,Morning,M-301,OP-002,528,14,23,27.87,69.2
6074,2025-07-04,Line-C,Afternoon,M-302,OP-019,486,4,0,32.06,68.8
6075,2025-07-04,Line-C,Night,M-301,OP-001,513,13,34,26.12,70.5
6076,2025-07-04,Line-D,Morning,M-402,OP-018,524,8,13,28.57,76.4
6077,2025-07-04,Line-D,Night,M-402,OP-016,486,11,8,27.6,62.8
6078,2025-07-05,Line-A,Morning,M-101,OP-016,545,14,7,25.5,68.7
6079,2025-07-05,Line-A,Afternoon,M-101,OP-007,450,7,0,31.09,68.9
6080,2025-07-05,Line-A,Night,M-102,OP-010,545,9,6,22.22,72.4
6081,2025-07-05,Line-B,Morning,M-202,OP-008,533,10,0,23.93,65.8
6082,2025-07-05,Line-B,Night,M-202,OP-013,537,11,0,32.02,64.6
6083,2025-07-05,Line-C,Morning,M-301,OP-011,448,12,23,35.47,67.9
6084,2025-07-05,Line-C,Afternoon,M-301,OP-006,532,6,8,28.37,68.1
6085,2025-07-05,Line-C,Night,M-301,OP-003,402,6,33,24.54,62.7
6086,2025-07-05,Line-D,Morning,M-402,OP-011,405,18,18,28.65,68.3
6087,2025-07-05,Line-D,Afternoon,M-402,OP-006,493,6,4,29.21,65.1
6088,2025-07-05,Line-D,Night,M-402,OP-018,456,10,0,43.05,71.0
6089,2025-07-06,Line-A,Morning,M-101,OP-006,403,0,1,33.42,70.0
6090,2025-07-06,Line-A,Afternoon,M-101,OP-008,473,6,0,27.99,64.0
6091,2025-07-06,Line-A,Night,M-102,OP-011,456,14,0,33.05,71.1
6092,2025-07-06,Line-B,Morning,M-201,OP-001,415,15,51,37.37,67.8
6093,2025-07-06,Line-B,Afternoon,M-201,OP-019,602,33,36,46.2,67.8
6094,2025-07-06,Line-C,Morning,M-302,OP-002,541,0,9,19.57,68.6
6095,2025-07-06,Line-C,Afternoon,M-301,OP-018,465,15,22,27.37,66.4
6096,2025-07-06,Line-C,Night,M-302,OP-017,502,6,11,36.58,64.7
6097,2025-07-06,Line-D,Morning,M-401,OP-005,453,7,59,33.04,72.5
6098,2025-07-06,Line-D,Afternoon,M-401,OP-003,526,14,19,31.83,62.2
6099,2025-07-06,Line-D,Night,M-402,OP-008,501,8,20,29.65,71.1
6100,2025-07-07,Line-A,Morning,M-101,OP-010,536,0,5,20.71,69.0
6101,2025-07-07,Line-A,Afternoon,M-102,OP-015,461,15,15,27.57,71.8
6102,2025-07-07,Line-A,Night,M-102,OP-011,460,6,17,38.06,71.4
6103,2025-07-07,Line-B,Morning,M-201,OP-003,514,37,24,38.23,68.6
6104,2025-07-07,Line-B,Afternoon,M-202,OP-010,570,5,38,22.8,67.5
6105,2025-07-07,Line-B,Night,M-201,OP-008,490,18,25,45.98,73.8
6106,2025-07-07,Line-C,Morning,M-301,OP-014,353,7,10,30.54,66.7
6107,2025-07-07,Line-C,Afternoon,M-301,OP-001,402,13,29,29.48,66.0
6108,2025-07-07,Line-C,Night,M-301,OP-015,443,0,17,33.9,68.6
6109,2025-07-07,Line-D,Morning,M-401,OP-003,474,9,0,27.5,67.3
6110,2025-07-07,Line-D,Afternoon,M-402,OP-001,521,17,8,24.78,68.1
6111,2025-07-07,Line-D,Night,M-401,OP-001,600,5,25,36.68,66.6
6112,2025-07-08,Line-A,Morning,M-101,OP-003,437,10,17,33.47,76.3
6113,2025-07-08,Line-A,Afternoon,M-101,OP-008,490,3,12,31.21,73.1
6114,2025-07-08,Line-A,Night,M-101,OP-006,468,7,0,32.74,81.4
6115,2025-07-08,Line-B,Morning,M-201,OP-004,466,23,26,35.59,69.7
6116,2025-07-08,Line-B,Afternoon,M-201,OP-003,481,10,59,44.08,68.3
6117,2025-07-08,Line-B,Night,M-201,OP-017,454,22,41,44.01,72.3
6118,2025-07-08,Line-C,Morning,M-302,OP-001,557,21,0,27.13,69.4
6119,2025-07-08,Line-C,Afternoon,M-303,OP-004,433,17,42,46.5,73.1
6120,2025-07-08,Line-C,Night,M-301,OP-017,468,11,15,30.09,64.7
6121,2025-07-08,Line-D,Morning,M-402,OP-011,423,10,0,21.12,67.9
6122,2025-07-08,Line-D,Afternoon,M-401,OP-019,567,0,7,33.38,60.7
6123,2025-07-08,Line-D,Night,M-402,OP-016,467,3,0,27.99,63.5
6124,2025-07-09,Line-A,Morning,M-101,OP-013,407,7,45,33.79,72.0
6125,2025-07-09,Line-A,Afternoon,M-101,OP-002,527,6,16,35.49,71.3
6126,2025-07-09,Line-A,Night,M-102,OP-008,491,11,48,34.2,66.7
6127,2025-07-09,Line-B,Morning,M-201,OP-003,475,16,70,50.02,68.3
6128,2025-07-09,Line-B,Afternoon,M-202,OP-020,610,15,5,34.53,69.6
6129,2025-07-09,Line-B,Night,M-202,OP-006,530,2,0,37.44,74.8
6130,2025-07-09,Line-C,Morning,M-302,OP-011,564,23,20,32.54,64.3
6131,2025-07-09,Line-C,Afternoon,M-302,OP-002,445,0,7,19.71,72.3
6132,2025-07-09,Line-C,Night,M-303,OP-005,503,12,32,51.84,67.5
6133,2025-07-09,Line-D,Morning,M-402,OP-006,420,0,0,32.68,66.3
6134,2025-07-09,Line-D,Night,M-401,OP-020,458,6,9,23.86,69.3
6135,2025-07-10,Line-A,Morning,M-101,OP-008,394,4,27,31.88,70.7
6136,2025-07-10,Line-A,Afternoon,M-101,OP-002,609,11,12,28.68,66.2
6137,2025-07-10,Line-A,Night,M-102,OP-009,419,8,17,32.05,68.3
6138,2025-07-10,Line-B,Morning,M-202,OP-007,535,10,5,25.37,61.8
6139,2025-07-10,Line-B,Afternoon,M-201,OP-003,567,22,21,39.91,66.9
6140,2025-07-10,Line-B,Night,M-202,OP-019,578,9,51,30.32,76.2
6141,2025-07-10,Line-C,Morning,M-301,OP-001,533,12,35,35.61,70.5
6142,2025-07-10,Line-C,Afternoon,M-303,OP-001,619,25,20,38.62,75.0
6143,2025-07-10,Line-C,Night,M-303,OP-007,567,23,0,40.97,63.9
6144,2025-07-10,Line-D,Morning,M-402,OP-005,450,3,0,39.42,65.3
6145,2025-07-10,Line-D,Afternoon,M-401,OP-005,564,9,0,32.55,66.4
6146,2025-07-10,Line-D,Night,M-402,OP-012,467,9,0,21.89,67.8
6147,2025-07-11,Line-A,Morning,M-101,OP-004,537,5,14,37.53,67.6
6148,2025-07-11,Line-A,Afternoon,M-101,OP-002,485,9,1,25.03,64.0
6149,2025-07-11,Line-A,Night,M-101,OP-017,502,13,24,28.11,72.4
6150,2025-07-11,Line-B,Morning,M-202,OP-002,498,9,0,25.91,61.9
6151,2025-07-11,Line-B,Afternoon,M-202,OP-007,517,10,0,31.52,62.3
6152,2025-07-11,Line-C,Morning,M-301,OP-012,417,5,20,37.0,65.7
6153,2025-07-11,Line-C,Afternoon,M-303,OP-008,559,25,38,41.68,67.2
6154,2025-07-11,Line-C,Night,M-302,OP-015,506,13,0,29.05,74.7
6155,2025-07-11,Line-D,Morning,M-402,OP-019,490,10,29,27.49,67.9
6156,2025-07-11,Line-D,Afternoon,M-401,OP-005,529,16,0,26.32,64.0
6157,2025-07-11,Line-D,Night,M-401,OP-006,472,4,21,30.86,71.6
6158,2025-07-12,Line-A,Morning,M-101,OP-014,537,13,6,30.52,66.2
6159,2025-07-12,Line-A,Afternoon,M-101,OP-016,398,11,10,22.49,70.1
6160,2025-07-12,Line-A,Night,M-101,OP-006,466,0,0,26.5,68.8
6161,2025-07-12,Line-B,Morning,M-201,OP-004,527,28,44,41.83,74.9
6162,2025-07-12,Line-B,Afternoon,M-201,OP-009,521,25,43,40.0,67.8
6163,2025-07-12,Line-B,Night,M-202,OP-003,355,5,38,30.74,68.4
6164,2025-07-12,Line-C,Morning,M-302,OP-006,539,12,0,30.12,63.5
6165,2025-07-12,Line-C,Afternoon,M-301,OP-007,491,5,25,27.45,64.7
6166,2025-07-12,Line-C,Night,M-302,OP-016,473,10,0,27.39,68.4
6167,2025-07-12,Line-D,Night,M-402,OP-014,560,0,21,28.08,66.0
6168,2025-07-13,Line-A,Morning,M-102,OP-015,439,6,21,27.32,74.6
6169,2025-07-13,Line-A,Afternoon,M-101,OP-013,517,10,9,35.95,73.3
6170,2025-07-13,Line-A,Night,M-102,OP-005,410,5,21,34.68,66.8
6171,2025-07-13,Line-B,Morning,M-202,OP-012,435,8,34,30.21,62.9
6172,2025-07-13,Line-B,Afternoon,M-202,OP-019,486,13,10,36.29,71.5
6173,2025-07-13,Line-B,Night,M-202,OP-010,476,9,0,36.05,66.7
6174,2025-07-13,Line-C,Morning,M-302,OP-014,456,6,18,24.36,64.1
6175,2025-07-13,Line-C,Afternoon,M-301,OP-010,476,6,17,27.05,74.4
6176,2025-07-13,Line-C,Night,M-301,OP-008,521,13,2,42.03,66.2
6177,2025-07-13,Line-D,Morning,M-402,OP-001,437,11,14,25.91,76.8
6178,2025-07-13,Line-D,Afternoon,M-402,OP-006,538,10,48,34.05,68.0
6179,2025-07-13,Line-D,Night,M-401,OP-006,616,15,21,28.07,68.2
6180,2025-07-14,Line-A,Morning,M-102,OP-004,455,15,0,36.83,64.5
6181,2025-07-14,Line-A,Afternoon,M-101,OP-009,476,7,4,33.45,68.0
6182,2025-07-14,Line-A,Night,M-102,OP-005,439,9,1,27.31,62.0
6183,2025-07-14,Line-B,Morning,M-202,OP-018,452,10,12,39.08,78.5
6184,2025-07-14,Line-B,Afternoon,M-202,OP-005,452,4,28,31.68,72.5
6185,2025-07-14,Line-B,Night,M-201,OP-018,503,22,32,44.16,67.2
6186,2025-07-14,Line-C,Morning,M-303,OP-020,553,18,53,32.63,68.6
6187,2025-07-14,Line-C,Afternoon,M-303,OP-014,460,14,4,36.51,68.2
6188,2025-07-14,Line-C,Night,M-301,OP-010,443,3,32,23.84,70.7
6189,2025-07-14,Line-D,Morning,M-401,OP-020,426,3,2,33.1,62.5
6190,2025-07-14,Line-D,Afternoon,M-402,OP-009,497,4,0,32.0,76.7
6191,2025-07-14,Line-D,Night,M-402,OP-008,425,11,7,27.63,72.3
6192,2025-07-15,Line-A,Morning,M-102,OP-015,429,3,18,37.97,71.0
6193,2025-07-15,Line-A,Afternoon,M-101,OP-012,395,5,26,37.91,68.9
6194,2025-07-15,Line-A,Night,M-102,OP-018,445,15,10,26.97,64.9
6195,2025-07-15,Line-B,Morning,M-201,OP-009,408,30,56,38.72,74.9
6196,2025-07-15,Line-B,Afternoon,M-201,OP-008,511,25,24,39.43,67.8
6197,2025-07-15,Line-C,Morning,M-302,OP-017,362,5,12,36.55,65.5
6198,2025-07-15,Line-C,Afternoon,M-301,OP-012,528,0,29,25.5,68.5
6199,2025-07-15,Line-C,Night,M-302,OP-012,504,10,10,23.79,64.4
6200,2025-07-15,Line-D,Morning,M-402,OP-019,539,6,10,22.54,71.4
6201,2025-07-15,Line-D,Afternoon,M-402,OP-011,400,11,0,35.07,68.0
6202,2025-07-15,Line-D,Night,M-402,OP-019,446,15,10,28.19,71.6
6203,2025-07-16,Line-A,Morning,M-102,OP-011,391,0,29,25.82,71.5
6204,2025-07-16,Line-A,Afternoon,M-102,OP-008,482,3,21,27.95,63.7
6205,2025-07-16,Line-A,Night,M-102,OP-009,416,0,18,25.32,67.9
6206,2025-07-16,Line-B,Morning,M-202,OP-003,469,4,0,42.67,67.8
6207,2025-07-16,Line-B,Afternoon,M-202,OP-005,589,17,7,30.9,68.6
6208,2025-07-16,Line-C,Morning,M-302,OP-001,590,16,0,31.76,71.2
6209,2025-07-16,Line-C,Afternoon,M-301,OP-019,409,9,32,25.71,65.1
6210,2025-07-16,Line-C,Night,M-303,OP-010,549,23,20,46.41,70.3
6211,2025-07-16,Line-D,Morning,M-402,OP-006,485,14,29,29.59,75.9
6212,2025-07-16,Line-D,Afternoon,M-401,OP-011,575,0,0,18.72,66.7
6213,2025-07-16,Line-D,Night,M-402,OP-019,407,4,28,21.23,68.5
6214,2025-07-17,Line-A,Morning,M-102,OP-015,487,8,13,18.84,64.8
6215,2025-07-17,Line-A,Afternoon,M-101,OP-001,572,3,36,22.97,61.9
6216,2025-07-17,Line-A,Night,M-102,OP-005,422,12,3,31.73,68.3
6217,2025-07-17,Line-B,Morning,M-201,OP-009,476,27,46,36.29,66.9
6218,2025-07-17,Line-B,Afternoon,M-201,OP-010,584,28,12,34.81,71.6
6219,2025-07-17,Line-C,Morning,M-302,OP-018,522,5,23,38.0,73.8
6220,2025-07-17,Line-C,Afternoon,M-301,OP-006,576,14,9,27.99,67.9
6221,2025-07-17,Line-C,Night,M-301,OP-010,427,6,31,21.95,61.8
6222,2025-07-17,Line-D,Morning,M-402,OP-007,529,8,0,29.69,67.2
6223,2025-07-17,Line-D,Afternoon,M-401,OP-015,454,11,0,30.06,67.2
6224,2025-07-17,Line-D,Night,M-401,OP-015,482,0,4,30.1,70.2
6225,2025-07-18,Line-A,Morning,M-101,OP-001,590,15,18,36.36,66.8
6226,2025-07-18,Line-A,Afternoon,M-101,OP-016,573,17,5,39.62,69.8
6227,2025-07-18,Line-A,Night,M-102,OP-006,611,13,3,26.16,66.6
6228,2025-07-18,Line-B,Morning,M-201,OP-003,445,26,34,33.93,68.9
6229,2025-07-18,Line-B,Afternoon,M-202,OP-003,487,6,16,29.78,70.5
6230,2025-07-18,Line-B,Night,M-202,OP-011,514,11,0,40.6,61.8
6231,2025-07-18,Line-C,Morning,M-302,OP-009,472,3,17,30.69,67.3
6232,2025-07-18,Line-C,Afternoon,M-301,OP-014,571,17,7,34.02,74.3
6233,2025-07-18,Line-C,Night,M-303,OP-015,546,24,11,43.62,70.7
6234,2025-07-18,Line-D,Morning,M-402,OP-002,433,8,10,36.94,75.4
6235,2025-07-18,Line-D,Afternoon,M-401,OP-006,550,9,29,33.24,67.7
6236,2025-07-18,Line-D,Night,M-401,OP-017,605,6,21,34.2,66.9
6237,2025-07-19,Line-A,Morning,M-102,OP-005,513,14,15,32.36,68.4
6238,2025-07-19,Line-A,Afternoon,M-102,OP-015,527,8,7,30.1,72.7
6239,2025-07-19,Line-A,Night,M-102,OP-013,375,3,46,31.38,66.4
6240,2025-07-19,Line-B,Morning,M-202,OP-007,527,5,0,31.77,65.1
6241,2025-07-19,Line-B,Afternoon,M-201,OP-004,486,23,37,33.46,68.1
6242,2025-07-19,Line-B,Night,M-201,OP-002,506,16,12,36.65,71.0
6243,2025-07-19,Line-C,Morning,M-303,OP-012,360,19,40,40.71,62.1
6244,2025-07-19,Line-C,Afternoon,M-302,OP-018,432,11,30,24.84,72.6
6245,2025-07-19,Line-D,Morning,M-402,OP-011,521,9,0,27.09,75.3
6246,2025-07-19,Line-D,Afternoon,M-401,OP-002,490,15,15,27.74,70.3
6247,2025-07-20,Line-A,Morning,M-101,OP-005,609,7,25,30.95,62.2
6248,2025-07-20,Line-A,Night,M-102,OP-007,391,5,17,34.39,61.7
6249,2025-07-20,Line-B,Morning,M-201,OP-020,519,23,35,44.94,75.0
6250,2025-07-20,Line-B,Afternoon,M-201,OP-007,498,16,32,46.26,71.5
6251,2025-07-20,Line-B,Night,M-201,OP-016,519,21,14,44.95,63.1
6252,2025-07-20,Line-C,Morning,M-301,OP-007,521,13,4,29.44,68.8
6253,2025-07-20,Line-C,Afternoon,M-302,OP-020,443,2,11,30.33,73.4
6254,2025-07-20,Line-C,Night,M-303,OP-005,433,24,17,35.28,66.8
6255,2025-07-20,Line-D,Morning,M-402,OP-006,423,2,41,27.74,77.2
6256,2025-07-20,Line-D,Afternoon,M-401,OP-020,420,0,31,26.37,68.6
6257,2025-07-20,Line-D,Night,M-402,OP-008,398,7,0,29.63,66.1
6258,2025-07-21,Line-A,Morning,M-102,OP-020,493,12,15,32.26,67.6
6259,2025-07-21,Line-A,Afternoon,M-101,OP-008,453,10,10,29.63,69.6
6260,2025-07-21,Line-A,Night,M-101,OP-015,418,13,8,30.62,67.8
6261,2025-07-21,Line-B,Morning,M-201,OP-017,519,25,34,49.24,55.2
6262,2025-07-21,Line-B,Afternoon,M-201,OP-001,554,30,7,46.65,72.2
6263,2025-07-21,Line-B,Night,M-202,OP-008,513,1,22,35.04,65.7
6264,2025-07-21,Line-C,Morning,M-301,OP-005,506,7,25,28.43,65.7
6265,2025-07-21,Line-C,Afternoon,M-302,OP-003,477,2,9,31.81,71.5
6266,2025-07-21,Line-C,Night,M-301,OP-016,494,2,32,37.18,68.5
6267,2025-07-21,Line-D,Morning,M-401,OP-018,434,6,8,31.39,66.8
6268,2025-07-21,Line-D,Afternoon,M-401,OP-017,428,12,15,24.74,69.2
6269,2025-07-21,Line-D,Night,M-402,OP-004,489,5,29,30.67,67.1
6270,2025-07-22,Line-A,Morning,M-101,OP-007,474,11,10,29.6,72.3
6271,2025-07-22,Line-A,Afternoon,M-101,OP-001,394,2,23,42.08,71.5
6272,2025-07-22,Line-A,Night,M-101,OP-013,591,8,2,32.28,71.8
6273,2025-07-22,Line-B,Morning,M-201,OP-018,401,17,34,38.61,65.8
6274,2025-07-22,Line-B,Afternoon,M-201,OP-003,530,26,46,43.68,64.5
6275,2025-07-22,Line-B,Night,M-202,OP-014,505,4,7,24.82,65.6
6276,2025-07-22,Line-C,Morning,M-302,OP-018,485,7,0,35.69,67.5
6277,2025-07-22,Line-C,Afternoon,M-302,OP-016,448,3,0,28.89,62.5
6278,2025-07-22,Line-C,Night,M-302,OP-009,522,10,35,31.12,65.1
6279,2025-07-22,Line-D,Morning,M-401,OP-007,367,10,0,27.96,74.7
6280,2025-07-22,Line-D,Afternoon,M-401,OP-005,516,11,26,34.54,74.3
6281,2025-07-22,Line-D,Night,M-401,OP-004,443,6,0,29.84,67.5
6282,2025-07-23,Line-A,Morning,M-102,OP-009,374,4,33,31.22,70.9
6283,2025-07-23,Line-A,Afternoon,M-102,OP-018,472,0,10,35.21,63.3
6284,2025-07-23,Line-A,Night,M-101,OP-006,524,1,12,32.72,66.8
6285,2025-07-23,Line-B,Morning,M-202,OP-013,628,8,3,31.02,65.0
6286,2025-07-23,Line-B,Night,M-202,OP-007,393,3,23,28.48,74.8
6287,2025-07-23,Line-C,Morning,M-301,OP-013,453,11,19,27.72,64.5
6288,2025-07-23,Line-C,Afternoon,M-303,OP-016,376,19,52,34.05,66.5
6289,2025-07-23,Line-C,Night,M-301,OP-003,439,10,7,36.61,66.5
6290,2025-07-23,Line-D,Morning,M-401,OP-018,405,5,6,32.63,66.5
6291,2025-07-23,Line-D,Night,M-402,OP-009,506,5,7,26.07,64.6
6292,2025-07-24,Line-A,Morning,M-101,OP-001,556,6,6,35.22,71.0
6293,2025-07-24,Line-A,Afternoon,M-102,OP-008,578,13,2,40.29,70.3
6294,2025-07-24,Line-A,Night,M-102,OP-004,470,9,14,28.82,62.5
6295,2025-07-24,Line-B,Morning,M-202,OP-005,577,10,14,40.39,65.3
6296,2025-07-24,Line-B,Night,M-201,OP-013,519,19,39,43.01,71.2
6297,2025-07-24,Line-C,Morning,M-303,OP-002,552,22,56,49.44,67.0
6298,2025-07-24,Line-C,Afternoon,M-302,OP-013,479,6,7,23.98,71.1
6299,2025-07-24,Line-C,Night,M-303,OP-016,356,14,34,48.5,65.8
6300,2025-07-24,Line-D,Morning,M-402,OP-003,505,9,26,31.88,71.3
6301,2025-07-24,Line-D,Afternoon,M-402,OP-016,446,4,17,27.56,68.1
6302,2025-07-25,Line-A,Morning,M-101,OP-006,499,15,23,26.59,63.4
6303,2025-07-25,Line-A,Afternoon,M-101,OP-012,582,1,5,33.23,74.6
6304,2025-07-25,Line-A,Night,M-102,OP-003,468,9,0,30.63,63.4
6305,2025-07-25,Line-B,Afternoon,M-202,OP-011,434,11,5,34.59,67.4
6306,2025-07-25,Line-B,Night,M-201,OP-019,397,23,15,38.99,67.2
6307,2025-07-25,Line-C,Morning,M-301,OP-019,540,7,0,30.81,67.1
6308,2025-07-25,Line-C,Afternoon,M-303,OP-007,451,21,16,33.39,76.6
6309,2025-07-25,Line-C,Night,M-302,OP-018,486,10,0,34.49,65.9
6310,2025-07-25,Line-D,Morning,M-401,OP-002,312,4,7,29.15,67.2
6311,2025-07-25,Line-D,Afternoon,M-401,OP-005,441,5,7,21.77,60.2
6312,2025-07-26,Line-A,Morning,M-101,OP-001,485,9,25,28.72,63.2
6313,2025-07-26,Line-A,Night,M-102,OP-004,363,3,18,37.21,68.2
6314,2025-07-26,Line-B,Morning,M-201,OP-005,407,15,22,39.97,72.5
6315,2025-07-26,Line-B,Afternoon,M-201,OP-019,551,24,37,38.01,61.2
6316,2025-07-26,Line-B,Night,M-202,OP-020,587,0,0,38.98,68.1
6317,2025-07-26,Line-C,Morning,M-303,OP-019,412,21,46,35.34,65.9
6318,2025-07-26,Line-C,Afternoon,M-302,OP-002,532,5,16,37.12,58.4
6319,2025-07-26,Line-C,Night,M-303,OP-016,459,22,8,39.35,72.2
6320,2025-07-26,Line-D,Morning,M-401,OP-014,437,1,28,32.22,67.7
6321,2025-07-26,Line-D,Afternoon,M-402,OP-008,474,13,16,33.23,65.2
6322,2025-07-27,Line-A,Morning,M-101,OP-005,364,9,28,28.88,71.6
6323,2025-07-27,Line-A,Afternoon,M-102,OP-001,459,8,38,28.54,66.6
6324,2025-07-27,Line-A,Night,M-102,OP-019,367,9,1,30.74,66.7
6325,2025-07-27,Line-B,Morning,M-202,OP-018,453,8,11,35.88,74.1
6326,2025-07-27,Line-B,Afternoon,M-201,OP-007,519,30,47,44.47,73.8
6327,2025-07-27,Line-B,Night,M-202,OP-007,401,4,0,28.49,70.7
6328,2025-07-27,Line-C,Morning,M-301,OP-013,413,10,3,28.26,68.8
6329,2025-07-27,Line-C,Afternoon,M-301,OP-001,580,6,10,24.61,65.1
6330,2025-07-27,Line-C,Night,M-303,OP-019,414,20,41,45.44,65.0
6331,2025-07-27,Line-D,Morning,M-401,OP-008,510,10,11,23.79,68.6
6332,2025-07-27,Line-D,Afternoon,M-401,OP-006,491,9,18,33.47,63.6
6333,2025-07-27,Line-D,Night,M-401,OP-012,466,11,7,34.8,68.4
6334,2025-07-28,Line-A,Morning,M-102,OP-016,362,10,10,21.15,67.0
6335,2025-07-28,Line-A,Afternoon,M-102,OP-010,403,10,11,25.38,71.2
6336,2025-07-28,Line-A,Night,M-102,OP-010,507,8,0,25.79,64.6
6337,2025-07-28,Line-B,Morning,M-201,OP-001,524,15,34,40.75,72.1
6338,2025-07-28,Line-B,Afternoon,M-202,OP-013,493,12,4,23.85,66.7
6339,2025-07-28,Line-B,Night,M-202,OP-016,526,14,5,25.7,63.8
6340,2025-07-28,Line-C,Morning,M-303,OP-015,471,22,57,42.62,70.5
6341,2025-07-28,Line-C,Afternoon,M-302,OP-003,433,8,14,29.3,67.9
6342,2025-07-28,Line-C,Night,M-301,OP-013,487,11,29,18.67,72.5
6343,2025-07-28,Line-D,Morning,M-402,OP-002,377,8,47,29.79,68.7
6344,2025-07-28,Line-D,Afternoon,M-402,OP-002,461,11,17,26.62,67.5
6345,2025-07-29,Line-A,Morning,M-102,OP-008,412,7,5,30.68,65.2
6346,2025-07-29,Line-A,Afternoon,M-101,OP-019,467,8,13,31.37,67.3
6347,2025-07-29,Line-A,Night,M-102,OP-019,432,8,9,35.12,72.6
6348,2025-07-29,Line-B,Morning,M-201,OP-015,397,20,47,35.27,70.3
6349,2025-07-29,Line-B,Afternoon,M-201,OP-019,533,19,31,42.93,70.3
6350,2025-07-29,Line-B,Night,M-201,OP-019,420,24,4,48.62,70.2
6351,2025-07-29,Line-C,Morning,M-301,OP-011,442,12,0,30.57,69.0
6352,2025-07-29,Line-C,Afternoon,M-303,OP-012,494,18,27,42.63,65.1
6353,2025-07-29,Line-C,Night,M-303,OP-001,496,19,50,49.81,66.8
6354,2025-07-29,Line-D,Morning,M-402,OP-004,535,8,0,27.87,68.3
6355,2025-07-29,Line-D,Afternoon,M-401,OP-015,372,9,13,35.0,70.4
6356,2025-07-29,Line-D,Night,M-401,OP-014,487,7,34,40.85,66.6
6357,2025-07-30,Line-A,Morning,M-101,OP-011,542,6,3,28.07,70.7
6358,2025-07-30,Line-A,Afternoon,M-102,OP-020,415,14,26,33.31,66.8
6359,2025-07-30,Line-A,Night,M-102,OP-014,529,0,18,30.8,60.5
6360,2025-07-30,Line-B,Morning,M-201,OP-010,504,26,7,36.07,76.3
6361,2025-07-30,Line-B,Afternoon,M-202,OP-010,468,13,28,31.97,72.1
6362,2025-07-30,Line-B,Night,M-202,OP-009,353,6,0,21.27,65.8
6363,2025-07-30,Line-C,Morning,M-302,OP-020,440,8,11,30.67,68.7
6364,2025-07-30,Line-C,Afternoon,M-303,OP-020,499,18,24,41.82,67.9
6365,2025-07-30,Line-C,Night,M-303,OP-008,415,23,45,37.7,67.2
6366,2025-07-30,Line-D,Morning,M-402,OP-009,600,12,17,26.96,66.7
6367,2025-07-30,Line-D,Afternoon,M-402,OP-008,570,11,10,30.04,78.2
6368,2025-07-30,Line-D,Night,M-402,OP-014,482,5,2,33.9,62.3
6369,2025-07-31,Line-A,Morning,M-101,OP-005,507,5,0,25.1,68.1
6370,2025-07-31,Line-A,Afternoon,M-102,OP-017,563,15,7,34.86,66.6
6371,2025-07-31,Line-A,Night,M-102,OP-007,392,7,0,33.96,71.2
6372,2025-07-31,Line-B,Morning,M-202,OP-004,427,8,14,34.36,63.0
6373,2025-07-31,Line-B,Afternoon,M-201,OP-001,515,16,46,47.31,65.3
6374,2025-07-31,Line-B,Night,M-202,OP-005,553,1,28,37.19,69.4
6375,2025-07-31,Line-C,Afternoon,M-302,OP-002,468,10,2,43.12,65.7
6376,2025-07-31,Line-C,Night,M-302,OP-017,559,6,35,40.06,69.5
6377,2025-07-31,Line-D,Morning,M-402,OP-014,497,4,0,31.49,73.8
6378,2025-07-31,Line-D,Afternoon,M-402,OP-019,447,18,2,31.15,68.9
6379,2025-07-31,Line-D,Night,M-401,OP-002,473,0,2,31.0,67.6
6380,2025-08-01,Line-A,Morning,M-101,OP-010,518,13,8,25.19,74.2
6381,2025-08-01,Line-A,Afternoon,M-102,OP-010,398,5,0,33.73,73.3
6382,2025-08-01,Line-A,Night,M-101,OP-005,469,10,18,39.02,60.9
6383,2025-08-01,Line-B,Morning,M-201,OP-019,524,26,29,43.63,71.0
6384,2025-08-01,Line-C,Morning,M-302,OP-004,514,20,13,30.13,67.3
6385,2025-08-01,Line-C,Afternoon,M-301,OP-007,513,9,12,30.09,67.5
6386,2025-08-01,Line-C,Night,M-302,OP-011,443,10,7,33.07,68.4
6387,2025-08-01,Line-D,Morning,M-402,OP-017,456,15,10,33.11,65.2
6388,2025-08-01,Line-D,Afternoon,M-402,OP-007,358,4,0,28.82,73.9
6389,2025-08-01,Line-D,Night,M-402,OP-016,425,0,34,27.62,67.9
6390,2025-08-02,Line-A,Morning,M-102,OP-003,527,12,23,34.5,61.0
6391,2025-08-02,Line-A,Afternoon,M-101,OP-003,395,12,0,26.64,62.9
6392,2025-08-02,Line-A,Night,M-102,OP-018,455,7,0,24.73,69.3
6393,2025-08-02,Line-B,Morning,M-202,OP-011,431,5,0,39.69,71.8
6394,2025-08-02,Line-B,Afternoon,M-201,OP-003,450,16,35,41.92,62.9
6395,2025-08-02,Line-C,Morning,M-303,OP-012,326,13,11,42.86,68.7
6396,2025-08-02,Line-C,Night,M-301,OP-007,421,5,38,33.88,66.2
6397,2025-08-02,Line-D,Morning,M-401,OP-005,617,4,0,29.45,61.9
6398,2025-08-02,Line-D,Night,M-402,OP-015,587,12,0,32.24,68.6
6399,2025-08-03,Line-A,Morning,M-102,OP-014,461,3,0,40.93,62.6
6400,2025-08-03,Line-A,Afternoon,M-101,OP-001,581,6,23,32.33,70.7
6401,2025-08-03,Line-A,Night,M-102,OP-019,523,1,1,23.16,68.8
6402,2025-08-03,Line-B,Morning,M-202,OP-018,400,0,8,18.95,69.0
6403,2025-08-03,Line-B,Afternoon,M-201,OP-018,404,15,0,50.25,62.1
6404,2025-08-03,Line-B,Night,M-202,OP-005,458,0,0,38.76,69.2
6405,2025-08-03,Line-C,Morning,M-302,OP-013,436,8,3,29.54,71.0
6406,2025-08-03,Line-C,Afternoon,M-301,OP-005,460,9,15,28.37,65.1
6407,2025-08-03,Line-C,Night,M-303,OP-003,448,23,46,36.31,67.0
6408,2025-08-03,Line-D,Morning,M-402,OP-015,434,11,4,41.0,68.9
6409,2025-08-03,Line-D,Afternoon,M-401,OP-015,550,4,12,33.08,63.9
6410,2025-08-03,Line-D,Night,M-401,OP-010,481,14,7,25.74,75.2
6411,2025-08-04,Line-A,Morning,M-102,OP-002,409,8,1,25.32,71.0
6412,2025-08-04,Line-A,Afternoon,M-102,OP-002,467,10,0,32.52,65.1
6413,2025-08-04,Line-A,Night,M-102,OP-014,367,14,21,31.14,73.0
6414,2025-08-04,Line-B,Morning,M-201,OP-015,494,18,32,38.61,66.0
6415,2025-08-04,Line-B,Afternoon,M-201,OP-007,404,14,48,43.66,66.0
6416,2025-08-04,Line-B,Night,M-201,OP-020,418,17,9,42.63,71.8
6417,2025-08-04,Line-C,Morning,M-301,OP-005,622,4,25,26.46,63.5
6418,2025-08-04,Line-C,Night,M-303,OP-004,412,19,21,38.97,66.2
6419,2025-08-04,Line-D,Morning,M-401,OP-008,435,4,0,30.43,68.3
6420,2025-08-04,Line-D,Night,M-402,OP-015,432,9,32,30.12,73.3
6421,2025-08-05,Line-A,Morning,M-101,OP-014,614,27,0,24.08,66.2
6422,2025-08-05,Line-A,Afternoon,M-102,OP-001,487,16,21,23.98,65.6
6423,2025-08-05,Line-A,Night,M-102,OP-005,477,1,12,24.06,61.4
6424,2025-08-05,Line-B,Morning,M-202,OP-011,423,9,18,30.48,72.0
6425,2025-08-05,Line-B,Afternoon,M-201,OP-006,533,25,35,42.65,67.4
6426,2025-08-05,Line-B,Night,M-202,OP-007,349,10,17,23.92,73.7
6427,2025-08-05,Line-C,Afternoon,M-301,OP-008,444,8,27,31.1,73.3
6428,2025-08-05,Line-C,Night,M-303,OP-009,458,28,23,48.59,58.9
6429,2025-08-05,Line-D,Morning,M-401,OP-008,413,9,5,29.63,68.2
6430,2025-08-05,Line-D,Night,M-401,OP-002,408,3,15,26.67,73.4
6431,2025-08-06,Line-A,Morning,M-102,OP-015,468,12,18,26.99,60.1
6432,2025-08-06,Line-A,Night,M-101,OP-003,551,5,5,29.25,67.8
6433,2025-08-06,Line-B,Morning,M-201,OP-006,537,24,33,47.09,70.4
6434,2025-08-06,Line-B,Afternoon,M-201,OP-010,435,15,22,41.75,63.0
6435,2025-08-06,Line-C,Morning,M-302,OP-014,485,8,0,22.97,56.5
6436,2025-08-06,Line-C,Afternoon,M-302,OP-018,459,13,0,23.39,67.3
6437,2025-08-06,Line-C,Night,M-301,OP-016,416,3,20,27.53,62.1
6438,2025-08-06,Line-D,Morning,M-402,OP-011,354,14,28,27.74,68.4
6439,2025-08-06,Line-D,Afternoon,M-402,OP-004,450,10,0,27.28,69.8
6440,2025-08-06,Line-D,Night,M-401,OP-009,567,14,30,28.44,65.5
6441,2025-08-07,Line-A,Afternoon,M-101,OP-018,363,7,17,28.5,64.9
6442,2025-08-07,Line-A,Night,M-102,OP-005,554,13,31,25.23,65.2
6443,2025-08-07,Line-B,Morning,M-202,OP-005,552,10,3,27.5,68.0
6444,2025-08-07,Line-B,Afternoon,M-201,OP-006,540,23,46,44.34,64.5
6445,2025-08-07,Line-B,Night,M-201,OP-019,427,17,14,39.43,74.1
6446,2025-08-07,Line-C,Morning,M-302,OP-013,478,5,40,25.35,64.2
6447,2025-08-07,Line-C,Afternoon,M-303,OP-010,553,29,33,46.16,69.2
6448,2025-08-07,Line-C,Night,M-303,OP-005,408,9,26,47.42,66.3
6449,2025-08-07,Line-D,Morning,M-402,OP-008,507,10,0,27.97,69.4
6450,2025-08-07,Line-D,Afternoon,M-402,OP-019,432,6,17,30.36,72.2
6451,2025-08-07,Line-D,Night,M-401,OP-006,503,4,4,30.1,73.4
6452,2025-08-08,Line-A,Morning,M-101,OP-003,451,0,18,26.22,62.9
6453,2025-08-08,Line-A,Afternoon,M-101,OP-017,481,13,3,32.48,70.7
6454,2025-08-08,Line-A,Night,M-101,OP-008,527,6,0,25.08,71.2
6455,2025-08-08,Line-B,Morning,M-202,OP-020,520,4,43,24.62,72.0
6456,2025-08-08,Line-B,Night,M-201,OP-015,571,26,23,38.26,67.0
6457,2025-08-08,Line-C,Morning,M-302,OP-010,544,3,0,31.81,70.3
6458,2025-08-08,Line-C,Afternoon,M-303,OP-008,598,19,32,47.81,68.5
6459,2025-08-08,Line-C,Night,M-302,OP-004,468,12,3,34.26,63.0
6460,2025-08-08,Line-D,Morning,M-402,OP-012,388,6,0,30.42,61.1
6461,2025-08-08,Line-D,Afternoon,M-402,OP-004,496,10,10,32.18,68.8
6462,2025-08-08,Line-D,Night,M-401,OP-006,462,17,17,33.86,72.3
6463,2025-08-09,Line-A,Morning,M-102,OP-013,520,20,14,29.97,65.4
6464,2025-08-09,Line-A,Afternoon,M-101,OP-008,464,5,22,25.44,68.3
6465,2025-08-09,Line-A,Night,M-101,OP-006,513,10,0,33.49,67.7
6466,2025-08-09,Line-B,Afternoon,M-201,OP-005,307,11,56,49.42,70.1
6467,2025-08-09,Line-B,Night,M-201,OP-013,527,20,31,48.18,69.7
6468,2025-08-09,Line-C,Morning,M-303,OP-009,483,21,52,47.61,70.6
6469,2025-08-09,Line-C,Afternoon,M-303,OP-013,483,20,45,36.49,64.4
6470,2025-08-09,Line-C,Night,M-301,OP-007,392,12,1,32.02,67.5
6471,2025-08-09,Line-D,Morning,M-401,OP-018,653,15,0,35.88,66.5
6472,2025-08-09,Line-D,Afternoon,M-401,OP-010,467,5,14,30.91,65.4
6473,2025-08-09,Line-D,Night,M-402,OP-001,449,9,0,22.79,74.7
6474,2025-08-10,Line-A,Morning,M-102,OP-017,499,6,0,29.72,71.9
6475,2025-08-10,Line-A,Afternoon,M-102,OP-001,638,24,0,27.52,62.1
6476,2025-08-10,Line-A,Night,M-101,OP-006,429,7,6,40.27,62.7
6477,2025-08-10,Line-B,Afternoon,M-202,OP-017,477,0,16,23.29,72.4
6478,2025-08-10,Line-B,Night,M-201,OP-020,462,14,3,37.11,69.0
6479,2025-08-10,Line-C,Morning,M-302,OP-007,505,7,25,24.32,56.3
6480,2025-08-10,Line-C,Afternoon,M-302,OP-016,496,15,31,23.5,65.8
6481,2025-08-10,Line-C,Night,M-303,OP-006,523,20,36,38.42,63.6
6482,2025-08-10,Line-D,Morning,M-401,OP-006,426,12,12,36.36,70.1
6483,2025-08-10,Line-D,Afternoon,M-402,OP-014,576,15,23,29.4,80.0
6484,2025-08-10,Line-D,Night,M-401,OP-015,486,0,16,25.09,72.1
6485,2025-08-11,Line-A,Morning,M-102,OP-011,523,8,0,30.73,65.4
6486,2025-08-11,Line-A,Afternoon,M-101,OP-012,527,12,56,27.77,66.8
6487,2025-08-11,Line-A,Night,M-101,OP-014,470,8,27,28.62,75.9
6488,2025-08-11,Line-B,Morning,M-202,OP-012,514,7,0,35.2,68.1
6489,2025-08-11,Line-B,Afternoon,M-201,OP-020,480,19,34,38.81,73.4
6490,2025-08-11,Line-B,Night,M-202,OP-019,523,8,9,30.46,68.0
6491,2025-08-11,Line-C,Morning,M-301,OP-005,422,0,0,29.36,65.0
6492,2025-08-11,Line-C,Afternoon,M-301,OP-003,529,8,40,27.19,68.6
6493,2025-08-11,Line-C,Night,M-302,OP-007,462,10,27,33.04,59.9
6494,2025-08-11,Line-D,Afternoon,M-402,OP-019,509,4,7,33.45,63.5
6495,2025-08-11,Line-D,Night,M-402,OP-008,549,8,44,30.34,74.8
6496,2025-08-12,Line-A,Morning,M-101,OP-014,551,7,0,30.57,65.7
6497,2025-08-12,Line-A,Afternoon,M-102,OP-006,574,9,7,23.02,69.7
6498,2025-08-12,Line-B,Morning,M-202,OP-009,409,9,20,26.25,71.8
6499,2025-08-12,Line-B,Afternoon,M-201,OP-018,463,14,58,37.38,70.0
6500,2025-08-12,Line-B,Night,M-201,OP-007,505,25,40,37.15,74.8
6501,2025-08-12,Line-C,Morning,M-301,OP-018,537,12,0,25.11,70.6
6502,2025-08-12,Line-C,Afternoon,M-301,OP-002,359,8,0,25.66,62.4
6503,2025-08-12,Line-C,Night,M-303,OP-008,494,28,40,44.29,68.7
6504,2025-08-12,Line-D,Morning,M-401,OP-003,520,12,0,34.53,71.2
6505,2025-08-12,Line-D,Afternoon,M-401,OP-006,458,0,15,31.63,66.2
6506,2025-08-12,Line-D,Night,M-401,OP-006,491,14,47,30.73,69.3
6507,2025-08-13,Line-A,Morning,M-102,OP-010,430,6,9,35.89,71.3
6508,2025-08-13,Line-A,Afternoon,M-101,OP-012,595,2,0,35.51,73.8
6509,2025-08-13,Line-A,Night,M-102,OP-018,481,0,0,31.68,64.4
6510,2025-08-13,Line-B,Morning,M-202,OP-013,491,18,33,34.04,67.7
6511,2025-08-13,Line-B,Afternoon,M-201,OP-004,450,24,35,42.3,61.8
6512,2025-08-13,Line-B,Night,M-201,OP-017,437,23,18,43.33,69.7
6513,2025-08-13,Line-C,Morning,M-303,OP-018,508,26,44,38.88,62.1
6514,2025-08-13,Line-C,Night,M-302,OP-005,427,11,0,24.8,63.8
6515,2025-08-13,Line-D,Morning,M-401,OP-002,369,2,27,26.42,61.0
6516,2025-08-13,Line-D,Afternoon,M-401,OP-019,449,10,0,34.77,62.2
6517,2025-08-13,Line-D,Night,M-402,OP-015,456,6,3,29.68,71.1
6518,2025-08-14,Line-A,Morning,M-102,OP-008,477,6,18,31.04,65.3
6519,2025-08-14,Line-A,Afternoon,M-102,OP-013,482,5,0,34.03,69.8
6520,2025-08-14,Line-A,Night,M-102,OP-013,526,13,0,35.01,66.8
6521,2025-08-14,Line-B,Morning,M-201,OP-020,535,23,39,43.72,71.3
6522,2025-08-14,Line-B,Afternoon,M-201,OP-007,381,11,45,43.78,64.9
6523,2025-08-14,Line-B,Night,M-201,OP-004,501,15,83,48.56,70.5
6524,2025-08-14,Line-C,Morning,M-303,OP-014,484,19,15,41.43,64.6
6525,2025-08-14,Line-C,Afternoon,M-301,OP-003,431,2,15,28.12,70.1
6526,2025-08-14,Line-C,Night,M-301,OP-010,507,10,51,34.12,63.0
6527,2025-08-14,Line-D,Morning,M-401,OP-010,507,9,0,22.89,69.8
6528,2025-08-14,Line-D,Afternoon,M-402,OP-018,521,4,26,31.42,72.8
6529,2025-08-14,Line-D,Night,M-401,OP-010,545,9,36,24.38,77.6
6530,2025-08-15,Line-A,Morning,M-101,OP-003,427,7,3,28.12,79.7
6531,2025-08-15,Line-A,Afternoon,M-102,OP-005,452,12,8,34.68,65.8
6532,2025-08-15,Line-A,Night,M-102,OP-019,495,12,1,43.79,70.7
6533,2025-08-15,Line-B,Morning,M-202,OP-019,466,5,13,23.92,75.1
6534,2025-08-15,Line-B,Afternoon,M-201,OP-006,505,22,50,38.39,63.4
6535,2025-08-15,Line-B,Night,M-201,OP-004,472,22,42,34.62,66.2
6536,2025-08-15,Line-C,Morning,M-301,OP-002,294,2,22,34.81,63.4
6537,2025-08-15,Line-C,Afternoon,M-302,OP-014,460,8,28,37.65,68.6
6538,2025-08-15,Line-C,Night,M-303,OP-006,464,14,36,52.37,73.2
6539,2025-08-15,Line-D,Morning,M-401,OP-001,490,10,1,28.21,68.6
6540,2025-08-15,Line-D,Afternoon,M-401,OP-006,489,14,26,32.6,64.0
6541,2025-08-15,Line-D,Night,M-401,OP-018,422,4,15,19.87,68.0
6542,2025-08-16,Line-A,Morning,M-101,OP-001,564,14,6,26.51,71.2
6543,2025-08-16,Line-A,Afternoon,M-101,OP-011,498,8,3,30.38,66.8
6544,2025-08-16,Line-A,Night,M-102,OP-008,527,16,0,23.87,73.4
6545,2025-08-16,Line-B,Morning,M-201,OP-018,489,16,49,43.71,76.8
6546,2025-08-16,Line-B,Afternoon,M-202,OP-018,465,14,0,36.98,71.8
6547,2025-08-16,Line-B,Night,M-202,OP-020,576,17,10,24.14,65.6
6548,2025-08-16,Line-C,Morning,M-303,OP-020,374,13,41,41.76,67.1
6549,2025-08-16,Line-C,Night,M-303,OP-014,432,12,37,43.9,64.0
6550,2025-08-16,Line-D,Morning,M-402,OP-014,447,15,29,22.58,67.7
6551,2025-08-16,Line-D,Afternoon,M-401,OP-006,567,9,7,35.46,71.9
6552,2025-08-16,Line-D,Night,M-401,OP-017,536,8,21,37.47,67.8
6553,2025-08-17,Line-A,Morning,M-102,OP-007,455,14,42,40.58,66.5
6554,2025-08-17,Line-A,Afternoon,M-102,OP-014,463,4,13,24.63,65.9
6555,2025-08-17,Line-A,Night,M-101,OP-017,522,11,0,37.85,63.7
6556,2025-08-17,Line-B,Morning,M-201,OP-018,422,14,25,37.52,64.5
6557,2025-08-17,Line-B,Afternoon,M-202,OP-006,332,6,15,41.22,69.9
6558,2025-08-17,Line-B,Night,M-201,OP-008,450,15,33,44.24,66.0
6559,2025-08-17,Line-C,Morning,M-302,OP-004,483,18,6,20.57,71.5
6560,2025-08-17,Line-D,Morning,M-401,OP-007,498,0,18,25.01,69.8
6561,2025-08-17,Line-D,Afternoon,M-401,OP-004,594,10,28,23.86,61.9
6562,2025-08-17,Line-D,Night,M-401,OP-012,601,13,21,35.76,65.9
6563,2025-08-18,Line-A,Morning,M-102,OP-020,529,13,0,37.56,73.2
6564,2025-08-18,Line-A,Afternoon,M-101,OP-017,402,8,8,37.09,62.4
6565,2025-08-18,Line-A,Night,M-101,OP-013,696,11,23,36.94,67.2
6566,2025-08-18,Line-B,Morning,M-202,OP-016,473,6,0,31.36,67.5
6567,2025-08-18,Line-B,Afternoon,M-201,OP-014,449,18,43,38.01,67.0
6568,2025-08-18,Line-B,Night,M-202,OP-019,533,11,0,29.88,69.7
6569,2025-08-18,Line-C,Morning,M-303,OP-018,539,20,26,38.52,65.4
6570,2025-08-18,Line-C,Afternoon,M-303,OP-009,504,26,50,41.54,62.4
6571,2025-08-18,Line-C,Night,M-301,OP-020,520,10,12,23.58,67.2
6572,2025-08-18,Line-D,Morning,M-402,OP-014,408,9,5,27.4,61.9
6573,2025-08-18,Line-D,Afternoon,M-401,OP-012,541,8,13,26.32,61.4
6574,2025-08-18,Line-D,Night,M-402,OP-019,448,6,16,28.22,65.1
6575,2025-08-19,Line-A,Morning,M-101,OP-018,389,7,0,36.6,68.6
6576,2025-08-19,Line-A,Afternoon,M-102,OP-016,513,8,15,25.55,63.3
6577,2025-08-19,Line-A,Night,M-101,OP-005,480,11,0,27.5,75.4
6578,2025-08-19,Line-B,Morning,M-202,OP-012,508,17,2,27.71,71.9
6579,2025-08-19,Line-B,Afternoon,M-202,OP-018,517,9,0,35.78,78.0
6580,2025-08-19,Line-B,Night,M-201,OP-020,385,23,27,40.33,69.1
6581,2025-08-19,Line-C,Morning,M-303,OP-004,407,18,10,44.38,76.9
6582,2025-08-19,Line-C,Afternoon,M-302,OP-007,441,7,10,34.93,69.6
6583,2025-08-19,Line-C,Night,M-303,OP-019,535,21,41,25.16,70.7
6584,2025-08-19,Line-D,Morning,M-401,OP-011,406,6,23,22.32,72.4
6585,2025-08-19,Line-D,Afternoon,M-402,OP-014,472,15,0,20.94,67.9
6586,2025-08-19,Line-D,Night,M-401,OP-015,515,13,0,21.88,66.8
6587,2025-08-20,Line-A,Morning,M-101,OP-019,510,12,35,28.13,60.6
6588,2025-08-20,Line-A,Afternoon,M-101,OP-015,551,11,16,33.84,73.1
6589,2025-08-20,Line-A,Night,M-102,OP-005,478,14,20,26.72,67.1
6590,2025-08-20,Line-B,Morning,M-202,OP-014,517,6,25,30.79,69.5
6591,2025-08-20,Line-B,Afternoon,M-202,OP-003,566,12,13,29.59,67.5
6592,2025-08-20,Line-B,Night,M-202,OP-016,498,16,2,26.56,73.1
6593,2025-08-20,Line-C,Night,M-302,OP-010,446,9,3,21.6,68.8
6594,2025-08-20,Line-D,Morning,M-402,OP-009,546,9,0,30.55,65.0
6595,2025-08-20,Line-D,Afternoon,M-402,OP-013,322,6,19,35.89,75.0
6596,2025-08-20,Line-D,Night,M-401,OP-020,519,14,0,38.11,73.1
6597,2025-08-21,Line-A,Morning,M-102,OP-004,457,11,20,37.35,67.4
6598,2025-08-21,Line-A,Afternoon,M-101,OP-010,435,6,25,20.4,56.0
6599,2025-08-21,Line-A,Night,M-102,OP-007,533,11,12,23.47,61.2
6600,2025-08-21,Line-B,Morning,M-201,OP-013,441,21,26,46.5,64.2
6601,2025-08-21,Line-B,Afternoon,M-201,OP-009,448,23,29,40.36,65.4
6602,2025-08-21,Line-B,Night,M-201,OP-020,430,21,42,43.14,65.5
6603,2025-08-21,Line-C,Morning,M-303,OP-017,467,28,13,51.43,68.4
6604,2025-08-21,Line-C,Afternoon,M-301,OP-011,469,13,0,36.9,75.4
6605,2025-08-21,Line-C,Night,M-301,OP-002,545,0,23,38.23,74.2
6606,2025-08-21,Line-D,Morning,M-401,OP-015,395,11,38,30.15,62.2
6607,2025-08-21,Line-D,Night,M-401,OP-001,529,15,9,24.05,71.9
6608,2025-08-22,Line-A,Morning,M-101,OP-009,433,10,35,21.71,71.6
6609,2025-08-22,Line-A,Afternoon,M-102,OP-012,467,8,19,26.14,63.3
6610,2025-08-22,Line-A,Night,M-101,OP-001,372,11,6,32.85,66.1
6611,2025-08-22,Line-B,Morning,M-201,OP-002,410,21,39,40.82,69.2
6612,2025-08-22,Line-B,Afternoon,M-202,OP-018,422,12,31,33.8,66.5
6613,2025-08-22,Line-B,Night,M-202,OP-009,483,16,31,39.97,64.9
6614,2025-08-22,Line-C,Morning,M-303,OP-004,427,20,41,41.29,66.4
6615,2025-08-22,Line-C,Afternoon,M-302,OP-008,556,10,0,24.5,69.0
6616,2025-08-22,Line-D,Morning,M-402,OP-012,660,5,7,42.02,66.1
6617,2025-08-22,Line-D,Afternoon,M-401,OP-001,507,19,0,28.45,66.1
6618,2025-08-22,Line-D,Night,M-402,OP-013,388,13,3,25.62,66.2
6619,2025-08-23,Line-A,Morning,M-102,OP-004,535,10,0,32.05,71.3
6620,2025-08-23,Line-A,Afternoon,M-102,OP-007,478,7,27,29.1,74.4
6621,2025-08-23,Line-B,Morning,M-202,OP-013,434,4,0,28.81,68.0
6622,2025-08-23,Line-B,Afternoon,M-202,OP-019,400,8,20,22.67,65.9
6623,2025-08-23,Line-B,Night,M-202,OP-018,514,4,7,35.44,75.2
6624,2025-08-23,Line-C,Morning,M-302,OP-014,506,8,4,34.55,72.5
6625,2025-08-23,Line-C,Afternoon,M-301,OP-017,410,11,2,25.7,67.4
6626,2025-08-23,Line-C,Night,M-303,OP-001,539,26,39,43.76,69.9
6627,2025-08-23,Line-D,Morning,M-402,OP-006,473,12,2,33.26,71.4
6628,2025-08-23,Line-D,Afternoon,M-401,OP-001,521,13,18,35.87,58.9
6629,2025-08-23,Line-D,Night,M-401,OP-014,531,20,2,26.33,73.1
6630,2025-08-24,Line-A,Morning,M-101,OP-002,424,5,14,26.01,71.5
6631,2025-08-24,Line-A,Afternoon,M-102,OP-010,432,9,16,38.32,72.7
6632,2025-08-24,Line-A,Night,M-102,OP-005,448,2,24,26.73,66.7
6633,2025-08-24,Line-B,Morning,M-201,OP-013,416,22,25,41.82,67.9
6634,2025-08-24,Line-B,Afternoon,M-202,OP-014,491,12,8,26.29,60.6
6635,2025-08-24,Line-B,Night,M-202,OP-012,486,8,1,30.31,71.4
6636,2025-08-24,Line-C,Morning,M-301,OP-013,546,1,6,34.81,74.4
6637,2025-08-24,Line-C,Afternoon,M-301,OP-004,430,14,0,35.74,66.9
6638,2025-08-24,Line-C,Night,M-302,OP-020,573,8,7,29.33,61.9
6639,2025-08-24,Line-D,Morning,M-402,OP-005,374,9,26,33.04,63.0
6640,2025-08-24,Line-D,Afternoon,M-402,OP-006,508,4,18,35.66,69.5
6641,2025-08-24,Line-D,Night,M-401,OP-004,568,9,8,30.34,62.6
6642,2025-08-25,Line-A,Morning,M-102,OP-008,455,7,7,31.34,62.1
6643,2025-08-25,Line-A,Afternoon,M-102,OP-015,411,12,0,33.08,66.5
6644,2025-08-25,Line-A,Night,M-102,OP-016,489,16,10,33.13,68.2
6645,2025-08-25,Line-B,Morning,M-202,OP-010,473,7,22,26.34,63.5
6646,2025-08-25,Line-B,Afternoon,M-202,OP-012,484,10,0,29.95,63.1
6647,2025-08-25,Line-B,Night,M-202,OP-011,517,0,40,28.31,64.5
6648,2025-08-25,Line-C,Morning,M-301,OP-018,463,11,25,28.63,62.2
6649,2025-08-25,Line-C,Afternoon,M-301,OP-016,407,8,26,35.59,68.7
6650,2025-08-25,Line-C,Night,M-301,OP-010,538,20,29,34.61,64.8
6651,2025-08-25,Line-D,Morning,M-402,OP-007,537,12,21,36.31,69.4
6652,2025-08-25,Line-D,Afternoon,M-401,OP-001,473,3,7,31.06,69.1
6653,2025-08-25,Line-D,Night,M-402,OP-005,494,14,24,29.69,64.6
6654,2025-08-26,Line-A,Morning,M-101,OP-003,503,20,16,28.52,70.1
6655,2025-08-26,Line-A,Afternoon,M-102,OP-008,515,12,32,31.93,73.3
6656,2025-08-26,Line-A,Night,M-101,OP-015,493,16,30,34.61,71.2
6657,2025-08-26,Line-B,Morning,M-202,OP-009,618,18,0,31.23,66.9
6658,2025-08-26,Line-B,Afternoon,M-201,OP-020,603,35,65,38.2,72.4
6659,2025-08-26,Line-B,Night,M-202,OP-011,398,1,6,37.56,64.0
6660,2025-08-26,Line-C,Morning,M-301,OP-006,478,14,24,41.08,68.0
6661,2025-08-26,Line-C,Afternoon,M-302,OP-006,453,3,6,24.48,60.8
6662,2025-08-26,Line-C,Night,M-302,OP-005,597,11,50,25.8,66.3
6663,2025-08-26,Line-D,Morning,M-402,OP-004,433,5,25,32.83,71.5
6664,2025-08-26,Line-D,Afternoon,M-402,OP-016,560,16,0,27.38,68.5
6665,2025-08-26,Line-D,Night,M-401,OP-015,703,18,13,33.37,65.6
6666,2025-08-27,Line-A,Afternoon,M-101,OP-017,495,14,11,26.22,67.7
6667,2025-08-27,Line-A,Night,M-101,OP-012,460,2,3,23.04,63.1
6668,2025-08-27,Line-B,Morning,M-201,OP-009,411,22,57,34.32,74.3
6669,2025-08-27,Line-B,Afternoon,M-202,OP-009,412,10,15,33.18,63.3
6670,2025-08-27,Line-B,Night,M-202,OP-007,371,4,18,39.78,63.9
6671,2025-08-27,Line-C,Morning,M-301,OP-010,474,5,11,20.35,74.0
6672,2025-08-27,Line-C,Afternoon,M-303,OP-010,481,26,31,42.95,72.5
6673,2025-08-27,Line-C,Night,M-302,OP-004,487,10,0,27.33,63.9
6674,2025-08-27,Line-D,Morning,M-402,OP-019,435,13,39,23.76,69.6
6675,2025-08-27,Line-D,Afternoon,M-402,OP-010,460,15,14,29.96,65.0
6676,2025-08-27,Line-D,Night,M-401,OP-002,388,10,17,31.89,65.6
6677,2025-08-28,Line-A,Morning,M-102,OP-017,471,12,26,24.11,65.5
6678,2025-08-28,Line-A,Afternoon,M-101,OP-007,396,8,25,28.61,65.3
6679,2025-08-28,Line-A,Night,M-101,OP-014,459,19,29,33.65,69.3
6680,2025-08-28,Line-B,Morning,M-201,OP-007,479,17,19,39.16,64.2
6681,2025-08-28,Line-B,Afternoon,M-201,OP-014,443,19,34,38.9,70.0
6682,2025-08-28,Line-B,Night,M-202,OP-017,468,9,0,33.46,65.9
6683,2025-08-28,Line-C,Morning,M-301,OP-018,576,9,10,32.97,71.2
6684,2025-08-28,Line-C,Night,M-302,OP-018,535,19,21,29.67,65.9
6685,2025-08-28,Line-D,Morning,M-401,OP-010,471,15,0,25.9,67.1
6686,2025-08-28,Line-D,Afternoon,M-402,OP-006,430,6,39,28.51,69.6
6687,2025-08-28,Line-D,Night,M-401,OP-011,380,3,25,38.34,68.9
6688,2025-08-29,Line-A,Morning,M-102,OP-010,461,11,0,31.15,63.8
6689,2025-08-29,Line-A,Afternoon,M-101,OP-011,527,0,2,29.8,65.0
6690,2025-08-29,Line-A,Night,M-102,OP-017,457,12,11,25.35,71.8
6691,2025-08-29,Line-B,Afternoon,M-201,OP-012,495,24,21,29.26,64.4
6692,2025-08-29,Line-B,Night,M-202,OP-007,419,5,0,30.56,71.5
6693,2025-08-29,Line-C,Morning,M-302,OP-016,544,14,0,30.29,74.3
6694,2025-08-29,Line-C,Afternoon,M-302,OP-015,384,12,0,31.47,69.7
6695,2025-08-29,Line-C,Night,M-301,OP-019,491,20,7,21.8,69.4
6696,2025-08-29,Line-D,Morning,M-401,OP-010,469,11,25,29.83,69.7
6697,2025-08-29,Line-D,Afternoon,M-402,OP-005,488,18,6,26.56,71.5
6698,2025-08-29,Line-D,Night,M-402,OP-013,424,9,9,29.49,77.7
6699,2025-08-30,Line-A,Morning,M-102,OP-009,554,16,19,26.54,69.0
6700,2025-08-30,Line-A,Afternoon,M-102,OP-002,514,10,13,28.01,69.1
6701,2025-08-30,Line-A,Night,M-101,OP-002,448,11,0,36.79,62.8
6702,2025-08-30,Line-B,Morning,M-202,OP-016,415,9,20,40.39,69.2
6703,2025-08-30,Line-B,Afternoon,M-201,OP-018,477,22,58,54.12,67.3
6704,2025-08-30,Line-B,Night,M-202,OP-006,512,9,10,39.4,64.3
6705,2025-08-30,Line-C,Morning,M-301,OP-018,339,7,30,31.1,70.0
6706,2025-08-30,Line-C,Afternoon,M-303,OP-017,525,24,43,44.7,60.2
6707,2025-08-30,Line-C,Night,M-302,OP-006,486,1,11,27.52,72.1
6708,2025-08-30,Line-D,Morning,M-402,OP-009,494,11,9,35.26,61.6
6709,2025-08-30,Line-D,Afternoon,M-402,OP-020,426,13,5,19.27,73.8
6710,2025-08-30,Line-D,Night,M-402,OP-019,544,14,13,38.3,73.0
6711,2025-08-31,Line-A,Morning,M-101,OP-018,572,14,13,28.0,62.9
6712,2025-08-31,Line-A,Afternoon,M-102,OP-016,510,12,6,33.07,66.7
6713,2025-08-31,Line-A,Night,M-102,OP-017,532,5,0,28.8,71.3
6714,2025-08-31,Line-B,Morning,M-201,OP-019,410,23,10,40.77,62.3
6715,2025-08-31,Line-B,Night,M-202,OP-019,323,7,9,23.01,65.9
6716,2025-08-31,Line-C,Morning,M-303,OP-020,506,21,32,40.01,65.7
6717,2025-08-31,Line-C,Afternoon,M-303,OP-003,444,17,23,36.91,66.5
6718,2025-08-31,Line-C,Night,M-302,OP-017,441,3,23,36.16,68.0
6719,2025-08-31,Line-D,Morning,M-402,OP-003,483,5,28,38.69,67.3
6720,2025-08-31,Line-D,Afternoon,M-402,OP-019,448,10,13,27.5,69.9
6721,2025-08-31,Line-D,Night,M-402,OP-011,536,5,50,22.34,64.6
6722,2025-09-01,Line-A,Morning,M-102,OP-007,494,20,3,24.67,70.2
6723,2025-09-01,Line-A,Afternoon,M-101,OP-017,465,11,10,25.71,77.4
6724,2025-09-01,Line-A,Night,M-101,OP-003,302,11,25,26.27,75.5
6725,2025-09-01,Line-B,Morning,M-201,OP-001,397,22,3,36.27,63.4
6726,2025-09-01,Line-B,Afternoon,M-202,OP-014,434,8,0,19.82,69.9
6727,2025-09-01,Line-B,Night,M-201,OP-003,482,24,37,46.77,67.7
6728,2025-09-01,Line-C,Morning,M-303,OP-016,540,20,24,48.88,73.4
6729,2025-09-01,Line-C,Afternoon,M-301,OP-009,514,5,0,36.64,73.1
6730,2025-09-01,Line-C,Night,M-302,OP-019,476,20,18,24.46,66.9
6731,2025-09-01,Line-D,Afternoon,M-401,OP-004,480,9,30,25.22,62.7
6732,2025-09-01,Line-D,Night,M-401,OP-012,516,7,48,34.72,65.9
6733,2025-09-02,Line-A,Morning,M-102,OP-014,552,14,21,29.39,69.7
6734,2025-09-02,Line-A,Afternoon,M-101,OP-012,353,11,0,27.79,61.6
6735,2025-09-02,Line-A,Night,M-102,OP-017,449,8,0,16.13,68.8
6736,2025-09-02,Line-B,Morning,M-201,OP-015,605,25,49,49.52,60.4
6737,2025-09-02,Line-B,Afternoon,M-201,OP-011,452,15,22,50.51,68.9
6738,2025-09-02,Line-B,Night,M-202,OP-001,527,9,0,33.39,73.0
6739,2025-09-02,Line-C,Morning,M-301,OP-004,499,11,0,33.53,73.4
6740,2025-09-02,Line-C,Afternoon,M-303,OP-003,504,14,59,37.28,69.6
6741,2025-09-02,Line-D,Morning,M-401,OP-019,537,15,0,30.59,68.2
6742,2025-09-02,Line-D,Afternoon,M-402,OP-005,566,13,33,32.7,67.7
6743,2025-09-02,Line-D,Night,M-402,OP-012,491,16,0,34.53,65.5
6744,2025-09-03,Line-A,Morning,M-102,OP-002,429,12,0,31.89,66.0
6745,2025-09-03,Line-A,Afternoon,M-102,OP-018,338,8,13,20.45,65.2
6746,2025-09-03,Line-A,Night,M-101,OP-002,371,9,32,34.25,72.0
6747,2025-09-03,Line-B,Morning,M-201,OP-005,448,23,34,42.93,71.8
6748,2025-09-03,Line-B,Afternoon,M-202,OP-007,550,8,0,29.06,67.1
6749,2025-09-03,Line-B,Night,M-202,OP-017,497,13,0,26.65,64.1
6750,2025-09-03,Line-C,Morning,M-302,OP-013,555,9,4,32.69,65.6
6751,2025-09-03,Line-C,Afternoon,M-302,OP-003,479,17,38,27.96,67.3
6752,2025-09-03,Line-C,Night,M-302,OP-017,442,0,27,42.11,66.2
6753,2025-09-03,Line-D,Morning,M-402,OP-019,430,7,13,24.32,66.2
6754,2025-09-03,Line-D,Afternoon,M-402,OP-008,540,10,31,31.82,63.6
6755,2025-09-03,Line-D,Night,M-401,OP-001,445,9,0,23.74,63.2
6756,2025-09-04,Line-A,Morning,M-102,OP-014,510,7,29,25.52,58.2
6757,2025-09-04,Line-A,Afternoon,M-102,OP-015,472,16,12,23.14,61.5
6758,2025-09-04,Line-A,Night,M-101,OP-011,551,5,35,33.27,64.9
6759,2025-09-04,Line-B,Morning,M-202,OP-008,550,5,0,25.67,71.1
6760,2025-09-04,Line-B,Afternoon,M-201,OP-012,548,22,6,34.22,63.7
6761,2025-09-04,Line-B,Night,M-201,OP-004,402,19,64,45.98,63.5
6762,2025-09-04,Line-C,Morning,M-301,OP-013,438,6,17,37.86,66.1
6763,2025-09-04,Line-C,Afternoon,M-303,OP-002,572,38,29,40.12,66.6
6764,2025-09-04,Line-C,Night,M-303,OP-008,483,20,48,34.26,65.9
6765,2025-09-04,Line-D,Morning,M-401,OP-015,499,13,44,23.55,65.4
6766,2025-09-04,Line-D,Night,M-402,OP-013,344,2,0,27.39,67.1
6767,2025-09-05,Line-A,Morning,M-102,OP-008,508,8,19,30.57,63.9
6768,2025-09-05,Line-A,Afternoon,M-101,OP-013,378,9,36,42.68,71.7
6769,2025-09-05,Line-A,Night,M-102,OP-003,567,13,16,30.56,67.6
6770,2025-09-05,Line-B,Morning,M-202,OP-003,516,7,9,24.11,69.9
6771,2025-09-05,Line-B,Night,M-202,OP-011,422,8,19,32.93,71.1
6772,2025-09-05,Line-C,Morning,M-301,OP-011,467,11,4,20.15,70.1
6773,2025-09-05,Line-C,Afternoon,M-303,OP-010,497,27,34,33.98,67.6
6774,2025-09-05,Line-C,Night,M-302,OP-002,533,12,9,21.68,63.9
6775,2025-09-05,Line-D,Morning,M-401,OP-002,508,1,7,30.19,72.6
6776,2025-09-05,Line-D,Afternoon,M-401,OP-005,516,14,16,25.77,65.5
6777,2025-09-05,Line-D,Night,M-401,OP-001,424,10,1,28.03,68.1
6778,2025-09-06,Line-A,Morning,M-102,OP-014,578,14,0,30.76,74.6
6779,2025-09-06,Line-A,Afternoon,M-101,OP-017,516,1,0,25.04,73.8
6780,2025-09-06,Line-A,Night,M-102,OP-009,555,7,2,30.22,68.3
6781,2025-09-06,Line-B,Morning,M-202,OP-004,422,7,0,36.36,61.0
6782,2025-09-06,Line-B,Afternoon,M-201,OP-019,373,18,16,39.5,68.3
6783,2025-09-06,Line-B,Night,M-201,OP-001,520,22,61,42.0,72.8
6784,2025-09-06,Line-C,Morning,M-303,OP-002,496,33,50,42.22,70.5
6785,2025-09-06,Line-C,Afternoon,M-302,OP-009,464,7,0,25.96,76.2
6786,2025-09-06,Line-C,Night,M-303,OP-020,407,16,33,41.7,69.5
6787,2025-09-06,Line-D,Morning,M-401,OP-019,451,10,29,36.33,66.9
6788,2025-09-06,Line-D,Afternoon,M-402,OP-020,516,3,1,24.13,67.8
6789,2025-09-06,Line-D,Night,M-402,OP-011,428,1,6,21.36,73.3
6790,2025-09-07,Line-A,Morning,M-102,OP-004,446,12,4,24.03,72.7
6791,2025-09-07,Line-A,Afternoon,M-101,OP-011,485,18,5,27.78,72.0
6792,2025-09-07,Line-A,Night,M-102,OP-005,540,11,62,28.6,62.9
6793,2025-09-07,Line-B,Morning,M-201,OP-015,419,18,57,41.07,74.3
6794,2025-09-07,Line-B,Afternoon,M-201,OP-001,506,28,40,43.9,71.0
6795,2025-09-07,Line-B,Night,M-202,OP-018,445,6,17,39.71,61.8
6796,2025-09-07,Line-C,Morning,M-301,OP-004,358,5,27,30.26,63.3
6797,2025-09-07,Line-C,Afternoon,M-302,OP-002,484,0,21,28.45,67.7
6798,2025-09-07,Line-C,Night,M-301,OP-019,505,10,3,35.17,71.2
6799,2025-09-07,Line-D,Morning,M-401,OP-017,373,6,0,23.66,70.1
6800,2025-09-07,Line-D,Afternoon,M-402,OP-015,454,8,1,31.85,70.7
6801,2025-09-07,Line-D,Night,M-402,OP-017,610,10,0,27.48,71.4
6802,2025-09-08,Line-A,Morning,M-101,OP-007,433,1,0,27.33,63.7
6803,2025-09-08,Line-A,Afternoon,M-102,OP-015,493,8,23,27.77,70.2
6804,2025-09-08,Line-B,Morning,M-201,OP-001,450,15,26,33.91,75.2
6805,2025-09-08,Line-B,Afternoon,M-201,OP-012,488,18,29,29.75,73.7
6806,2025-09-08,Line-B,Night,M-202,OP-001,560,11,16,23.66,63.2
6807,2025-09-08,Line-C,Morning,M-301,OP-013,378,6,27,28.08,69.4
6808,2025-09-08,Line-C,Afternoon,M-302,OP-006,538,1,39,35.79,70.1
6809,2025-09-08,Line-C,Night,M-302,OP-003,535,15,16,37.14,66.2
6810,2025-09-08,Line-D,Morning,M-401,OP-008,507,16,0,32.19,70.9
6811,2025-09-08,Line-D,Afternoon,M-401,OP-012,377,8,0,31.98,67.6
6812,2025-09-08,Line-D,Night,M-401,OP-001,423,12,5,31.35,73.3
6813,2025-09-09,Line-A,Morning,M-102,OP-003,424,8,4,28.64,76.6
6814,2025-09-09,Line-A,Night,M-102,OP-019,507,11,19,32.15,60.7
6815,2025-09-09,Line-B,Morning,M-202,OP-004,617,2,37,33.09,68.7
6816,2025-09-09,Line-B,Afternoon,M-201,OP-009,461,33,44,42.09,65.9
6817,2025-09-09,Line-B,Night,M-201,OP-018,440,20,21,45.4,65.4
6818,2025-09-09,Line-C,Morning,M-301,OP-020,540,15,11,32.9,70.5
6819,2025-09-09,Line-C,Afternoon,M-303,OP-010,392,24,31,45.48,70.9
6820,2025-09-09,Line-C,Night,M-303,OP-005,330,13,47,42.31,70.8
6821,2025-09-09,Line-D,Morning,M-402,OP-018,485,15,13,37.12,64.1
6822,2025-09-09,Line-D,Afternoon,M-401,OP-019,472,6,17,28.61,67.1
6823,2025-09-09,Line-D,Night,M-402,OP-005,437,6,11,19.89,58.8
6824,2025-09-10,Line-A,Morning,M-102,OP-019,483,0,9,28.11,70.2
6825,2025-09-10,Line-A,Afternoon,M-101,OP-006,439,15,24,22.44,66.9
6826,2025-09-10,Line-A,Night,M-102,OP-010,571,6,11,37.02,65.8
6827,2025-09-10,Line-B,Morning,M-201,OP-010,547,20,0,48.14,69.8
6828,2025-09-10,Line-B,Night,M-201,OP-006,510,17,19,47.75,69.0
6829,2025-09-10,Line-C,Morning,M-301,OP-018,472,10,34,33.62,66.1
6830,2025-09-10,Line-C,Afternoon,M-301,OP-002,395,9,0,24.09,73.3
6831,2025-09-10,Line-C,Night,M-302,OP-017,532,12,0,38.95,72.1
6832,2025-09-10,Line-D,Morning,M-402,OP-007,461,6,13,27.61,76.8
6833,2025-09-11,Line-A,Morning,M-102,OP-006,456,3,35,27.15,71.1
6834,2025-09-11,Line-A,Night,M-101,OP-002,520,9,0,29.76,63.3
6835,2025-09-11,Line-B,Morning,M-201,OP-013,478,25,60,36.56,67.0
6836,2025-09-11,Line-B,Afternoon,M-202,OP-005,448,9,0,25.36,61.2
6837,2025-09-11,Line-C,Morning,M-302,OP-018,393,4,37,31.74,68.3
6838,2025-09-11,Line-C,Afternoon,M-301,OP-011,560,12,19,27.63,65.5
6839,2025-09-11,Line-C,Night,M-303,OP-011,401,16,30,43.72,67.9
6840,2025-09-11,Line-D,Afternoon,M-401,OP-005,458,4,17,27.51,69.4
6841,2025-09-11,Line-D,Night,M-401,OP-001,365,8,23,33.1,67.2
6842,2025-09-12,Line-A,Morning,M-101,OP-020,534,3,10,29.03,72.1
6843,2025-09-12,Line-A,Afternoon,M-101,OP-002,358,3,38,17.85,71.3
6844,2025-09-12,Line-A,Night,M-101,OP-006,437,9,33,31.47,73.7
6845,2025-09-12,Line-B,Morning,M-201,OP-018,450,19,46,39.8,70.4
6846,2025-09-12,Line-B,Afternoon,M-201,OP-017,551,30,11,40.29,69.1
6847,2025-09-12,Line-B,Night,M-201,OP-013,465,21,39,39.37,67.2
6848,2025-09-12,Line-C,Morning,M-301,OP-004,409,5,0,30.58,67.2
6849,2025-09-12,Line-C,Night,M-302,OP-009,425,15,8,31.43,65.4
6850,2025-09-12,Line-D,Morning,M-401,OP-016,455,10,7,30.02,71.2
6851,2025-09-12,Line-D,Afternoon,M-401,OP-018,448,2,0,37.19,71.7
6852,2025-09-12,Line-D,Night,M-401,OP-016,519,7,0,28.59,67.6
6853,2025-09-13,Line-A,Morning,M-102,OP-009,412,1,0,33.29,63.2
6854,2025-09-13,Line-A,Afternoon,M-102,OP-002,498,7,20,31.68,67.1
6855,2025-09-13,Line-A,Night,M-101,OP-008,487,8,2,34.9,66.3
6856,2025-09-13,Line-B,Morning,M-202,OP-005,474,2,16,26.95,66.1
6857,2025-09-13,Line-B,Afternoon,M-201,OP-003,429,19,4,45.41,67.8
6858,2025-09-13,Line-B,Night,M-201,OP-005,451,13,41,38.83,73.2
6859,2025-09-13,Line-C,Morning,M-301,OP-019,509,17,14,35.39,69.9
6860,2025-09-13,Line-C,Afternoon,M-301,OP-005,452,9,0,40.34,67.6
6861,2025-09-13,Line-C,Night,M-303,OP-001,481,24,18,48.61,63.9
6862,2025-09-13,Line-D,Morning,M-402,OP-015,404,7,0,37.81,67.1
6863,2025-09-13,Line-D,Afternoon,M-402,OP-006,286,6,20,27.89,62.6
6864,2025-09-13,Line-D,Night,M-401,OP-007,473,6,0,24.68,68.6
6865,2025-09-14,Line-A,Morning,M-102,OP-012,534,12,0,33.08,71.1
6866,2025-09-14,Line-A,Afternoon,M-101,OP-005,563,5,11,32.84,65.9
6867,2025-09-14,Line-A,Night,M-101,OP-015,513,9,0,26.19,73.0
6868,2025-09-14,Line-B,Morning,M-202,OP-018,420,3,17,29.85,62.8
6869,2025-09-14,Line-B,Night,M-201,OP-009,448,17,25,54.62,66.8
6870,2025-09-14,Line-C,Morning,M-303,OP-012,427,28,48,45.62,64.7
6871,2025-09-14,Line-C,Afternoon,M-302,OP-004,551,14,14,21.42,67.9
6872,2025-09-14,Line-C,Night,M-301,OP-004,583,12,6,28.86,67.4
6873,2025-09-14,Line-D,Morning,M-401,OP-011,432,8,33,36.65,65.0
6874,2025-09-14,Line-D,Afternoon,M-401,OP-006,556,14,21,32.16,64.3
6875,2025-09-14,Line-D,Night,M-402,OP-010,455,12,0,24.8,69.2
6876,2025-09-15,Line-A,Morning,M-102,OP-009,432,11,0,31.22,69.3
6877,2025-09-15,Line-A,Afternoon,M-102,OP-017,451,7,1,29.91,64.2
6878,2025-09-15,Line-A,Night,M-101,OP-007,466,12,0,27.56,70.1
6879,2025-09-15,Line-B,Morning,M-201,OP-001,355,23,50,34.31,59.6
6880,2025-09-15,Line-B,Afternoon,M-202,OP-010,481,3,26,31.97,68.5
6881,2025-09-15,Line-B,Night,M-201,OP-017,445,27,46,45.02,72.8
6882,2025-09-15,Line-C,Morning,M-302,OP-018,418,13,8,31.67,67.4
6883,2025-09-15,Line-C,Afternoon,M-303,OP-004,367,20,7,37.17,66.2
6884,2025-09-15,Line-C,Night,M-302,OP-010,362,3,15,28.27,66.9
6885,2025-09-15,Line-D,Morning,M-401,OP-003,425,8,7,21.8,67.2
6886,2025-09-15,Line-D,Afternoon,M-401,OP-002,405,11,6,42.61,71.9
6887,2025-09-15,Line-D,Night,M-401,OP-013,472,11,0,34.81,64.7
6888,2025-09-16,Line-A,Morning,M-101,OP-007,485,5,2,29.09,68.3
6889,2025-09-16,Line-A,Afternoon,M-101,OP-009,478,9,0,41.66,68.9
6890,2025-09-16,Line-A,Night,M-102,OP-009,506,7,0,30.76,69.2
6891,2025-09-16,Line-B,Morning,M-201,OP-017,558,37,57,33.17,66.2
6892,2025-09-16,Line-B,Afternoon,M-201,OP-019,500,20,34,31.27,71.7
6893,2025-09-16,Line-B,Night,M-202,OP-011,367,1,0,29.51,61.5
6894,2025-09-16,Line-C,Morning,M-301,OP-005,416,12,10,32.17,63.1
6895,2025-09-16,Line-C,Afternoon,M-301,OP-006,476,8,0,29.74,60.4
6896,2025-09-16,Line-D,Morning,M-402,OP-005,506,7,8,34.26,69.7
6897,2025-09-16,Line-D,Afternoon,M-402,OP-011,460,3,31,23.3,70.5
6898,2025-09-17,Line-A,Morning,M-101,OP-001,384,10,27,20.44,69.8
6899,2025-09-17,Line-B,Morning,M-201,OP-010,501,26,40,37.19,67.1
6900,2025-09-17,Line-B,Afternoon,M-202,OP-015,579,4,16,35.76,64.0
6901,2025-09-17,Line-B,Night,M-201,OP-020,394,13,40,35.63,67.5
6902,2025-09-17,Line-C,Afternoon,M-303,OP-019,562,25,23,42.63,67.7
6903,2025-09-17,Line-C,Night,M-301,OP-009,507,17,17,40.17,69.8
6904,2025-09-17,Line-D,Morning,M-401,OP-001,433,18,10,24.73,77.3
6905,2025-09-17,Line-D,Afternoon,M-401,OP-013,436,4,3,30.82,71.7
6906,2025-09-17,Line-D,Night,M-401,OP-008,321,9,3,27.94,74.9
6907,2025-09-18,Line-A,Morning,M-102,OP-007,492,11,11,33.82,74.5
6908,2025-09-18,Line-A,Afternoon,M-102,OP-020,331,10,35,32.51,65.3
6909,2025-09-18,Line-B,Afternoon,M-202,OP-010,410,17,0,37.59,69.6
6910,2025-09-18,Line-B,Night,M-201,OP-018,602,25,10,42.01,62.1
6911,2025-09-18,Line-C,Morning,M-302,OP-013,640,16,23,33.89,65.2
6912,2025-09-18,Line-C,Afternoon,M-301,OP-001,472,9,41,24.21,65.1
6913,2025-09-18,Line-C,Night,M-303,OP-017,458,18,13,28.48,60.7
6914,2025-09-18,Line-D,Morning,M-401,OP-008,545,10,24,27.09,67.6
6915,2025-09-18,Line-D,Afternoon,M-401,OP-008,576,19,26,31.01,70.1
6916,2025-09-18,Line-D,Night,M-401,OP-004,502,8,5,35.61,62.8
6917,2025-09-19,Line-A,Morning,M-101,OP-011,569,9,0,27.27,64.5
6918,2025-09-19,Line-A,Afternoon,M-102,OP-009,445,5,2,28.46,67.7
6919,2025-09-19,Line-A,Night,M-101,OP-019,525,8,16,30.04,70.2
6920,2025-09-19,Line-B,Morning,M-202,OP-005,482,6,0,31.05,73.1
6921,2025-09-19,Line-B,Afternoon,M-201,OP-009,466,18,31,39.19,65.3
6922,2025-09-19,Line-B,Night,M-201,OP-003,393,17,38,36.59,64.5
6923,2025-09-19,Line-C,Morning,M-302,OP-008,423,2,0,29.01,62.6
6924,2025-09-19,Line-C,Afternoon,M-302,OP-001,471,5,0,31.89,65.4
6925,2025-09-19,Line-C,Night,M-302,OP-019,451,14,0,37.83,66.6
6926,2025-09-19,Line-D,Morning,M-402,OP-010,411,5,13,36.27,71.2
6927,2025-09-19,Line-D,Afternoon,M-402,OP-013,483,15,0,31.25,69.2
6928,2025-09-19,Line-D,Night,M-401,OP-002,499,1,0,29.17,72.5
6929,2025-09-20,Line-A,Morning,M-101,OP-009,594,7,0,34.08,78.5
6930,2025-09-20,Line-A,Afternoon,M-101,OP-005,546,6,54,33.43,64.8
6931,2025-09-20,Line-A,Night,M-101,OP-017,596,6,2,33.63,67.9
6932,2025-09-20,Line-B,Morning,M-201,OP-008,482,22,51,30.38,69.1
6933,2025-09-20,Line-B,Afternoon,M-202,OP-001,462,5,0,16.81,64.8
6934,2025-09-20,Line-B,Night,M-202,OP-005,557,15,9,22.94,71.3
6935,2025-09-20,Line-C,Afternoon,M-301,OP-016,558,16,0,25.68,74.6
6936,2025-09-20,Line-C,Night,M-302,OP-005,407,9,0,28.5,70.3
6937,2025-09-20,Line-D,Morning,M-402,OP-007,478,11,0,25.9,69.9
6938,2025-09-20,Line-D,Afternoon,M-401,OP-008,521,11,26,21.71,66.1
6939,2025-09-20,Line-D,Night,M-402,OP-001,589,18,21,29.22,72.1
6940,2025-09-21,Line-A,Afternoon,M-101,OP-018,505,1,26,25.67,71.0
6941,2025-09-21,Line-A,Night,M-102,OP-004,383,13,7,24.45,65.2
6942,2025-09-21,Line-B,Morning,M-202,OP-003,459,8,31,30.35,59.3
6943,2025-09-21,Line-B,Afternoon,M-202,OP-012,406,19,14,34.75,66.8
6944,2025-09-21,Line-B,Night,M-202,OP-013,419,6,13,27.7,75.7
6945,2025-09-21,Line-C,Morning,M-301,OP-002,443,3,24,34.66,68.1
6946,2025-09-21,Line-C,Afternoon,M-301,OP-008,443,0,30,34.34,66.2
6947,2025-09-21,Line-D,Morning,M-401,OP-002,483,8,36,24.81,65.5
6948,2025-09-21,Line-D,Afternoon,M-401,OP-017,436,9,12,31.0,64.5
6949,2025-09-21,Line-D,Night,M-401,OP-001,569,8,29,45.7,64.5
6950,2025-09-22,Line-A,Morning,M-101,OP-007,500,8,42,28.6,69.0
6951,2025-09-22,Line-A,Afternoon,M-101,OP-019,493,8,23,30.47,69.9
6952,2025-09-22,Line-A,Night,M-102,OP-003,492,6,7,32.78,70.2
6953,2025-09-22,Line-B,Morning,M-201,OP-001,554,35,27,42.67,67.2
6954,2025-09-22,Line-B,Afternoon,M-202,OP-018,413,10,23,24.62,66.5
6955,2025-09-22,Line-B,Night,M-201,OP-016,451,13,34,36.27,68.6
6956,2025-09-22,Line-C,Morning,M-302,OP-011,496,11,18,37.65,64.8
6957,2025-09-22,Line-C,Afternoon,M-303,OP-009,434,22,33,47.63,70.2
6958,2025-09-22,Line-C,Night,M-303,OP-002,595,26,12,43.7,67.7
6959,2025-09-22,Line-D,Morning,M-402,OP-006,512,13,3,24.95,67.4
6960,2025-09-22,Line-D,Afternoon,M-402,OP-014,337,6,5,34.31,60.1
6961,2025-09-22,Line-D,Night,M-402,OP-013,480,16,22,34.9,69.4
6962,2025-09-23,Line-A,Morning,M-101,OP-004,380,7,18,24.61,67.5
6963,2025-09-23,Line-A,Afternoon,M-102,OP-008,305,4,5,37.01,65.6
6964,2025-09-23,Line-B,Morning,M-201,OP-010,464,21,26,45.6,60.0
6965,2025-09-23,Line-B,Afternoon,M-201,OP-009,548,25,54,28.26,58.3
6966,2025-09-23,Line-B,Night,M-202,OP-003,462,11,3,32.92,71.9
6967,2025-09-23,Line-C,Morning,M-302,OP-018,519,10,13,26.93,67.8
6968,2025-09-23,Line-C,Afternoon,M-302,OP-004,418,4,19,27.69,65.0
6969,2025-09-23,Line-C,Night,M-301,OP-015,506,11,8,29.26,69.7
6970,2025-09-23,Line-D,Morning,M-401,OP-013,538,11,0,28.89,66.4
6971,2025-09-23,Line-D,Afternoon,M-401,OP-017,416,10,20,33.63,64.0
6972,2025-09-23,Line-D,Night,M-402,OP-013,489,9,16,30.65,67.9
6973,2025-09-24,Line-A,Morning,M-102,OP-005,472,14,0,29.13,72.3
6974,2025-09-24,Line-A,Afternoon,M-102,OP-003,431,4,23,22.88,70.6
6975,2025-09-24,Line-A,Night,M-102,OP-014,450,10,0,35.93,63.1
6976,2025-09-24,Line-B,Morning,M-202,OP-017,523,3,39,29.64,75.8
6977,2025-09-24,Line-B,Afternoon,M-202,OP-020,430,6,30,22.87,65.2
6978,2025-09-24,Line-B,Night,M-202,OP-003,509,4,19,30.85,61.9
6979,2025-09-24,Line-C,Morning,M-303,OP-002,538,17,46,42.64,66.2
6980,2025-09-24,Line-C,Afternoon,M-302,OP-001,413,9,0,36.04,73.0
6981,2025-09-24,Line-D,Morning,M-401,OP-017,578,12,5,28.52,66.5
6982,2025-09-24,Line-D,Afternoon,M-402,OP-010,494,11,30,30.1,62.4
6983,2025-09-24,Line-D,Night,M-401,OP-008,455,15,0,33.7,66.4
6984,2025-09-25,Line-A,Morning,M-102,OP-007,426,9,35,31.7,66.9
6985,2025-09-25,Line-A,Afternoon,M-102,OP-014,402,7,0,28.45,67.7
6986,2025-09-25,Line-A,Night,M-102,OP-018,338,11,0,29.07,70.1
6987,2025-09-25,Line-B,Morning,M-201,OP-005,558,21,0,47.39,63.0
6988,2025-09-25,Line-B,Afternoon,M-202,OP-009,501,11,0,21.93,66.2
6989,2025-09-25,Line-B,Night,M-202,OP-006,324,1,13,29.56,69.2
6990,2025-09-25,Line-C,Morning,M-303,OP-006,506,14,15,45.81,74.1
6991,2025-09-25,Line-C,Night,M-303,OP-009,421,20,47,43.19,67.0
6992,2025-09-25,Line-D,Morning,M-401,OP-004,441,17,13,31.94,69.3
6993,2025-09-25,Line-D,Afternoon,M-402,OP-007,431,8,7,28.3,69.3
6994,2025-09-25,Line-D,Night,M-401,OP-017,425,3,19,27.34,66.6
6995,2025-09-26,Line-A,Morning,M-101,OP-001,364,10,19,33.54,69.5
6996,2025-09-26,Line-A,Afternoon,M-102,OP-008,389,8,2,25.19,70.0
6997,2025-09-26,Line-A,Night,M-102,OP-019,579,19,21,29.85,67.1
6998,2025-09-26,Line-B,Morning,M-201,OP-003,425,18,48,51.12,64.7
6999,2025-09-26,Line-B,Afternoon,M-202,OP-019,360,5,25,40.36,73.2
7000,2025-09-26,Line-B,Night,M-201,OP-013,557,20,22,35.38,65.3
7001,2025-09-26,Line-C,Morning,M-301,OP-012,534,18,17,28.72,63.7
7002,2025-09-26,Line-C,Afternoon,M-301,OP-002,473,9,0,34.61,66.3
7003,2025-09-26,Line-C,Night,M-301,OP-012,531,10,16,26.49,66.6
7004,2025-09-26,Line-D,Morning,M-402,OP-003,518,9,0,30.56,69.5
7005,2025-09-26,Line-D,Afternoon,M-401,OP-008,562,17,11,27.26,67.1
7006,2025-09-26,Line-D,Night,M-401,OP-013,448,10,27,36.2,66.4
7007,2025-09-27,Line-A,Afternoon,M-102,OP-001,449,6,0,23.99,67.9
7008,2025-09-27,Line-A,Night,M-101,OP-016,502,12,0,27.54,66.9
7009,2025-09-27,Line-B,Morning,M-202,OP-002,457,11,0,24.25,66.8
7010,2025-09-27,Line-B,Afternoon,M-201,OP-006,398,10,12,40.79,70.5
7011,2025-09-27,Line-C,Morning,M-301,OP-020,519,18,13,31.18,67.0
7012,2025-09-27,Line-C,Afternoon,M-303,OP-020,467,31,38,43.74,63.4
7013,2025-09-27,Line-C,Night,M-301,OP-003,504,12,28,33.15,67.5
7014,2025-09-27,Line-D,Morning,M-402,OP-002,469,8,13,36.34,72.3
7015,2025-09-27,Line-D,Afternoon,M-401,OP-010,525,20,0,27.7,68.0
7016,2025-09-27,Line-D,Night,M-402,OP-004,439,4,0,28.44,71.6
7017,2025-09-28,Line-A,Morning,M-102,OP-004,526,6,15,36.79,61.9
7018,2025-09-28,Line-A,Afternoon,M-102,OP-018,470,10,12,34.25,62.0
7019,2025-09-28,Line-A,Night,M-101,OP-013,419,10,0,34.06,69.8
7020,2025-09-28,Line-B,Morning,M-201,OP-012,524,21,42,36.14,66.3
7021,2025-09-28,Line-B,Afternoon,M-201,OP-017,482,17,38,36.28,69.1
7022,2025-09-28,Line-B,Night,M-202,OP-015,584,3,11,21.91,64.7
7023,2025-09-28,Line-C,Morning,M-302,OP-012,522,7,23,31.78,67.7
7024,2025-09-28,Line-C,Afternoon,M-303,OP-004,418,22,39,34.36,64.1
7025,2025-09-28,Line-D,Morning,M-402,OP-008,313,1,7,24.72,64.7
7026,2025-09-28,Line-D,Afternoon,M-401,OP-004,563,16,1,33.97,72.9
7027,2025-09-29,Line-A,Morning,M-102,OP-017,517,11,28,33.85,63.1
7028,2025-09-29,Line-A,Afternoon,M-102,OP-005,468,6,29,27.1,65.0
7029,2025-09-29,Line-A,Night,M-101,OP-008,541,11,43,25.69,65.9
7030,2025-09-29,Line-B,Morning,M-202,OP-004,547,3,31,23.96,70.4
7031,2025-09-29,Line-B,Afternoon,M-201,OP-020,369,17,14,51.63,63.7
7032,2025-09-29,Line-B,Night,M-201,OP-005,430,22,25,45.5,65.2
7033,2025-09-29,Line-C,Morning,M-303,OP-020,432,19,16,43.98,71.5
7034,2025-09-29,Line-C,Afternoon,M-303,OP-013,513,26,6,39.69,67.1
7035,2025-09-29,Line-C,Night,M-302,OP-004,567,7,0,24.98,65.4
7036,2025-09-29,Line-D,Morning,M-402,OP-011,350,10,0,32.23,63.6
7037,2025-09-29,Line-D,Afternoon,M-401,OP-015,570,9,4,32.64,64.0
7038,2025-09-29,Line-D,Night,M-401,OP-001,514,7,3,29.56,63.6
7039,2025-09-30,Line-A,Morning,M-102,OP-018,468,10,0,35.46,71.3
7040,2025-09-30,Line-A,Night,M-102,OP-012,368,0,24,33.82,70.5
7041,2025-09-30,Line-B,Morning,M-201,OP-001,394,25,23,43.2,69.0
7042,2025-09-30,Line-B,Afternoon,M-202,OP-010,575,11,18,29.61,63.2
7043,2025-09-30,Line-B,Night,M-201,OP-007,340,15,13,43.75,68.6
7044,2025-09-30,Line-C,Morning,M-301,OP-006,487,4,27,32.37,63.3
7045,2025-09-30,Line-C,Afternoon,M-301,OP-013,604,10,0,26.21,62.0
7046,2025-09-30,Line-C,Night,M-302,OP-020,561,16,23,32.76,73.0
7047,2025-09-30,Line-D,Morning,M-402,OP-018,465,10,0,29.23,69.8
7048,2025-09-30,Line-D,Afternoon,M-402,OP-009,295,3,14,29.61,66.2
7049,2025-09-30,Line-D,Night,M-402,OP-001,515,6,0,35.92,72.2
7050,2025-10-01,Line-A,Morning,M-102,OP-012,444,8,24,30.22,70.1
7051,2025-10-01,Line-A,Night,M-101,OP-008,508,8,19,25.18,69.6
7052,2025-10-01,Line-B,Morning,M-202,OP-005,475,7,0,30.66,68.2
7053,2025-10-01,Line-B,Afternoon,M-201,OP-004,429,12,10,40.73,69.2
7054,2025-10-01,Line-B,Night,M-202,OP-005,590,10,0,28.97,73.0
7055,2025-10-01,Line-C,Morning,M-301,OP-016,439,13,14,33.23,75.4
7056,2025-10-01,Line-C,Afternoon,M-301,OP-007,369,10,10,25.25,67.6
7057,2025-10-01,Line-C,Night,M-303,OP-017,581,34,4,38.15,71.8
7058,2025-10-01,Line-D,Morning,M-401,OP-010,478,9,0,26.27,62.6
7059,2025-10-01,Line-D,Afternoon,M-401,OP-020,380,2,0,26.19,64.6
7060,2025-10-01,Line-D,Night,M-401,OP-019,541,5,33,27.58,69.8
7061,2025-10-02,Line-A,Morning,M-102,OP-017,508,5,7,27.49,69.5
7062,2025-10-02,Line-B,Morning,M-201,OP-014,472,18,36,43.7,75.4
7063,2025-10-02,Line-B,Afternoon,M-201,OP-001,484,22,41,37.25,61.1
7064,2025-10-02,Line-B,Night,M-201,OP-002,461,26,53,32.6,70.7
7065,2025-10-02,Line-C,Morning,M-302,OP-003,348,8,17,21.38,72.0
7066,2025-10-02,Line-C,Afternoon,M-303,OP-012,584,26,37,49.4,63.5
7067,2025-10-02,Line-C,Night,M-303,OP-018,413,15,35,42.17,65.8
7068,2025-10-02,Line-D,Morning,M-402,OP-013,461,6,4,26.16,65.0
7069,2025-10-02,Line-D,Afternoon,M-401,OP-008,359,6,0,33.75,65.8
7070,2025-10-02,Line-D,Night,M-402,OP-008,472,7,8,36.32,62.6
7071,2025-10-03,Line-A,Morning,M-101,OP-003,382,7,4,31.8,70.9
7072,2025-10-03,Line-B,Morning,M-202,OP-016,413,10,0,30.37,63.1
7073,2025-10-03,Line-B,Afternoon,M-201,OP-016,487,22,18,35.21,71.0
7074,2025-10-03,Line-B,Night,M-202,OP-004,452,13,3,36.51,64.2
7075,2025-10-03,Line-C,Morning,M-301,OP-018,568,11,17,24.98,70.9
7076,2025-10-03,Line-C,Afternoon,M-303,OP-004,525,22,2,36.43,63.5
7077,2025-10-03,Line-C,Night,M-301,OP-015,506,7,5,27.17,73.9
7078,2025-10-03,Line-D,Morning,M-402,OP-004,482,10,2,29.85,64.1
7079,2025-10-03,Line-D,Afternoon,M-402,OP-019,500,3,23,26.33,71.8
7080,2025-10-03,Line-D,Night,M-401,OP-011,594,11,31,33.76,62.3
7081,2025-10-04,Line-A,Morning,M-101,OP-013,486,11,20,30.89,68.7
7082,2025-10-04,Line-A,Afternoon,M-101,OP-020,480,9,0,28.82,62.2
7083,2025-10-04,Line-A,Night,M-101,OP-013,450,5,2,24.74,69.1
7084,2025-10-04,Line-B,Afternoon,M-202,OP-014,460,6,0,28.51,72.6
7085,2025-10-04,Line-B,Night,M-202,OP-009,549,12,7,32.79,65.3
7086,2025-10-04,Line-C,Morning,M-302,OP-015,462,5,25,33.9,67.9
7087,2025-10-04,Line-C,Afternoon,M-302,OP-003,583,13,17,31.25,63.0
7088,2025-10-04,Line-C,Night,M-301,OP-015,426,7,11,32.95,65.3
7089,2025-10-04,Line-D,Morning,M-402,OP-004,484,9,13,30.08,62.4
7090,2025-10-04,Line-D,Afternoon,M-402,OP-016,344,3,4,24.11,67.8
7091,2025-10-04,Line-D,Night,M-401,OP-016,545,14,18,34.93,64.3
7092,2025-10-05,Line-A,Morning,M-101,OP-007,452,11,4,27.9,75.4
7093,2025-10-05,Line-A,Afternoon,M-102,OP-010,485,17,0,26.85,69.6
7094,2025-10-05,Line-A,Night,M-101,OP-006,485,0,8,42.37,69.0
7095,2025-10-05,Line-B,Morning,M-202,OP-003,516,6,15,29.94,72.5
7096,2025-10-05,Line-B,Afternoon,M-202,OP-015,545,12,13,21.6,61.1
7097,2025-10-05,Line-B,Night,M-202,OP-002,484,13,31,25.55,62.0
7098,2025-10-05,Line-C,Morning,M-301,OP-011,535,5,0,27.53,66.0
7099,2025-10-05,Line-C,Afternoon,M-302,OP-017,559,15,0,36.99,68.5
7100,2025-10-05,Line-C,Night,M-301,OP-015,543,17,8,32.86,66.4
7101,2025-10-05,Line-D,Morning,M-402,OP-002,535,10,26,37.62,70.2
7102,2025-10-05,Line-D,Afternoon,M-402,OP-009,474,8,0,26.44,71.7
7103,2025-10-05,Line-D,Night,M-402,OP-013,538,6,14,29.05,70.8
7104,2025-10-06,Line-A,Morning,M-101,OP-016,612,15,1,29.61,73.6
7105,2025-10-06,Line-A,Afternoon,M-101,OP-011,395,5,22,36.47,70.4
7106,2025-10-06,Line-A,Night,M-102,OP-016,443,10,18,31.75,67.6
7107,2025-10-06,Line-B,Morning,M-201,OP-012,483,17,72,42.78,70.2
7108,2025-10-06,Line-B,Afternoon,M-201,OP-017,466,25,15,33.27,67.9
7109,2025-10-06,Line-B,Night,M-202,OP-020,603,18,0,32.58,65.5
7110,2025-10-06,Line-C,Afternoon,M-303,OP-001,505,25,48,34.17,62.9
7111,2025-10-06,Line-C,Night,M-303,OP-017,475,16,18,43.36,64.3
7112,2025-10-06,Line-D,Morning,M-401,OP-006,615,8,7,31.49,62.0
7113,2025-10-06,Line-D,Night,M-402,OP-008,510,11,6,31.37,69.7
7114,2025-10-07,Line-A,Morning,M-102,OP-001,566,24,0,23.51,68.4
7115,2025-10-07,Line-A,Afternoon,M-101,OP-016,355,9,13,31.84,66.8
7116,2025-10-07,Line-A,Night,M-102,OP-003,495,11,15,23.27,68.7
7117,2025-10-07,Line-B,Morning,M-202,OP-020,591,12,14,37.8,65.0
7118,2025-10-07,Line-B,Afternoon,M-202,OP-009,533,7,28,33.99,66.4
7119,2025-10-07,Line-B,Night,M-202,OP-007,464,13,0,27.79,70.5
7120,2025-10-07,Line-C,Morning,M-303,OP-011,461,21,4,37.73,70.7
7121,2025-10-07,Line-C,Afternoon,M-301,OP-016,434,2,27,32.58,63.6
7122,2025-10-07,Line-C,Night,M-302,OP-016,488,4,9,30.88,64.8
7123,2025-10-07,Line-D,Morning,M-402,OP-009,524,14,15,32.07,62.2
7124,2025-10-07,Line-D,Afternoon,M-401,OP-019,561,10,0,30.73,71.0
7125,2025-10-07,Line-D,Night,M-401,OP-008,510,4,23,29.7,70.0
7126,2025-10-08,Line-A,Morning,M-102,OP-005,431,12,14,35.94,61.9
7127,2025-10-08,Line-A,Afternoon,M-102,OP-007,395,6,34,39.81,64.4
7128,2025-10-08,Line-A,Night,M-101,OP-015,483,9,22,34.42,63.5
7129,2025-10-08,Line-B,Morning,M-201,OP-002,483,12,47,40.31,63.2
7130,2025-10-08,Line-B,Afternoon,M-201,OP-005,499,21,53,37.54,76.9
7131,2025-10-08,Line-B,Night,M-201,OP-003,531,31,19,50.94,63.1
7132,2025-10-08,Line-C,Morning,M-302,OP-016,467,14,19,23.8,72.5
7133,2025-10-08,Line-C,Afternoon,M-301,OP-016,500,7,0,32.17,67.3
7134,2025-10-08,Line-C,Night,M-301,OP-002,489,1,5,32.4,75.5
7135,2025-10-08,Line-D,Morning,M-401,OP-020,467,15,23,31.17,64.0
7136,2025-10-08,Line-D,Afternoon,M-402,OP-004,421,10,4,26.92,67.3
7137,2025-10-08,Line-D,Night,M-402,OP-019,470,13,4,34.01,69.8
7138,2025-10-09,Line-A,Morning,M-101,OP-012,379,8,0,25.52,69.9
7139,2025-10-09,Line-A,Afternoon,M-101,OP-014,479,0,0,16.96,62.6
7140,2025-10-09,Line-A,Night,M-101,OP-007,514,6,14,30.07,68.1
7141,2025-10-09,Line-B,Morning,M-201,OP-006,541,23,48,29.61,72.4
7142,2025-10-09,Line-B,Night,M-202,OP-019,402,3,1,35.42,64.4
7143,2025-10-09,Line-C,Morning,M-301,OP-004,440,4,15,33.72,74.8
7144,2025-10-09,Line-C,Afternoon,M-302,OP-006,623,15,17,23.91,75.6
7145,2025-10-09,Line-C,Night,M-302,OP-016,492,7,17,26.82,58.6
7146,2025-10-09,Line-D,Morning,M-401,OP-014,514,16,20,29.96,68.1
7147,2025-10-09,Line-D,Afternoon,M-401,OP-015,490,10,11,30.13,74.2
7148,2025-10-09,Line-D,Night,M-401,OP-007,508,10,21,33.3,71.8
7149,2025-10-10,Line-A,Morning,M-101,OP-013,434,6,0,33.83,70.9
7150,2025-10-10,Line-A,Afternoon,M-102,OP-002,403,9,32,28.82,69.3
7151,2025-10-10,Line-A,Night,M-101,OP-002,523,3,14,36.36,65.6
7152,2025-10-10,Line-B,Morning,M-201,OP-007,529,24,24,41.52,65.9
7153,2025-10-10,Line-B,Afternoon,M-202,OP-006,426,7,13,29.17,66.9
7154,2025-10-10,Line-B,Night,M-202,OP-013,493,11,0,28.74,60.1
7155,2025-10-10,Line-C,Morning,M-301,OP-015,470,9,20,30.77,70.2
7156,2025-10-10,Line-C,Afternoon,M-302,OP-015,483,5,0,28.68,64.9
7157,2025-10-10,Line-C,Night,M-301,OP-018,472,6,18,30.24,69.8
7158,2025-10-10,Line-D,Afternoon,M-401,OP-013,506,8,10,32.51,77.8
7159,2025-10-10,Line-D,Night,M-402,OP-009,420,8,0,29.9,65.3
7160,2025-10-11,Line-A,Afternoon,M-102,OP-004,472,9,4,21.08,73.7
7161,2025-10-11,Line-A,Night,M-101,OP-020,530,9,0,30.43,69.4
7162,2025-10-11,Line-B,Morning,M-202,OP-006,526,14,27,21.3,66.8
7163,2025-10-11,Line-B,Afternoon,M-202,OP-006,539,5,30,39.05,72.8
7164,2025-10-11,Line-B,Night,M-201,OP-006,519,21,39,35.27,64.9
7165,2025-10-11,Line-C,Morning,M-301,OP-013,437,8,6,31.31,71.5
7166,2025-10-11,Line-C,Afternoon,M-303,OP-002,437,20,28,42.95,70.7
7167,2025-10-11,Line-C,Night,M-303,OP-014,535,28,41,34.9,63.7
7168,2025-10-11,Line-D,Afternoon,M-402,OP-015,430,9,0,31.69,69.1
7169,2025-10-11,Line-D,Night,M-402,OP-006,363,3,27,33.49,64.6
7170,2025-10-12,Line-A,Morning,M-101,OP-018,417,0,34,30.21,75.5
7171,2025-10-12,Line-A,Afternoon,M-102,OP-007,468,10,25,38.19,70.0
7172,2025-10-12,Line-A,Night,M-102,OP-020,480,9,0,28.09,68.2
7173,2025-10-12,Line-B,Morning,M-202,OP-001,562,8,27,29.59,73.0
7174,2025-10-12,Line-B,Afternoon,M-201,OP-017,520,27,49,46.17,72.3
7175,2025-10-12,Line-B,Night,M-202,OP-010,607,21,18,27.79,69.5
7176,2025-10-12,Line-C,Morning,M-302,OP-016,364,10,0,35.61,75.9
7177,2025-10-12,Line-C,Afternoon,M-302,OP-001,392,7,0,21.36,67.6
7178,2025-10-12,Line-C,Night,M-303,OP-001,518,27,37,33.68,68.5
7179,2025-10-12,Line-D,Morning,M-401,OP-019,390,1,0,35.25,70.2
7180,2025-10-12,Line-D,Afternoon,M-401,OP-020,499,5,6,23.15,73.5
7181,2025-10-13,Line-A,Morning,M-101,OP-012,611,14,22,29.21,61.5
7182,2025-10-13,Line-A,Afternoon,M-102,OP-008,429,6,6,26.92,68.2
7183,2025-10-13,Line-A,Night,M-102,OP-009,428,17,0,34.44,67.0
7184,2025-10-13,Line-B,Morning,M-201,OP-019,507,25,37,36.33,66.7
7185,2025-10-13,Line-B,Afternoon,M-201,OP-012,490,23,19,48.46,58.0
7186,2025-10-13,Line-B,Night,M-201,OP-007,464,17,37,47.08,62.4
7187,2025-10-13,Line-C,Morning,M-301,OP-008,621,12,17,22.8,67.8
7188,2025-10-13,Line-C,Afternoon,M-301,OP-005,538,11,14,29.74,62.5
7189,2025-10-13,Line-C,Night,M-303,OP-011,396,22,48,47.15,64.7
7190,2025-10-13,Line-D,Morning,M-401,OP-004,470,14,0,35.65,65.7
7191,2025-10-13,Line-D,Afternoon,M-401,OP-011,428,8,0,20.52,68.3
7192,2025-10-13,Line-D,Night,M-401,OP-008,512,15,21,39.83,73.4
7193,2025-10-14,Line-A,Morning,M-102,OP-007,524,12,30,18.93,66.1
7194,2025-10-14,Line-A,Afternoon,M-101,OP-007,368,9,0,45.1,65.9
7195,2025-10-14,Line-A,Night,M-102,OP-008,486,7,4,23.77,62.9
7196,2025-10-14,Line-B,Morning,M-201,OP-019,349,18,28,51.67,63.0
7197,2025-10-14,Line-B,Afternoon,M-201,OP-018,568,34,54,43.17,66.6
7198,2025-10-14,Line-C,Morning,M-303,OP-018,556,21,39,41.78,64.4
7199,2025-10-14,Line-C,Afternoon,M-301,OP-004,496,13,0,32.3,59.1
7200,2025-10-14,Line-C,Night,M-302,OP-009,417,6,17,34.35,68.3
7201,2025-10-14,Line-D,Morning,M-401,OP-015,513,8,18,31.76,66.0
7202,2025-10-14,Line-D,Afternoon,M-402,OP-011,458,11,39,36.03,63.5
7203,2025-10-14,Line-D,Night,M-401,OP-002,412,5,13,30.24,73.0
7204,2025-10-15,Line-A,Morning,M-101,OP-016,557,10,8,32.58,72.3
7205,2025-10-15,Line-A,Afternoon,M-101,OP-016,513,7,2,24.45,68.8
7206,2025-10-15,Line-A,Night,M-102,OP-009,517,13,29,37.4,62.5
7207,2025-10-15,Line-B,Morning,M-201,OP-013,504,25,33,37.86,73.8
7208,2025-10-15,Line-B,Afternoon,M-202,OP-003,444,0,12,28.81,75.4
7209,2025-10-15,Line-B,Night,M-202,OP-011,509,8,9,28.96,76.9
7210,2025-10-15,Line-C,Morning,M-301,OP-019,520,2,8,29.88,63.6
7211,2025-10-15,Line-C,Afternoon,M-302,OP-015,373,9,0,36.24,68.0
7212,2025-10-15,Line-D,Morning,M-402,OP-012,451,0,30,31.47,66.2
7213,2025-10-15,Line-D,Afternoon,M-402,OP-005,426,14,0,28.16,70.3
7214,2025-10-15,Line-D,Night,M-402,OP-016,567,9,0,29.47,71.6
7215,2025-10-16,Line-A,Morning,M-102,OP-009,547,2,13,22.83,71.5
7216,2025-10-16,Line-A,Afternoon,M-101,OP-001,505,4,35,31.68,68.9
7217,2025-10-16,Line-A,Night,M-102,OP-004,469,8,6,26.29,72.9
7218,2025-10-16,Line-B,Morning,M-201,OP-001,450,18,33,49.12,72.5
7219,2025-10-16,Line-B,Night,M-202,OP-011,456,14,13,25.78,66.1
7220,2025-10-16,Line-C,Morning,M-302,OP-002,562,22,16,27.17,67.5
7221,2025-10-16,Line-C,Afternoon,M-303,OP-004,434,17,24,41.6,68.5
7222,2025-10-16,Line-D,Morning,M-402,OP-012,471,7,23,28.85,67.3
7223,2025-10-16,Line-D,Night,M-401,OP-005,469,16,4,32.98,65.0
7224,2025-10-17,Line-A,Morning,M-101,OP-010,500,12,28,28.08,63.5
7225,2025-10-17,Line-A,Afternoon,M-101,OP-017,432,12,43,34.17,63.0
7226,2025-10-17,Line-A,Night,M-102,OP-019,528,5,6,30.94,69.4
7227,2025-10-17,Line-B,Morning,M-201,OP-009,483,19,50,39.36,73.0
7228,2025-10-17,Line-B,Afternoon,M-201,OP-012,398,19,16,37.83,65.9
7229,2025-10-17,Line-B,Night,M-202,OP-005,571,18,25,30.17,68.8
7230,2025-10-17,Line-C,Morning,M-301,OP-017,555,14,12,37.43,71.3
7231,2025-10-17,Line-C,Afternoon,M-303,OP-009,494,20,26,40.32,69.8
7232,2025-10-17,Line-C,Night,M-303,OP-011,530,16,5,37.24,66.4
7233,2025-10-17,Line-D,Morning,M-401,OP-019,551,8,15,32.09,63.9
7234,2025-10-17,Line-D,Afternoon,M-401,OP-010,567,6,35,29.37,66.6
7235,2025-10-17,Line-D,Night,M-402,OP-016,413,8,45,32.07,69.1
7236,2025-10-18,Line-A,Afternoon,M-102,OP-019,440,11,14,29.69,70.0
7237,2025-10-18,Line-A,Night,M-101,OP-008,371,6,0,30.14,65.1
7238,2025-10-18,Line-B,Morning,M-202,OP-012,440,2,28,26.61,65.5
7239,2025-10-18,Line-B,Afternoon,M-201,OP-006,571,29,4,48.93,74.6
7240,2025-10-18,Line-B,Night,M-202,OP-014,573,14,0,29.75,62.2
7241,2025-10-18,Line-C,Morning,M-303,OP-011,428,15,25,42.82,66.2
7242,2025-10-18,Line-C,Afternoon,M-302,OP-017,450,7,34,40.82,66.2
7243,2025-10-18,Line-C,Night,M-303,OP-018,500,18,46,39.62,65.2
7244,2025-10-18,Line-D,Morning,M-402,OP-014,600,3,0,33.67,66.5
7245,2025-10-18,Line-D,Afternoon,M-402,OP-005,441,20,22,29.71,65.2
7246,2025-10-18,Line-D,Night,M-401,OP-001,506,0,4,29.81,68.9
7247,2025-10-19,Line-A,Morning,M-102,OP-013,471,5,25,21.74,66.9
7248,2025-10-19,Line-A,Afternoon,M-101,OP-012,448,13,5,32.19,69.3
7249,2025-10-19,Line-A,Night,M-101,OP-011,369,6,0,31.76,65.1
7250,2025-10-19,Line-B,Morning,M-201,OP-019,551,24,23,48.0,64.5
7251,2025-10-19,Line-B,Afternoon,M-201,OP-006,533,26,29,35.32,73.0
7252,2025-10-19,Line-B,Night,M-202,OP-001,510,5,15,35.03,68.4
7253,2025-10-19,Line-C,Morning,M-303,OP-006,494,27,58,41.4,62.7
7254,2025-10-19,Line-C,Afternoon,M-303,OP-013,401,15,20,33.59,75.4
7255,2025-10-19,Line-C,Night,M-302,OP-015,511,7,11,21.07,72.6
7256,2025-10-19,Line-D,Morning,M-402,OP-007,363,8,0,27.93,73.0
7257,2025-10-19,Line-D,Afternoon,M-402,OP-006,381,6,21,32.32,68.3
7258,2025-10-19,Line-D,Night,M-401,OP-006,509,6,40,21.95,72.6
7259,2025-10-20,Line-A,Morning,M-101,OP-009,491,12,23,32.78,64.8
7260,2025-10-20,Line-A,Afternoon,M-101,OP-020,462,2,7,31.61,70.4
7261,2025-10-20,Line-B,Afternoon,M-202,OP-013,503,0,3,26.69,62.8
7262,2025-10-20,Line-B,Night,M-202,OP-002,429,8,33,25.23,63.5
7263,2025-10-20,Line-C,Morning,M-302,OP-001,444,9,30,29.57,62.2
7264,2025-10-20,Line-C,Afternoon,M-302,OP-002,406,8,26,39.08,63.3
7265,2025-10-20,Line-C,Night,M-302,OP-014,488,4,0,25.08,66.7
7266,2025-10-20,Line-D,Morning,M-401,OP-016,427,18,5,34.94,65.4
7267,2025-10-20,Line-D,Afternoon,M-401,OP-001,613,13,24,27.04,71.9
7268,2025-10-20,Line-D,Night,M-401,OP-002,500,7,0,28.81,66.7
7269,2025-10-21,Line-A,Morning,M-101,OP-019,532,8,0,33.23,73.2
7270,2025-10-21,Line-A,Afternoon,M-102,OP-007,380,14,32,26.85,63.5
7271,2025-10-21,Line-A,Night,M-101,OP-005,543,2,1,23.42,68.0
7272,2025-10-21,Line-B,Morning,M-202,OP-003,567,12,27,28.24,68.4
7273,2025-10-21,Line-B,Afternoon,M-201,OP-013,406,18,23,41.2,67.1
7274,2025-10-21,Line-B,Night,M-201,OP-014,461,30,61,49.08,75.2
7275,2025-10-21,Line-C,Morning,M-303,OP-005,565,25,33,43.18,67.2
7276,2025-10-21,Line-C,Afternoon,M-303,OP-002,417,20,11,42.69,64.0
7277,2025-10-21,Line-C,Night,M-302,OP-013,475,9,6,21.8,63.2
7278,2025-10-21,Line-D,Morning,M-402,OP-002,507,6,20,30.05,67.2
7279,2025-10-21,Line-D,Afternoon,M-402,OP-005,500,6,18,27.9,78.1
7280,2025-10-21,Line-D,Night,M-401,OP-017,411,6,7,23.24,70.9
7281,2025-10-22,Line-A,Morning,M-102,OP-001,454,0,22,26.82,67.6
7282,2025-10-22,Line-A,Night,M-102,OP-006,520,7,6,42.32,59.4
7283,2025-10-22,Line-B,Morning,M-202,OP-003,402,3,38,26.78,69.0
7284,2025-10-22,Line-B,Afternoon,M-202,OP-005,451,11,11,31.27,73.1
7285,2025-10-22,Line-B,Night,M-201,OP-007,506,19,39,54.09,70.3
7286,2025-10-22,Line-C,Morning,M-301,OP-014,489,2,22,34.36,69.3
7287,2025-10-22,Line-C,Afternoon,M-303,OP-020,486,36,47,48.2,68.3
7288,2025-10-22,Line-C,Night,M-303,OP-003,472,24,33,41.75,69.9
7289,2025-10-22,Line-D,Morning,M-402,OP-005,449,9,13,34.84,65.6
7290,2025-10-22,Line-D,Afternoon,M-401,OP-013,360,5,17,34.82,65.2
7291,2025-10-22,Line-D,Night,M-402,OP-004,512,15,23,26.05,65.3
7292,2025-10-23,Line-A,Morning,M-101,OP-015,506,17,12,29.17,62.5
7293,2025-10-23,Line-A,Afternoon,M-102,OP-013,458,5,12,22.44,66.7
7294,2025-10-23,Line-A,Night,M-102,OP-014,419,11,0,27.14,69.1
7295,2025-10-23,Line-B,Morning,M-201,OP-014,452,31,48,42.09,69.5
7296,2025-10-23,Line-B,Afternoon,M-201,OP-009,338,19,42,41.63,70.3
7297,2025-10-23,Line-B,Night,M-201,OP-020,521,21,40,47.24,69.8
7298,2025-10-23,Line-C,Morning,M-302,OP-014,464,10,32,33.92,63.3
7299,2025-10-23,Line-C,Afternoon,M-302,OP-011,515,12,29,30.16,66.5
7300,2025-10-23,Line-C,Night,M-301,OP-017,397,4,30,30.99,67.6
7301,2025-10-23,Line-D,Morning,M-401,OP-003,557,16,0,36.0,61.4
7302,2025-10-23,Line-D,Afternoon,M-402,OP-020,507,11,29,31.91,67.0
7303,2025-10-23,Line-D,Night,M-401,OP-006,470,21,13,32.99,59.9
7304,2025-10-24,Line-A,Morning,M-101,OP-002,430,10,0,32.75,65.1
7305,2025-10-24,Line-A,Afternoon,M-102,OP-018,417,4,34,31.67,64.4
7306,2025-10-24,Line-A,Night,M-102,OP-009,526,14,6,34.8,72.0
7307,2025-10-24,Line-B,Morning,M-201,OP-016,531,20,17,33.54,65.4
7308,2025-10-24,Line-B,Afternoon,M-202,OP-012,457,7,11,38.66,66.6
7309,2025-10-24,Line-B,Night,M-202,OP-007,477,0,45,23.42,65.2
7310,2025-10-24,Line-C,Morning,M-302,OP-019,521,11,36,33.6,67.7
7311,2025-10-24,Line-C,Afternoon,M-303,OP-001,542,31,25,46.82,67.1
7312,2025-10-24,Line-C,Night,M-302,OP-018,473,9,6,27.83,71.9
7313,2025-10-24,Line-D,Morning,M-401,OP-013,388,3,22,29.64,72.0
7314,2025-10-24,Line-D,Afternoon,M-401,OP-014,501,2,12,32.67,68.9
7315,2025-10-24,Line-D,Night,M-401,OP-009,451,7,3,23.37,62.1
7316,2025-10-25,Line-A,Morning,M-101,OP-007,503,5,20,27.02,62.7
7317,2025-10-25,Line-A,Afternoon,M-102,OP-003,455,18,10,33.23,68.7
7318,2025-10-25,Line-A,Night,M-101,OP-020,395,13,8,23.45,66.0
7319,2025-10-25,Line-B,Morning,M-202,OP-011,467,12,1,43.1,64.3
7320,2025-10-25,Line-B,Afternoon,M-202,OP-006,516,0,10,31.84,63.5
7321,2025-10-25,Line-B,Night,M-202,OP-008,569,13,7,32.12,65.6
7322,2025-10-25,Line-C,Morning,M-303,OP-020,555,31,40,45.06,62.1
7323,2025-10-25,Line-C,Night,M-303,OP-008,568,25,50,45.75,72.0
7324,2025-10-25,Line-D,Morning,M-401,OP-009,417,4,45,22.4,63.6
7325,2025-10-25,Line-D,Afternoon,M-401,OP-010,482,9,3,33.08,71.6
7326,2025-10-25,Line-D,Night,M-402,OP-004,478,7,11,27.51,61.2
7327,2025-10-26,Line-A,Morning,M-102,OP-017,498,13,9,18.67,65.7
7328,2025-10-26,Line-A,Afternoon,M-102,OP-009,534,2,22,27.77,67.9
7329,2025-10-26,Line-A,Night,M-101,OP-013,438,3,33,34.08,70.6
7330,2025-10-26,Line-B,Morning,M-201,OP-018,534,27,49,38.68,73.5
7331,2025-10-26,Line-B,Afternoon,M-202,OP-014,557,12,7,23.88,68.9
7332,2025-10-26,Line-B,Night,M-202,OP-015,581,4,27,27.64,66.5
7333,2025-10-26,Line-C,Morning,M-302,OP-008,409,4,21,33.86,68.9
7334,2025-10-26,Line-C,Afternoon,M-301,OP-012,449,3,12,28.18,68.8
7335,2025-10-26,Line-C,Night,M-303,OP-003,460,19,37,43.76,72.9
7336,2025-10-26,Line-D,Morning,M-401,OP-002,459,11,39,32.86,72.7
7337,2025-10-26,Line-D,Afternoon,M-402,OP-006,442,5,9,29.74,72.3
7338,2025-10-26,Line-D,Night,M-401,OP-001,436,7,28,31.08,68.0
7339,2025-10-27,Line-A,Morning,M-102,OP-011,494,3,0,22.06,68.8
7340,2025-10-27,Line-A,Night,M-102,OP-001,535,14,29,37.27,68.6
7341,2025-10-27,Line-B,Morning,M-201,OP-012,476,28,24,36.11,66.6
7342,2025-10-27,Line-B,Afternoon,M-202,OP-002,452,8,0,31.85,65.7
7343,2025-10-27,Line-B,Night,M-201,OP-008,553,18,32,40.33,68.9
7344,2025-10-27,Line-C,Morning,M-302,OP-009,535,11,10,33.46,71.4
7345,2025-10-27,Line-C,Afternoon,M-303,OP-017,496,24,44,33.78,66.6
7346,2025-10-27,Line-C,Night,M-301,OP-013,502,8,7,31.87,69.6
7347,2025-10-27,Line-D,Morning,M-402,OP-007,508,5,0,34.02,65.0
7348,2025-10-27,Line-D,Night,M-401,OP-018,431,4,29,31.06,69.4
7349,2025-10-28,Line-A,Morning,M-101,OP-006,521,9,27,24.02,63.7
7350,2025-10-28,Line-A,Afternoon,M-102,OP-019,411,9,19,27.64,67.1
7351,2025-10-28,Line-A,Night,M-101,OP-020,556,6,16,26.57,72.4
7352,2025-10-28,Line-B,Afternoon,M-202,OP-011,517,2,8,19.6,71.6
7353,2025-10-28,Line-B,Night,M-202,OP-020,602,0,0,30.84,67.9
7354,2025-10-28,Line-C,Morning,M-301,OP-013,455,0,16,34.44,79.4
7355,2025-10-28,Line-C,Afternoon,M-301,OP-019,558,3,11,32.96,65.2
7356,2025-10-28,Line-C,Night,M-302,OP-006,526,13,30,34.01,69.1
7357,2025-10-28,Line-D,Morning,M-402,OP-013,441,2,15,27.98,66.8
7358,2025-10-28,Line-D,Night,M-402,OP-001,547,17,0,28.95,66.3
7359,2025-10-29,Line-A,Morning,M-102,OP-019,498,0,0,29.41,71.1
7360,2025-10-29,Line-A,Afternoon,M-101,OP-015,484,12,14,36.38,73.9
7361,2025-10-29,Line-B,Morning,M-202,OP-003,434,12,19,42.52,64.8
7362,2025-10-29,Line-B,Afternoon,M-202,OP-015,472,4,0,31.93,68.8
7363,2025-10-29,Line-C,Morning,M-301,OP-002,512,12,8,28.79,64.1
7364,2025-10-29,Line-C,Afternoon,M-302,OP-006,437,8,14,33.55,70.4
7365,2025-10-29,Line-C,Night,M-303,OP-001,573,20,31,37.57,73.1
7366,2025-10-29,Line-D,Morning,M-401,OP-017,449,13,33,32.07,69.2
7367,2025-10-29,Line-D,Afternoon,M-401,OP-019,482,7,5,29.26,75.3
7368,2025-10-29,Line-D,Night,M-401,OP-016,417,8,22,28.58,69.7
7369,2025-10-30,Line-A,Morning,M-101,OP-014,389,12,28,29.51,64.5
7370,2025-10-30,Line-A,Afternoon,M-101,OP-008,527,3,0,29.73,74.1
7371,2025-10-30,Line-A,Night,M-102,OP-001,518,6,0,30.21,69.0
7372,2025-10-30,Line-B,Morning,M-202,OP-020,475,17,10,18.59,66.4
7373,2025-10-30,Line-B,Afternoon,M-202,OP-019,507,11,9,28.29,60.0
7374,2025-10-30,Line-B,Night,M-201,OP-007,485,20,38,44.46,73.0
7375,2025-10-30,Line-C,Morning,M-303,OP-018,422,14,26,38.32,64.7
7376,2025-10-30,Line-C,Afternoon,M-303,OP-008,566,26,64,41.98,63.3
7377,2025-10-30,Line-C,Night,M-301,OP-008,431,12,0,32.79,66.6
7378,2025-10-30,Line-D,Morning,M-402,OP-020,424,14,3,25.86,67.7
7379,2025-10-30,Line-D,Afternoon,M-401,OP-010,449,18,27,27.05,66.1
7380,2025-10-30,Line-D,Night,M-402,OP-015,358,7,0,30.44,60.1
7381,2025-10-31,Line-A,Afternoon,M-101,OP-003,478,17,12,26.13,67.9
7382,2025-10-31,Line-A,Night,M-102,OP-007,476,19,7,23.98,68.1
7383,2025-10-31,Line-B,Afternoon,M-201,OP-009,491,25,46,51.78,65.6
7384,2025-10-31,Line-B,Night,M-202,OP-008,438,0,21,25.56,71.6
7385,2025-10-31,Line-C,Morning,M-303,OP-005,450,28,13,47.11,71.6
7386,2025-10-31,Line-C,Afternoon,M-303,OP-003,511,17,42,42.63,60.7
7387,2025-10-31,Line-C,Night,M-303,OP-004,573,24,57,41.66,71.9
7388,2025-10-31,Line-D,Morning,M-401,OP-013,428,9,14,28.38,64.5
7389,2025-10-31,Line-D,Afternoon,M-402,OP-008,295,3,22,23.02,63.2
7390,2025-10-31,Line-D,Night,M-402,OP-017,393,8,0,36.1,70.9
7391,2025-11-01,Line-A,Morning,M-101,OP-004,492,10,0,26.19,70.8
7392,2025-11-01,Line-A,Afternoon,M-102,OP-019,534,13,4,28.04,64.3
7393,2025-11-01,Line-A,Night,M-101,OP-017,526,0,0,19.98,59.4
7394,2025-11-01,Line-B,Morning,M-201,OP-007,561,30,17,41.47,73.9
7395,2025-11-01,Line-B,Afternoon,M-201,OP-004,510,34,33,38.72,63.7
7396,2025-11-01,Line-B,Night,M-201,OP-014,481,26,36,40.21,73.0
7397,2025-11-01,Line-C,Morning,M-301,OP-015,511,9,0,28.73,69.9
7398,2025-11-01,Line-C,Afternoon,M-301,OP-001,433,2,4,29.75,73.5
7399,2025-11-01,Line-C,Night,M-303,OP-002,410,19,30,40.86,74.2
7400,2025-11-01,Line-D,Morning,M-401,OP-015,484,4,25,34.08,64.0
7401,2025-11-01,Line-D,Afternoon,M-401,OP-017,408,9,11,27.65,72.2
7402,2025-11-01,Line-D,Night,M-402,OP-018,444,10,29,28.3,60.7
7403,2025-11-02,Line-A,Morning,M-102,OP-010,455,9,27,27.39,74.9
7404,2025-11-02,Line-A,Afternoon,M-102,OP-001,402,8,8,36.74,62.1
7405,2025-11-02,Line-A,Night,M-101,OP-015,505,8,34,25.86,69.7
7406,2025-11-02,Line-B,Morning,M-202,OP-019,429,9,6,28.07,60.1
7407,2025-11-02,Line-B,Afternoon,M-202,OP-009,504,4,0,22.22,63.8
7408,2025-11-02,Line-B,Night,M-202,OP-018,510,11,21,24.87,68.9
7409,2025-11-02,Line-C,Afternoon,M-303,OP-004,443,24,41,38.72,72.2
7410,2025-11-02,Line-C,Night,M-302,OP-004,510,2,0,23.26,74.6
7411,2025-11-02,Line-D,Morning,M-402,OP-013,419,15,0,24.13,71.5
7412,2025-11-02,Line-D,Afternoon,M-401,OP-018,535,13,22,25.99,71.3
7413,2025-11-03,Line-A,Morning,M-101,OP-008,494,7,13,35.3,69.6
7414,2025-11-03,Line-A,Afternoon,M-102,OP-002,350,9,24,28.1,68.5
7415,2025-11-03,Line-A,Night,M-101,OP-014,486,0,5,28.19,67.4
7416,2025-11-03,Line-B,Morning,M-202,OP-009,448,11,0,34.55,70.5
7417,2025-11-03,Line-B,Afternoon,M-202,OP-020,561,20,38,24.07,69.4
7418,2025-11-03,Line-B,Night,M-201,OP-009,436,34,44,49.08,69.7
7419,2025-11-03,Line-C,Morning,M-303,OP-016,321,12,24,40.05,69.4
7420,2025-11-03,Line-C,Afternoon,M-301,OP-006,510,0,8,27.57,73.5
7421,2025-11-03,Line-D,Morning,M-401,OP-010,515,8,15,21.56,70.6
7422,2025-11-03,Line-D,Afternoon,M-402,OP-007,456,5,31,31.37,65.3
7423,2025-11-03,Line-D,Night,M-401,OP-019,443,10,16,30.15,63.2
7424,2025-11-04,Line-A,Morning,M-101,OP-008,416,4,9,29.79,67.4
7425,2025-11-04,Line-A,Afternoon,M-101,OP-001,473,17,24,35.94,69.9
7426,2025-11-04,Line-A,Night,M-102,OP-019,484,11,15,34.04,64.1
7427,2025-11-04,Line-B,Morning,M-201,OP-008,523,24,7,42.43,62.8
7428,2025-11-04,Line-B,Afternoon,M-202,OP-001,447,7,0,29.73,68.3
7429,2025-11-04,Line-B,Night,M-202,OP-008,525,7,16,29.52,66.3
7430,2025-11-04,Line-C,Morning,M-301,OP-010,379,6,23,25.33,67.1
7431,2025-11-04,Line-C,Night,M-303,OP-014,475,27,35,43.44,68.0
7432,2025-11-04,Line-D,Morning,M-401,OP-018,450,3,7,31.97,68.5
7433,2025-11-04,Line-D,Afternoon,M-402,OP-009,568,16,30,19.84,74.3
7434,2025-11-04,Line-D,Night,M-401,OP-013,496,11,25,30.11,63.7
7435,2025-11-05,Line-A,Morning,M-102,OP-017,566,6,0,28.83,66.5
7436,2025-11-05,Line-A,Afternoon,M-101,OP-012,480,8,32,32.3,64.6
7437,2025-11-05,Line-A,Night,M-102,OP-016,436,6,6,27.43,63.6
7438,2025-11-05,Line-B,Morning,M-202,OP-009,497,7,0,32.43,71.4
7439,2025-11-05,Line-B,Afternoon,M-202,OP-014,465,17,45,32.48,66.1
7440,2025-11-05,Line-B,Night,M-201,OP-005,496,16,21,33.59,65.5
7441,2025-11-05,Line-C,Morning,M-301,OP-013,406,10,0,31.38,71.0
7442,2025-11-05,Line-C,Afternoon,M-302,OP-020,550,8,16,31.71,73.1
7443,2025-11-05,Line-C,Night,M-303,OP-014,527,31,10,38.68,72.1
7444,2025-11-05,Line-D,Morning,M-401,OP-005,514,9,4,33.94,60.1
7445,2025-11-05,Line-D,Afternoon,M-402,OP-019,527,10,4,32.51,66.5
7446,2025-11-05,Line-D,Night,M-401,OP-005,481,8,23,30.8,60.4
7447,2025-11-06,Line-A,Morning,M-102,OP-006,396,3,18,32.78,74.7
7448,2025-11-06,Line-A,Afternoon,M-102,OP-006,419,13,0,30.09,69.0
7449,2025-11-06,Line-A,Night,M-102,OP-019,494,7,13,23.82,71.5
7450,2025-11-06,Line-B,Morning,M-201,OP-013,494,24,30,40.36,70.1
7451,2025-11-06,Line-B,Afternoon,M-201,OP-015,575,18,13,43.33,66.7
7452,2025-11-06,Line-B,Night,M-202,OP-006,487,9,21,28.57,63.2
7453,2025-11-06,Line-C,Morning,M-302,OP-013,432,7,0,29.82,68.2
7454,2025-11-06,Line-C,Afternoon,M-303,OP-020,458,22,10,37.23,63.4
7455,2025-11-06,Line-C,Night,M-301,OP-019,532,22,0,28.82,65.2
7456,2025-11-06,Line-D,Morning,M-401,OP-007,493,6,16,33.33,63.1
7457,2025-11-06,Line-D,Afternoon,M-402,OP-013,496,0,8,28.38,67.1
7458,2025-11-06,Line-D,Night,M-402,OP-016,461,6,8,31.19,69.1
7459,2025-11-07,Line-A,Morning,M-101,OP-012,486,6,28,37.63,62.8
7460,2025-11-07,Line-A,Afternoon,M-102,OP-001,489,7,25,29.94,68.2
7461,2025-11-07,Line-A,Night,M-101,OP-009,509,8,37,32.55,71.7
7462,2025-11-07,Line-B,Morning,M-201,OP-017,466,20,47,45.56,63.0
7463,2025-11-07,Line-B,Afternoon,M-202,OP-020,487,11,10,31.89,67.6
7464,2025-11-07,Line-B,Night,M-201,OP-011,345,11,49,40.78,68.8
7465,2025-11-07,Line-C,Morning,M-303,OP-007,479,18,27,43.64,69.7
7466,2025-11-07,Line-C,Afternoon,M-303,OP-003,611,25,60,37.7,70.0
7467,2025-11-07,Line-C,Night,M-301,OP-013,490,8,11,26.89,71.6
7468,2025-11-08,Line-A,Morning,M-102,OP-013,429,9,23,36.92,71.9
7469,2025-11-08,Line-A,Afternoon,M-101,OP-010,514,6,0,24.31,63.1
7470,2025-11-08,Line-A,Night,M-101,OP-002,479,5,29,27.11,68.4
7471,2025-11-08,Line-B,Morning,M-201,OP-007,464,14,51,45.48,71.2
7472,2025-11-08,Line-B,Afternoon,M-201,OP-007,515,19,23,44.26,74.2
7473,2025-11-08,Line-B,Night,M-202,OP-011,503,14,4,35.49,66.3
7474,2025-11-08,Line-C,Morning,M-303,OP-018,494,20,48,46.51,62.1
7475,2025-11-08,Line-C,Afternoon,M-301,OP-019,559,23,6,29.37,73.0
7476,2025-11-08,Line-C,Night,M-302,OP-011,484,9,40,23.23,64.8
7477,2025-11-08,Line-D,Morning,M-402,OP-010,505,1,6,28.09,71.8
7478,2025-11-08,Line-D,Afternoon,M-401,OP-010,521,1,1,26.55,67.1
7479,2025-11-08,Line-D,Night,M-402,OP-020,414,9,1,32.94,68.0
7480,2025-11-09,Line-A,Morning,M-101,OP-002,421,13,33,31.45,67.0
7481,2025-11-09,Line-A,Afternoon,M-101,OP-011,416,12,24,25.93,65.3
7482,2025-11-09,Line-A,Night,M-101,OP-019,507,3,2,24.8,64.0
7483,2025-11-09,Line-B,Morning,M-202,OP-014,436,12,0,32.17,69.0
7484,2025-11-09,Line-B,Afternoon,M-201,OP-020,538,26,29,37.92,72.0
7485,2025-11-09,Line-B,Night,M-202,OP-005,509,7,25,27.77,68.0
7486,2025-11-09,Line-C,Morning,M-303,OP-018,443,22,20,40.51,65.4
7487,2025-11-09,Line-C,Afternoon,M-301,OP-012,495,11,0,32.03,62.1
7488,2025-11-09,Line-C,Night,M-301,OP-001,611,8,27,31.01,69.0
7489,2025-11-09,Line-D,Morning,M-402,OP-008,410,11,12,32.35,67.6
7490,2025-11-09,Line-D,Afternoon,M-401,OP-015,487,4,9,27.9,65.2
7491,2025-11-09,Line-D,Night,M-402,OP-004,488,11,15,29.49,69.6
7492,2025-11-10,Line-A,Morning,M-102,OP-019,494,9,14,35.92,63.2
7493,2025-11-10,Line-A,Afternoon,M-102,OP-005,460,10,0,36.91,69.0
7494,2025-11-10,Line-A,Night,M-102,OP-001,537,16,18,18.84,68.6
7495,2025-11-10,Line-B,Morning,M-202,OP-016,492,4,0,32.31,63.0
7496,2025-11-10,Line-B,Afternoon,M-201,OP-011,603,29,55,42.16,71.0
7497,2025-11-10,Line-B,Night,M-201,OP-007,483,27,4,46.44,70.7
7498,2025-11-10,Line-C,Morning,M-303,OP-011,470,19,30,43.41,72.9
7499,2025-11-10,Line-C,Afternoon,M-301,OP-001,447,0,49,33.36,66.4
7500,2025-11-10,Line-D,Morning,M-401,OP-006,551,15,19,27.61,70.7
7501,2025-11-10,Line-D,Night,M-402,OP-002,545,0,15,31.49,69.1
7502,2025-11-11,Line-A,Morning,M-101,OP-019,482,14,8,29.99,69.3
7503,2025-11-11,Line-A,Afternoon,M-101,OP-002,469,2,15,31.13,66.5
7504,2025-11-11,Line-A,Night,M-102,OP-020,472,0,30,34.51,62.6
7505,2025-11-11,Line-B,Morning,M-201,OP-019,439,26,17,44.39,66.0
7506,2025-11-11,Line-B,Afternoon,M-202,OP-007,504,9,7,31.94,66.0
7507,2025-11-11,Line-B,Night,M-201,OP-007,372,13,19,33.98,69.5
7508,2025-11-11,Line-C,Morning,M-301,OP-010,469,10,19,33.78,69.6
7509,2025-11-11,Line-C,Afternoon,M-302,OP-009,421,10,15,40.95,68.0
7510,2025-11-11,Line-C,Night,M-302,OP-018,502,9,12,29.91,66.3
7511,2025-11-11,Line-D,Morning,M-402,OP-016,490,12,5,34.18,70.9
7512,2025-11-11,Line-D,Afternoon,M-402,OP-018,427,4,18,27.06,63.8
7513,2025-11-11,Line-D,Night,M-401,OP-008,583,5,0,26.08,68.9
7514,2025-11-12,Line-A,Morning,M-101,OP-001,484,18,0,31.18,72.5
7515,2025-11-12,Line-A,Afternoon,M-102,OP-014,440,11,0,38.79,72.0
7516,2025-11-12,Line-A,Night,M-101,OP-016,439,12,31,23.56,65.6
7517,2025-11-12,Line-B,Morning,M-202,OP-003,560,10,18,30.35,71.6
7518,2025-11-12,Line-B,Afternoon,M-201,OP-006,510,23,3,45.2,70.9
7519,2025-11-12,Line-B,Night,M-202,OP-003,405,3,19,30.97,60.1
7520,2025-11-12,Line-C,Morning,M-302,OP-007,430,9,22,27.08,67.4
7521,2025-11-12,Line-C,Afternoon,M-301,OP-020,427,13,14,26.66,63.4
7522,2025-11-12,Line-C,Night,M-303,OP-012,403,25,32,40.0,67.1
7523,2025-11-12,Line-D,Morning,M-402,OP-012,442,7,12,30.08,62.9
7524,2025-11-12,Line-D,Afternoon,M-401,OP-004,533,7,2,26.48,63.8
7525,2025-11-12,Line-D,Night,M-402,OP-009,496,13,1,20.78,63.9
7526,2025-11-13,Line-A,Morning,M-102,OP-012,453,3,3,27.24,67.9
7527,2025-11-13,Line-A,Afternoon,M-101,OP-013,392,9,36,37.15,65.7
7528,2025-11-13,Line-B,Morning,M-202,OP-001,520,12,11,30.89,70.7
7529,2025-11-13,Line-C,Morning,M-301,OP-010,533,5,23,38.33,71.5
7530,2025-11-13,Line-C,Afternoon,M-302,OP-004,572,0,20,31.32,72.1
7531,2025-11-13,Line-C,Night,M-301,OP-008,412,5,25,24.7,69.0
7532,2025-11-13,Line-D,Morning,M-401,OP-006,478,8,20,24.42,64.9
7533,2025-11-13,Line-D,Afternoon,M-401,OP-007,471,3,30,26.01,71.1
7534,2025-11-13,Line-D,Night,M-402,OP-006,427,11,0,37.04,72.5
7535,2025-11-14,Line-A,Morning,M-101,OP-008,446,4,18,22.37,68.1
7536,2025-11-14,Line-A,Afternoon,M-102,OP-009,431,7,2,26.01,74.8
7537,2025-11-14,Line-A,Night,M-101,OP-015,526,2,0,34.29,71.9
7538,2025-11-14,Line-B,Morning,M-201,OP-005,396,21,38,32.29,66.4
7539,2025-11-14,Line-B,Afternoon,M-201,OP-020,471,21,15,38.18,65.5
7540,2025-11-14,Line-B,Night,M-201,OP-013,447,18,33,43.55,75.1
7541,2025-11-14,Line-C,Morning,M-302,OP-020,532,17,4,24.98,71.2
7542,2025-11-14,Line-C,Afternoon,M-301,OP-008,479,12,0,33.24,67.3
7543,2025-11-14,Line-C,Night,M-302,OP-005,452,6,19,33.87,66.5
7544,2025-11-14,Line-D,Morning,M-401,OP-020,500,11,23,34.93,75.2
7545,2025-11-14,Line-D,Afternoon,M-402,OP-009,452,15,13,24.53,65.4
7546,2025-11-14,Line-D,Night,M-401,OP-014,507,13,0,26.18,65.9
7547,2025-11-15,Line-A,Morning,M-102,OP-002,428,0,0,28.09,69.0
7548,2025-11-15,Line-A,Afternoon,M-101,OP-004,519,2,0,27.36,68.0
7549,2025-11-15,Line-A,Night,M-101,OP-018,540,14,6,31.8,64.6
7550,2025-11-15,Line-B,Morning,M-202,OP-008,484,8,33,32.47,64.9
7551,2025-11-15,Line-B,Night,M-201,OP-013,434,18,11,40.85,67.4
7552,2025-11-15,Line-C,Morning,M-301,OP-011,507,12,13,21.85,63.1
7553,2025-11-15,Line-C,Afternoon,M-303,OP-011,443,23,44,40.75,77.4
7554,2025-11-15,Line-C,Night,M-302,OP-006,573,17,22,32.29,69.5
7555,2025-11-15,Line-D,Morning,M-401,OP-006,371,3,8,30.64,67.5
7556,2025-11-15,Line-D,Afternoon,M-401,OP-020,496,0,19,30.31,67.3
7557,2025-11-15,Line-D,Night,M-401,OP-010,535,4,8,31.42,64.6
7558,2025-11-16,Line-A,Morning,M-101,OP-005,359,2,11,28.75,67.9
7559,2025-11-16,Line-A,Night,M-102,OP-001,440,2,14,29.17,70.6
7560,2025-11-16,Line-B,Morning,M-202,OP-012,435,0,0,27.99,68.5
7561,2025-11-16,Line-B,Afternoon,M-202,OP-016,466,6,0,20.55,69.5
7562,2025-11-16,Line-B,Night,M-201,OP-018,466,19,11,37.17,68.2
7563,2025-11-16,Line-C,Morning,M-303,OP-005,497,22,55,39.12,73.1
7564,2025-11-16,Line-C,Afternoon,M-301,OP-003,493,9,25,26.88,66.7
7565,2025-11-16,Line-C,Night,M-301,OP-010,406,11,17,35.49,68.8
7566,2025-11-16,Line-D,Morning,M-401,OP-020,546,6,26,28.01,68.0
7567,2025-11-16,Line-D,Afternoon,M-401,OP-019,523,22,24,34.57,65.8
7568,2025-11-16,Line-D,Night,M-402,OP-013,489,8,33,29.27,73.3
7569,2025-11-17,Line-A,Morning,M-101,OP-014,401,13,0,34.27,64.5
7570,2025-11-17,Line-A,Afternoon,M-102,OP-019,517,4,27,34.23,65.6
7571,2025-11-17,Line-A,Night,M-101,OP-012,514,14,0,24.83,63.7
7572,2025-11-17,Line-B,Morning,M-201,OP-005,407,14,48,44.79,61.2
7573,2025-11-17,Line-B,Afternoon,M-201,OP-018,449,15,47,39.75,61.8
7574,2025-11-17,Line-B,Night,M-201,OP-012,490,25,20,40.68,64.4
7575,2025-11-17,Line-C,Morning,M-303,OP-015,554,23,24,41.74,67.2
7576,2025-11-17,Line-C,Night,M-303,OP-013,521,30,53,40.09,69.2
7577,2025-11-17,Line-D,Afternoon,M-401,OP-013,569,19,0,32.96,69.7
7578,2025-11-17,Line-D,Night,M-402,OP-013,535,16,0,26.55,71.6
7579,2025-11-18,Line-A,Morning,M-101,OP-012,488,0,0,33.31,71.4
7580,2025-11-18,Line-A,Night,M-101,OP-014,399,12,9,24.89,65.8
7581,2025-11-18,Line-B,Morning,M-201,OP-020,406,16,6,41.63,70.3
7582,2025-11-18,Line-B,Afternoon,M-201,OP-001,399,18,22,45.34,58.7
7583,2025-11-18,Line-B,Night,M-201,OP-019,522,14,31,38.46,66.6
7584,2025-11-18,Line-C,Morning,M-301,OP-002,388,13,0,23.96,75.2
7585,2025-11-18,Line-C,Afternoon,M-301,OP-001,499,3,10,28.82,61.2
7586,2025-11-18,Line-C,Night,M-301,OP-001,434,8,30,29.06,67.5
7587,2025-11-18,Line-D,Morning,M-402,OP-006,431,12,25,33.95,68.4
7588,2025-11-18,Line-D,Afternoon,M-402,OP-012,384,11,12,28.46,69.8
7589,2025-11-18,Line-D,Night,M-402,OP-008,493,4,7,20.48,68.3
7590,2025-11-19,Line-A,Morning,M-101,OP-013,559,0,13,33.34,71.3
7591,2025-11-19,Line-A,Night,M-102,OP-002,435,3,3,35.95,61.2
7592,2025-11-19,Line-B,Morning,M-202,OP-012,407,5,0,29.79,73.7
7593,2025-11-19,Line-B,Afternoon,M-202,OP-010,407,7,11,28.33,61.7
7594,2025-11-19,Line-B,Night,M-202,OP-009,441,5,21,32.1,61.8
7595,2025-11-19,Line-C,Morning,M-303,OP-005,456,18,64,43.46,63.7
7596,2025-11-19,Line-C,Night,M-303,OP-020,433,18,40,44.42,68.8
7597,2025-11-19,Line-D,Morning,M-402,OP-011,467,8,10,21.09,67.8
7598,2025-11-19,Line-D,Afternoon,M-401,OP-004,445,1,48,31.56,68.1
7599,2025-11-19,Line-D,Night,M-401,OP-018,457,12,0,28.44,64.2
7600,2025-11-20,Line-A,Morning,M-102,OP-012,523,5,28,29.5,71.1
7601,2025-11-20,Line-A,Afternoon,M-102,OP-010,503,14,0,34.53,60.5
7602,2025-11-20,Line-A,Night,M-102,OP-013,482,6,0,25.53,65.4
7603,2025-11-20,Line-B,Morning,M-201,OP-020,468,19,36,37.85,66.1
7604,2025-11-20,Line-B,Afternoon,M-202,OP-005,462,9,24,34.27,68.9
7605,2025-11-20,Line-B,Night,M-202,OP-002,505,11,7,34.5,64.3
7606,2025-11-20,Line-C,Morning,M-302,OP-013,357,3,33,28.52,69.1
7607,2025-11-20,Line-C,Night,M-302,OP-004,463,11,13,29.66,70.5
7608,2025-11-20,Line-D,Morning,M-401,OP-010,452,10,9,29.46,64.7
7609,2025-11-20,Line-D,Afternoon,M-401,OP-015,467,6,28,21.58,71.6
7610,2025-11-21,Line-A,Morning,M-101,OP-014,375,9,0,32.83,67.5
7611,2025-11-21,Line-A,Afternoon,M-102,OP-001,394,12,23,32.52,65.4
7612,2025-11-21,Line-A,Night,M-102,OP-003,528,3,0,22.19,64.3
7613,2025-11-21,Line-B,Morning,M-202,OP-001,434,6,6,26.75,59.5
7614,2025-11-21,Line-B,Night,M-201,OP-003,491,21,24,48.99,67.0
7615,2025-11-21,Line-C,Morning,M-303,OP-003,483,26,12,41.89,71.2
7616,2025-11-21,Line-C,Afternoon,M-301,OP-011,474,2,4,30.94,59.6
7617,2025-11-21,Line-C,Night,M-302,OP-017,398,15,19,37.42,71.5
7618,2025-11-21,Line-D,Morning,M-401,OP-012,503,7,17,37.25,71.3
7619,2025-11-21,Line-D,Afternoon,M-402,OP-010,490,8,19,27.34,70.0
7620,2025-11-22,Line-A,Morning,M-102,OP-010,438,6,0,27.8,65.3
7621,2025-11-22,Line-A,Afternoon,M-102,OP-002,581,5,17,25.27,68.2
7622,2025-11-22,Line-A,Night,M-102,OP-012,497,0,0,25.23,62.8
7623,2025-11-22,Line-B,Morning,M-202,OP-015,485,10,0,30.62,66.3
7624,2025-11-22,Line-B,Afternoon,M-202,OP-015,474,6,19,38.17,71.1
7625,2025-11-22,Line-B,Night,M-201,OP-017,563,17,24,44.83,74.0
7626,2025-11-22,Line-C,Morning,M-303,OP-013,519,18,28,43.67,67.3
7627,2025-11-22,Line-C,Afternoon,M-303,OP-010,432,18,34,36.58,71.9
7628,2025-11-22,Line-C,Night,M-302,OP-019,453,8,27,29.38,71.9
7629,2025-11-22,Line-D,Morning,M-402,OP-013,418,9,24,25.85,67.3
7630,2025-11-22,Line-D,Afternoon,M-401,OP-007,470,9,19,25.44,67.8
7631,2025-11-22,Line-D,Night,M-402,OP-009,575,16,23,29.04,76.5
7632,2025-11-23,Line-A,Morning,M-102,OP-013,541,10,15,27.71,69.6
7633,2025-11-23,Line-A,Afternoon,M-101,OP-012,515,13,9,22.63,69.0
7634,2025-11-23,Line-A,Night,M-101,OP-006,522,4,10,36.71,63.2
7635,2025-11-23,Line-B,Morning,M-202,OP-016,462,15,14,27.37,68.0
7636,2025-11-23,Line-B,Afternoon,M-201,OP-018,529,23,43,43.17,69.3
7637,2025-11-23,Line-B,Night,M-201,OP-004,519,22,20,44.37,67.5
7638,2025-11-23,Line-C,Morning,M-301,OP-001,453,11,31,29.23,68.0
7639,2025-11-23,Line-C,Afternoon,M-302,OP-016,409,6,15,29.9,66.6
7640,2025-11-23,Line-C,Night,M-301,OP-005,523,10,50,31.04,57.0
7641,2025-11-23,Line-D,Morning,M-402,OP-007,413,10,2,27.09,63.0
7642,2025-11-23,Line-D,Afternoon,M-401,OP-007,451,9,17,24.9,71.2
7643,2025-11-23,Line-D,Night,M-402,OP-010,408,9,17,25.33,63.8
7644,2025-11-24,Line-A,Morning,M-101,OP-018,502,6,9,33.44,69.9
7645,2025-11-24,Line-A,Afternoon,M-102,OP-008,425,7,0,34.35,74.1
7646,2025-11-24,Line-A,Night,M-102,OP-015,429,8,25,30.12,70.2
7647,2025-11-24,Line-B,Morning,M-201,OP-009,483,17,36,47.64,69.3
7648,2025-11-24,Line-B,Afternoon,M-202,OP-008,577,0,17,26.76,64.5
7649,2025-11-24,Line-B,Night,M-201,OP-008,560,24,29,43.72,59.4
7650,2025-11-24,Line-C,Morning,M-302,OP-005,561,21,25,32.06,67.1
7651,2025-11-24,Line-C,Night,M-301,OP-001,415,12,25,32.25,69.3
7652,2025-11-24,Line-D,Morning,M-402,OP-001,498,6,49,28.57,66.3
7653,2025-11-24,Line-D,Night,M-401,OP-006,547,10,11,37.07,70.7
7654,2025-11-25,Line-A,Morning,M-102,OP-005,523,2,18,24.97,66.2
7655,2025-11-25,Line-A,Afternoon,M-102,OP-016,490,9,21,33.85,71.4
7656,2025-11-25,Line-A,Night,M-101,OP-020,399,17,11,36.06,57.9
7657,2025-11-25,Line-B,Afternoon,M-202,OP-011,464,2,0,30.25,66.7
7658,2025-11-25,Line-B,Night,M-202,OP-009,558,20,0,27.56,63.9
7659,2025-11-25,Line-C,Morning,M-301,OP-013,549,11,12,31.56,66.8
7660,2025-11-25,Line-C,Night,M-302,OP-014,428,8,7,31.74,61.5
7661,2025-11-25,Line-D,Morning,M-401,OP-007,491,5,14,34.53,65.8
7662,2025-11-25,Line-D,Afternoon,M-401,OP-004,551,0,35,36.19,64.5
7663,2025-11-26,Line-A,Morning,M-102,OP-010,427,1,25,28.35,66.4
7664,2025-11-26,Line-A,Afternoon,M-101,OP-005,412,15,0,30.12,68.9
7665,2025-11-26,Line-A,Night,M-102,OP-005,456,5,6,32.83,66.6
7666,2025-11-26,Line-B,Morning,M-202,OP-015,577,6,23,21.22,64.9
7667,2025-11-26,Line-B,Afternoon,M-201,OP-007,431,15,39,41.45,58.9
7668,2025-11-26,Line-B,Night,M-202,OP-017,599,12,12,36.55,72.0
7669,2025-11-26,Line-C,Morning,M-301,OP-013,462,0,20,25.19,73.0
7670,2025-11-26,Line-C,Afternoon,M-302,OP-016,433,6,0,23.69,67.6
7671,2025-11-26,Line-D,Morning,M-401,OP-007,467,6,42,33.02,68.0
7672,2025-11-26,Line-D,Afternoon,M-401,OP-008,314,8,56,29.06,64.8
7673,2025-11-26,Line-D,Night,M-401,OP-011,489,2,18,37.5,65.3
7674,2025-11-27,Line-A,Morning,M-101,OP-020,441,8,4,22.44,66.5
7675,2025-11-27,Line-A,Afternoon,M-102,OP-005,444,14,29,36.99,71.2
7676,2025-11-27,Line-A,Night,M-101,OP-002,492,5,31,31.74,63.0
7677,2025-11-27,Line-B,Morning,M-202,OP-002,425,2,0,31.94,63.0
7678,2025-11-27,Line-B,Afternoon,M-202,OP-009,434,8,9,26.43,74.1
7679,2025-11-27,Line-C,Morning,M-302,OP-016,388,1,18,26.87,65.3
7680,2025-11-27,Line-C,Afternoon,M-302,OP-017,415,9,15,30.6,65.7
7681,2025-11-27,Line-C,Night,M-302,OP-014,434,7,26,37.84,72.4
7682,2025-11-27,Line-D,Morning,M-401,OP-014,510,14,0,26.43,70.1
7683,2025-11-27,Line-D,Afternoon,M-401,OP-002,472,10,26,34.12,63.6
7684,2025-11-27,Line-D,Night,M-402,OP-007,480,4,0,21.45,68.5
7685,2025-11-28,Line-A,Morning,M-102,OP-013,372,8,32,32.65,68.2
7686,2025-11-28,Line-A,Afternoon,M-102,OP-014,572,12,0,30.63,75.8
7687,2025-11-28,Line-A,Night,M-102,OP-019,414,2,21,28.88,65.9
7688,2025-11-28,Line-B,Morning,M-202,OP-020,404,0,0,38.07,68.0
7689,2025-11-28,Line-B,Afternoon,M-201,OP-004,362,21,53,48.15,66.3
7690,2025-11-28,Line-B,Night,M-201,OP-019,463,21,56,39.23,65.0
7691,2025-11-28,Line-C,Morning,M-303,OP-016,521,30,34,45.35,68.4
7692,2025-11-28,Line-C,Afternoon,M-303,OP-009,464,17,17,38.93,64.1
7693,2025-11-28,Line-C,Night,M-303,OP-003,497,28,38,37.4,71.4
7694,2025-11-28,Line-D,Morning,M-402,OP-002,497,11,4,35.67,72.5
7695,2025-11-28,Line-D,Afternoon,M-402,OP-011,468,12,28,27.67,67.7
7696,2025-11-29,Line-A,Morning,M-101,OP-005,484,3,18,35.11,67.4
7697,2025-11-29,Line-A,Afternoon,M-102,OP-010,500,16,5,31.8,65.7
7698,2025-11-29,Line-A,Night,M-101,OP-008,444,10,15,32.78,68.3
7699,2025-11-29,Line-B,Morning,M-202,OP-013,507,18,27,31.69,70.0
7700,2025-11-29,Line-B,Afternoon,M-201,OP-006,462,20,42,42.44,71.2
7701,2025-11-29,Line-B,Night,M-201,OP-004,556,24,4,52.17,65.4
7702,2025-11-29,Line-C,Morning,M-302,OP-018,491,12,33,39.03,66.5
7703,2025-11-29,Line-C,Afternoon,M-301,OP-009,551,11,53,35.5,67.3
7704,2025-11-29,Line-D,Morning,M-401,OP-015,432,0,22,35.04,71.0
7705,2025-11-29,Line-D,Afternoon,M-401,OP-005,338,2,19,38.93,67.8
7706,2025-11-29,Line-D,Night,M-402,OP-016,545,4,15,28.63,72.8
7707,2025-11-30,Line-A,Morning,M-101,OP-011,447,16,7,24.65,63.9
7708,2025-11-30,Line-A,Afternoon,M-102,OP-017,442,10,2,25.9,71.6
7709,2025-11-30,Line-A,Night,M-101,OP-017,287,4,0,25.66,69.0
7710,2025-11-30,Line-B,Morning,M-201,OP-005,467,20,52,41.93,75.2
7711,2025-11-30,Line-B,Afternoon,M-202,OP-002,522,4,41,31.39,75.5
7712,2025-11-30,Line-B,Night,M-202,OP-003,464,10,18,29.16,73.1
7713,2025-11-30,Line-C,Morning,M-301,OP-013,595,0,24,25.53,57.6
7714,2025-11-30,Line-C,Afternoon,M-303,OP-007,511,26,45,43.86,71.5
7715,2025-11-30,Line-C,Night,M-302,OP-019,443,9,22,36.76,68.2
7716,2025-11-30,Line-D,Morning,M-402,OP-010,467,8,0,33.85,62.2
7717,2025-11-30,Line-D,Afternoon,M-402,OP-013,503,9,0,22.53,64.6
7718,2025-12-01,Line-A,Morning,M-102,OP-015,459,15,10,32.73,73.1
7719,2025-12-01,Line-A,Afternoon,M-102,OP-007,544,10,1,32.49,65.3
7720,2025-12-01,Line-A,Night,M-101,OP-001,588,16,15,32.56,68.7
7721,2025-12-01,Line-B,Morning,M-202,OP-005,457,11,8,39.68,65.2
7722,2025-12-01,Line-B,Afternoon,M-201,OP-002,510,19,23,33.07,69.6
7723,2025-12-01,Line-B,Night,M-201,OP-019,448,25,41,42.74,62.4
7724,2025-12-01,Line-C,Morning,M-302,OP-003,515,6,0,32.15,63.0
7725,2025-12-01,Line-C,Afternoon,M-301,OP-001,354,11,3,21.28,64.1
7726,2025-12-01,Line-C,Night,M-302,OP-012,436,13,0,23.31,71.9
7727,2025-12-01,Line-D,Morning,M-402,OP-017,453,9,4,40.1,62.8
7728,2025-12-01,Line-D,Afternoon,M-402,OP-011,496,16,6,26.23,71.1
7729,2025-12-01,Line-D,Night,M-402,OP-011,540,5,33,30.26,70.0
7730,2025-12-02,Line-A,Morning,M-102,OP-016,569,15,11,26.64,78.8
7731,2025-12-02,Line-A,Afternoon,M-101,OP-009,432,9,19,32.79,76.5
7732,2025-12-02,Line-A,Night,M-102,OP-001,482,8,35,29.32,71.5
7733,2025-12-02,Line-B,Afternoon,M-202,OP-011,491,13,22,27.98,60.6
7734,2025-12-02,Line-B,Night,M-202,OP-017,379,0,10,18.24,67.4
7735,2025-12-02,Line-C,Morning,M-302,OP-002,488,13,19,34.51,69.7
7736,2025-12-02,Line-C,Afternoon,M-302,OP-013,460,8,0,31.14,61.7
7737,2025-12-02,Line-C,Night,M-302,OP-004,543,5,14,31.61,72.7
7738,2025-12-02,Line-D,Morning,M-402,OP-010,379,6,20,38.76,67.8
7739,2025-12-02,Line-D,Afternoon,M-402,OP-010,444,17,24,36.87,63.2
7740,2025-12-03,Line-A,Morning,M-101,OP-007,511,4,0,32.91,70.6
7741,2025-12-03,Line-A,Afternoon,M-102,OP-001,451,15,6,28.65,67.9
7742,2025-12-03,Line-A,Night,M-101,OP-011,465,14,0,26.23,63.2
7743,2025-12-03,Line-B,Morning,M-201,OP-003,593,25,23,40.56,71.4
7744,2025-12-03,Line-B,Afternoon,M-201,OP-014,519,20,29,34.72,68.6
7745,2025-12-03,Line-B,Night,M-202,OP-009,556,7,21,27.09,63.6
7746,2025-12-03,Line-C,Morning,M-301,OP-017,520,22,20,27.93,66.6
7747,2025-12-03,Line-C,Afternoon,M-301,OP-006,594,13,0,29.69,68.9
7748,2025-12-03,Line-D,Morning,M-401,OP-018,508,17,31,30.99,67.8
7749,2025-12-03,Line-D,Afternoon,M-401,OP-001,503,6,26,28.98,70.0
7750,2025-12-03,Line-D,Night,M-402,OP-003,582,14,15,27.41,67.7
7751,2025-12-04,Line-A,Morning,M-101,OP-019,411,10,0,34.84,70.9
7752,2025-12-04,Line-A,Afternoon,M-101,OP-020,485,6,11,21.13,71.3
7753,2025-12-04,Line-A,Night,M-102,OP-019,470,16,17,31.16,69.6
7754,2025-12-04,Line-B,Morning,M-201,OP-009,421,17,36,40.49,65.7
7755,2025-12-04,Line-B,Afternoon,M-201,OP-018,463,21,69,40.37,65.3
7756,2025-12-04,Line-B,Night,M-201,OP-012,470,28,58,51.75,68.2
7757,2025-12-04,Line-C,Morning,M-302,OP-017,518,4,6,24.42,69.9
7758,2025-12-04,Line-C,Night,M-301,OP-015,482,10,0,34.25,58.4
7759,2025-12-04,Line-D,Morning,M-402,OP-016,464,8,0,31.92,67.3
7760,2025-12-04,Line-D,Afternoon,M-401,OP-019,513,19,16,34.86,73.5
7761,2025-12-04,Line-D,Night,M-401,OP-019,509,5,0,31.87,66.4
7762,2025-12-05,Line-A,Morning,M-101,OP-011,557,7,11,24.2,66.6
7763,2025-12-05,Line-A,Afternoon,M-101,OP-005,423,4,11,26.97,78.5
7764,2025-12-05,Line-A,Night,M-102,OP-001,530,15,10,30.53,66.3
7765,2025-12-05,Line-B,Morning,M-202,OP-009,637,11,2,26.23,69.3
7766,2025-12-05,Line-B,Afternoon,M-201,OP-008,565,32,23,38.1,73.0
7767,2025-12-05,Line-B,Night,M-202,OP-017,606,10,30,22.67,64.6
7768,2025-12-05,Line-C,Morning,M-301,OP-011,419,9,9,31.19,72.9
7769,2025-12-05,Line-C,Afternoon,M-303,OP-001,440,20,14,47.82,72.4
7770,2025-12-05,Line-C,Night,M-302,OP-005,501,10,4,23.02,69.2
7771,2025-12-05,Line-D,Afternoon,M-402,OP-015,525,20,6,31.35,72.5
7772,2025-12-05,Line-D,Night,M-402,OP-015,548,6,7,27.37,64.4
7773,2025-12-06,Line-A,Morning,M-102,OP-004,568,11,10,31.24,68.2
7774,2025-12-06,Line-A,Afternoon,M-101,OP-017,466,5,35,27.15,64.3
7775,2025-12-06,Line-A,Night,M-102,OP-017,475,19,0,33.55,67.0
7776,2025-12-06,Line-B,Morning,M-201,OP-001,494,27,9,37.52,71.6
7777,2025-12-06,Line-B,Afternoon,M-201,OP-020,485,23,45,37.55,72.2
7778,2025-12-06,Line-B,Night,M-202,OP-017,529,11,19,35.82,65.6
7779,2025-12-06,Line-C,Morning,M-302,OP-004,519,18,21,28.89,77.3
7780,2025-12-06,Line-C,Afternoon,M-301,OP-008,493,16,5,35.34,65.8
7781,2025-12-06,Line-C,Night,M-301,OP-006,499,6,40,28.89,63.6
7782,2025-12-06,Line-D,Morning,M-402,OP-001,485,11,11,25.93,72.1
7783,2025-12-06,Line-D,Afternoon,M-402,OP-018,555,1,0,29.2,65.9
7784,2025-12-06,Line-D,Night,M-402,OP-006,511,19,6,37.88,62.1
7785,2025-12-07,Line-A,Morning,M-102,OP-010,507,6,19,21.22,62.9
7786,2025-12-07,Line-A,Afternoon,M-101,OP-004,508,6,7,39.18,68.6
7787,2025-12-07,Line-A,Night,M-102,OP-007,534,6,0,29.6,62.0
7788,2025-12-07,Line-B,Morning,M-202,OP-013,438,9,10,31.67,70.4
7789,2025-12-07,Line-B,Afternoon,M-201,OP-003,408,15,2,40.15,70.9
7790,2025-12-07,Line-B,Night,M-201,OP-015,569,27,55,43.92,68.4
7791,2025-12-07,Line-C,Morning,M-301,OP-010,443,0,30,29.73,73.6
7792,2025-12-07,Line-C,Afternoon,M-302,OP-012,423,18,8,26.54,67.1
7793,2025-12-07,Line-C,Night,M-303,OP-010,490,22,27,32.98,64.8
7794,2025-12-07,Line-D,Morning,M-401,OP-014,544,5,0,24.72,67.6
7795,2025-12-07,Line-D,Afternoon,M-401,OP-005,434,7,0,35.05,70.0
7796,2025-12-07,Line-D,Night,M-401,OP-008,613,9,7,35.92,69.6
7797,2025-12-08,Line-A,Morning,M-101,OP-015,423,10,17,21.03,65.4
7798,2025-12-08,Line-A,Afternoon,M-101,OP-005,491,16,22,27.18,65.2
7799,2025-12-08,Line-A,Night,M-101,OP-016,527,0,0,37.05,69.2
7800,2025-12-08,Line-B,Morning,M-201,OP-002,434,14,47,42.39,67.1
7801,2025-12-08,Line-B,Afternoon,M-202,OP-011,502,10,13,23.38,63.9
7802,2025-12-08,Line-B,Night,M-202,OP-002,524,12,17,27.07,71.1
7803,2025-12-08,Line-C,Morning,M-303,OP-009,457,27,23,39.37,67.4
7804,2025-12-08,Line-C,Afternoon,M-302,OP-019,530,9,12,28.04,69.1
7805,2025-12-08,Line-C,Night,M-302,OP-003,475,5,13,30.75,77.4
7806,2025-12-08,Line-D,Morning,M-402,OP-014,443,4,16,25.04,63.7
7807,2025-12-08,Line-D,Afternoon,M-402,OP-007,393,4,0,23.58,67.0
7808,2025-12-08,Line-D,Night,M-401,OP-018,338,8,3,27.95,70.3
7809,2025-12-09,Line-A,Morning,M-101,OP-015,502,6,18,37.74,64.0
7810,2025-12-09,Line-A,Afternoon,M-102,OP-017,525,4,29,26.44,65.0
7811,2025-12-09,Line-B,Morning,M-202,OP-016,548,14,1,30.64,65.2
7812,2025-12-09,Line-B,Afternoon,M-202,OP-012,384,8,6,25.27,73.2
7813,2025-12-09,Line-B,Night,M-202,OP-006,425,8,28,28.72,65.1
7814,2025-12-09,Line-C,Morning,M-303,OP-007,497,25,48,51.36,66.2
7815,2025-12-09,Line-C,Afternoon,M-303,OP-017,491,16,44,42.92,67.3
7816,2025-12-09,Line-C,Night,M-301,OP-017,442,6,15,25.17,66.8
7817,2025-12-09,Line-D,Afternoon,M-401,OP-016,481,1,0,26.7,74.3
7818,2025-12-09,Line-D,Night,M-401,OP-008,430,8,0,26.12,62.2
7819,2025-12-10,Line-A,Morning,M-101,OP-006,520,2,25,32.34,67.7
7820,2025-12-10,Line-A,Afternoon,M-101,OP-011,536,26,19,24.4,74.0
7821,2025-12-10,Line-A,Night,M-101,OP-005,491,19,4,36.41,68.0
7822,2025-12-10,Line-B,Morning,M-202,OP-004,639,10,57,32.2,71.4
7823,2025-12-10,Line-B,Afternoon,M-201,OP-001,582,22,49,40.54,68.6
7824,2025-12-10,Line-B,Night,M-202,OP-001,484,11,19,27.12,68.5
7825,2025-12-10,Line-C,Morning,M-302,OP-020,339,9,37,30.95,61.6
7826,2025-12-10,Line-C,Night,M-302,OP-019,524,5,14,33.43,70.2
7827,2025-12-10,Line-D,Morning,M-402,OP-005,544,11,14,33.68,67.7
7828,2025-12-10,Line-D,Afternoon,M-401,OP-013,438,10,0,29.6,62.5
7829,2025-12-10,Line-D,Night,M-401,OP-008,446,6,0,35.5,72.1
7830,2025-12-11,Line-A,Morning,M-102,OP-010,558,9,5,34.02,68.5
7831,2025-12-11,Line-A,Afternoon,M-102,OP-002,487,0,23,33.12,68.0
7832,2025-12-11,Line-A,Night,M-102,OP-002,528,13,1,28.9,64.0
7833,2025-12-11,Line-B,Morning,M-202,OP-015,567,16,0,33.09,69.1
7834,2025-12-11,Line-B,Afternoon,M-202,OP-017,438,8,24,34.7,77.3
7835,2025-12-11,Line-B,Night,M-201,OP-007,485,21,43,41.09,65.7
7836,2025-12-11,Line-C,Morning,M-303,OP-015,424,5,46,33.81,64.5
7837,2025-12-11,Line-C,Night,M-301,OP-004,497,7,44,22.45,77.0
7838,2025-12-11,Line-D,Morning,M-401,OP-004,562,15,33,32.02,61.2
7839,2025-12-11,Line-D,Afternoon,M-402,OP-002,510,2,4,29.61,64.4
7840,2025-12-11,Line-D,Night,M-402,OP-015,536,9,18,29.95,68.5
7841,2025-12-12,Line-A,Morning,M-101,OP-012,426,3,9,25.17,73.6
7842,2025-12-12,Line-A,Afternoon,M-101,OP-017,397,16,16,30.35,65.8
7843,2025-12-12,Line-A,Night,M-101,OP-017,519,8,16,34.21,70.7
7844,2025-12-12,Line-B,Morning,M-202,OP-009,554,13,0,19.6,68.8
7845,2025-12-12,Line-B,Night,M-201,OP-004,493,32,33,43.87,71.1
7846,2025-12-12,Line-C,Morning,M-302,OP-003,510,13,0,25.12,66.9
7847,2025-12-12,Line-C,Afternoon,M-302,OP-002,349,6,2,31.61,66.9
7848,2025-12-12,Line-C,Night,M-303,OP-004,419,24,36,46.31,68.7
7849,2025-12-12,Line-D,Morning,M-401,OP-011,507,2,31,34.39,67.9
7850,2025-12-12,Line-D,Afternoon,M-401,OP-013,497,14,6,22.08,66.6
7851,2025-12-12,Line-D,Night,M-402,OP-004,489,9,31,25.2,64.7
7852,2025-12-13,Line-A,Morning,M-102,OP-018,416,9,0,33.72,64.3
7853,2025-12-13,Line-A,Afternoon,M-101,OP-019,433,15,30,30.6,62.8
7854,2025-12-13,Line-A,Night,M-102,OP-020,600,10,15,34.56,60.1
7855,2025-12-13,Line-B,Morning,M-201,OP-005,441,20,36,35.48,69.3
7856,2025-12-13,Line-B,Afternoon,M-202,OP-009,482,17,27,28.65,67.2
7857,2025-12-13,Line-B,Night,M-202,OP-009,540,11,0,40.47,64.0
7858,2025-12-13,Line-C,Morning,M-302,OP-019,628,14,2,18.16,71.1
7859,2025-12-13,Line-C,Afternoon,M-301,OP-008,386,8,41,24.31,71.0
7860,2025-12-13,Line-C,Night,M-302,OP-014,431,13,12,29.9,72.8
7861,2025-12-13,Line-D,Morning,M-401,OP-003,517,5,38,22.32,69.1
7862,2025-12-13,Line-D,Afternoon,M-401,OP-020,430,1,0,29.75,69.4
7863,2025-12-13,Line-D,Night,M-401,OP-016,543,18,16,27.78,72.2
7864,2025-12-14,Line-A,Morning,M-101,OP-004,443,1,26,36.62,64.7
7865,2025-12-14,Line-A,Afternoon,M-102,OP-012,597,14,18,27.42,72.1
7866,2025-12-14,Line-A,Night,M-101,OP-020,388,6,1,23.46,71.5
7867,2025-12-14,Line-B,Morning,M-201,OP-015,500,27,30,46.93,68.3
7868,2025-12-14,Line-B,Afternoon,M-202,OP-018,451,5,0,35.82,72.2
7869,2025-12-14,Line-B,Night,M-201,OP-002,655,27,24,33.49,71.8
7870,2025-12-14,Line-C,Morning,M-301,OP-011,523,18,0,33.58,65.9
7871,2025-12-14,Line-C,Afternoon,M-303,OP-010,560,28,11,41.34,60.2
7872,2025-12-14,Line-C,Night,M-301,OP-008,410,3,2,28.69,68.7
7873,2025-12-14,Line-D,Morning,M-401,OP-013,486,9,16,23.75,68.3
7874,2025-12-14,Line-D,Afternoon,M-402,OP-003,566,9,19,32.01,71.4
7875,2025-12-14,Line-D,Night,M-402,OP-018,497,13,19,33.29,69.8
7876,2025-12-15,Line-A,Morning,M-102,OP-013,419,3,6,37.76,67.3
7877,2025-12-15,Line-A,Night,M-101,OP-010,498,0,14,30.43,57.3
7878,2025-12-15,Line-B,Morning,M-202,OP-016,497,1,1,34.97,68.6
7879,2025-12-15,Line-B,Afternoon,M-202,OP-006,453,6,5,30.8,63.2
7880,2025-12-15,Line-B,Night,M-202,OP-019,547,4,0,34.96,66.3
7881,2025-12-15,Line-C,Morning,M-302,OP-003,484,12,1,30.69,70.6
7882,2025-12-15,Line-C,Afternoon,M-302,OP-009,578,7,5,32.82,68.8
7883,2025-12-15,Line-C,Night,M-303,OP-004,471,29,9,34.89,61.3
7884,2025-12-15,Line-D,Morning,M-402,OP-001,552,13,0,29.38,67.9
7885,2025-12-15,Line-D,Afternoon,M-401,OP-006,347,7,0,33.53,63.4
7886,2025-12-16,Line-A,Morning,M-102,OP-019,493,15,26,32.54,67.7
7887,2025-12-16,Line-A,Afternoon,M-102,OP-004,389,5,8,28.51,61.9
7888,2025-12-16,Line-A,Night,M-102,OP-009,506,3,35,30.74,71.9
7889,2025-12-16,Line-B,Morning,M-202,OP-002,537,21,14,28.05,66.5
7890,2025-12-16,Line-B,Afternoon,M-202,OP-018,569,3,0,31.18,67.4
7891,2025-12-16,Line-B,Night,M-202,OP-015,538,2,10,29.06,63.7
7892,2025-12-16,Line-C,Morning,M-303,OP-005,532,23,32,37.88,66.5
7893,2025-12-16,Line-C,Afternoon,M-303,OP-005,418,22,50,50.4,69.7
7894,2025-12-16,Line-C,Night,M-302,OP-008,459,6,19,31.0,67.3
7895,2025-12-16,Line-D,Morning,M-401,OP-005,464,14,5,36.73,68.7
7896,2025-12-16,Line-D,Afternoon,M-402,OP-001,457,5,9,32.52,66.5
7897,2025-12-16,Line-D,Night,M-402,OP-006,531,7,10,23.57,70.2
7898,2025-12-17,Line-A,Morning,M-101,OP-014,463,16,22,30.42,72.9
7899,2025-12-17,Line-A,Afternoon,M-102,OP-004,504,14,0,32.31,70.0
7900,2025-12-17,Line-A,Night,M-102,OP-014,387,13,0,23.51,56.6
7901,2025-12-17,Line-B,Morning,M-201,OP-001,508,15,27,46.19,68.8
7902,2025-12-17,Line-B,Afternoon,M-202,OP-013,442,1,10,34.28,70.8
7903,2025-12-17,Line-B,Night,M-202,OP-006,587,7,0,31.55,68.8
7904,2025-12-17,Line-C,Morning,M-301,OP-005,479,5,0,24.97,70.2
7905,2025-12-17,Line-C,Afternoon,M-301,OP-005,497,14,17,33.68,71.1
7906,2025-12-17,Line-C,Night,M-301,OP-009,481,9,0,26.72,65.5
7907,2025-12-17,Line-D,Morning,M-401,OP-003,473,4,26,25.59,72.4
7908,2025-12-17,Line-D,Afternoon,M-401,OP-015,422,5,1,27.52,72.7
7909,2025-12-17,Line-D,Night,M-401,OP-014,460,7,0,28.7,68.9
7910,2025-12-18,Line-A,Morning,M-101,OP-004,467,8,27,31.37,63.4
7911,2025-12-18,Line-A,Afternoon,M-102,OP-020,474,6,19,30.51,72.5
7912,2025-12-18,Line-B,Morning,M-202,OP-009,435,7,0,29.79,61.9
7913,2025-12-18,Line-B,Afternoon,M-201,OP-009,499,22,37,45.94,68.9
7914,2025-12-18,Line-B,Night,M-201,OP-007,403,16,33,40.36,67.2
7915,2025-12-18,Line-C,Morning,M-302,OP-003,577,11,17,19.96,71.0
7916,2025-12-18,Line-C,Afternoon,M-302,OP-012,651,20,5,41.41,68.1
7917,2025-12-18,Line-C,Night,M-302,OP-005,498,8,7,18.76,71.1
7918,2025-12-18,Line-D,Morning,M-402,OP-002,462,7,16,27.93,69.1
7919,2025-12-18,Line-D,Afternoon,M-402,OP-008,552,12,9,29.38,68.8
7920,2025-12-18,Line-D,Night,M-401,OP-013,430,9,22,30.44,66.3
7921,2025-12-19,Line-A,Morning,M-102,OP-013,462,11,0,25.92,61.6
7922,2025-12-19,Line-A,Afternoon,M-102,OP-012,482,13,31,37.74,65.2
7923,2025-12-19,Line-A,Night,M-101,OP-006,495,7,36,36.52,68.7
7924,2025-12-19,Line-B,Morning,M-202,OP-013,442,0,0,20.74,62.2
7925,2025-12-19,Line-B,Afternoon,M-202,OP-003,592,3,0,25.4,78.4
7926,2025-12-19,Line-B,Night,M-201,OP-001,476,26,37,32.08,74.1
7927,2025-12-19,Line-C,Morning,M-303,OP-011,504,22,61,40.27,67.4
7928,2025-12-19,Line-C,Night,M-302,OP-011,459,13,24,31.39,63.8
7929,2025-12-19,Line-D,Afternoon,M-401,OP-009,457,3,29,22.13,74.4
7930,2025-12-19,Line-D,Night,M-402,OP-018,557,5,5,26.44,69.7
7931,2025-12-20,Line-A,Morning,M-101,OP-006,564,17,5,36.27,72.7
7932,2025-12-20,Line-A,Afternoon,M-101,OP-019,468,8,35,35.29,72.9
7933,2025-12-20,Line-B,Morning,M-201,OP-008,635,32,39,48.79,76.0
7934,2025-12-20,Line-B,Night,M-202,OP-013,443,7,0,31.71,71.6
7935,2025-12-20,Line-C,Morning,M-303,OP-003,423,24,28,39.33,72.5
7936,2025-12-20,Line-C,Afternoon,M-302,OP-010,442,2,23,29.34,72.8
7937,2025-12-20,Line-C,Night,M-301,OP-005,529,0,31,39.5,72.1
7938,2025-12-20,Line-D,Morning,M-401,OP-009,544,8,4,31.06,71.7
7939,2025-12-20,Line-D,Afternoon,M-402,OP-017,533,7,3,22.55,70.6
7940,2025-12-20,Line-D,Night,M-402,OP-007,456,7,37,32.99,69.3
7941,2025-12-21,Line-A,Afternoon,M-101,OP-010,529,17,0,27.17,67.1
7942,2025-12-21,Line-B,Morning,M-201,OP-015,421,18,11,46.61,65.9
7943,2025-12-21,Line-B,Afternoon,M-202,OP-014,492,9,20,17.7,69.8
7944,2025-12-21,Line-B,Night,M-201,OP-002,463,23,17,44.07,73.2
7945,2025-12-21,Line-C,Morning,M-302,OP-017,491,5,1,32.88,70.3
7946,2025-12-21,Line-C,Night,M-303,OP-018,501,22,38,41.68,66.5
7947,2025-12-21,Line-D,Morning,M-401,OP-003,525,11,31,35.58,69.1
7948,2025-12-21,Line-D,Afternoon,M-401,OP-011,515,4,10,31.71,61.7
7949,2025-12-21,Line-D,Night,M-401,OP-009,505,4,0,27.35,67.9
7950,2025-12-22,Line-A,Morning,M-102,OP-018,400,11,14,39.62,69.2
7951,2025-12-22,Line-A,Afternoon,M-101,OP-001,514,5,0,33.1,63.6
7952,2025-12-22,Line-A,Night,M-101,OP-018,518,18,26,32.85,69.1
7953,2025-12-22,Line-B,Morning,M-201,OP-020,456,20,26,35.42,68.1
7954,2025-12-22,Line-B,Afternoon,M-202,OP-014,546,3,32,36.09,69.6
7955,2025-12-22,Line-B,Night,M-202,OP-015,504,8,12,27.68,68.1
7956,2025-12-22,Line-C,Morning,M-302,OP-018,488,18,20,28.95,67.6
7957,2025-12-22,Line-C,Afternoon,M-301,OP-005,437,5,25,27.53,65.5
7958,2025-12-22,Line-C,Night,M-303,OP-007,444,17,51,42.71,66.9
7959,2025-12-22,Line-D,Morning,M-401,OP-012,481,10,0,23.05,73.4
7960,2025-12-22,Line-D,Afternoon,M-401,OP-007,539,12,25,39.57,65.9
7961,2025-12-23,Line-A,Afternoon,M-101,OP-006,412,10,0,30.19,66.8
7962,2025-12-23,Line-A,Night,M-102,OP-011,520,7,29,26.27,70.8
7963,2025-12-23,Line-B,Morning,M-202,OP-001,440,10,0,29.88,73.3
7964,2025-12-23,Line-B,Afternoon,M-201,OP-006,486,28,34,39.47,68.7
7965,2025-12-23,Line-B,Night,M-201,OP-004,517,13,42,37.3,63.2
7966,2025-12-23,Line-C,Morning,M-301,OP-001,512,16,15,23.22,65.3
7967,2025-12-23,Line-C,Afternoon,M-302,OP-002,454,9,10,32.48,72.0
7968,2025-12-23,Line-C,Night,M-301,OP-009,500,13,7,46.48,70.2
7969,2025-12-23,Line-D,Morning,M-401,OP-001,521,19,13,26.77,73.2
7970,2025-12-23,Line-D,Afternoon,M-402,OP-014,561,11,38,29.58,71.7
7971,2025-12-23,Line-D,Night,M-401,OP-017,570,11,18,35.13,66.5
7972,2025-12-24,Line-A,Morning,M-101,OP-005,431,14,16,27.47,68.4
7973,2025-12-24,Line-A,Afternoon,M-101,OP-011,510,1,22,32.04,74.6
7974,2025-12-24,Line-A,Night,M-101,OP-006,466,15,11,30.7,69.1
7975,2025-12-24,Line-B,Morning,M-201,OP-012,605,20,42,42.21,67.9
7976,2025-12-24,Line-B,Afternoon,M-201,OP-004,514,29,42,48.18,67.0
7977,2025-12-24,Line-B,Night,M-201,OP-003,477,17,64,41.07,66.8
7978,2025-12-24,Line-C,Morning,M-301,OP-009,516,15,1,35.93,66.8
7979,2025-12-24,Line-C,Afternoon,M-301,OP-008,565,7,23,30.21,63.5
7980,2025-12-24,Line-C,Night,M-301,OP-008,395,4,26,20.28,69.3
7981,2025-12-24,Line-D,Morning,M-402,OP-006,494,1,0,26.01,68.2
7982,2025-12-24,Line-D,Afternoon,M-401,OP-007,567,16,6,25.85,61.8
7983,2025-12-24,Line-D,Night,M-402,OP-011,457,4,11,30.01,66.1
7984,2025-12-25,Line-A,Morning,M-102,OP-010,452,5,4,37.18,70.1
7985,2025-12-25,Line-A,Afternoon,M-101,OP-010,511,14,25,37.12,70.4
7986,2025-12-25,Line-A,Night,M-102,OP-010,492,6,0,34.41,67.6
7987,2025-12-25,Line-B,Morning,M-202,OP-020,398,0,44,25.07,65.3
7988,2025-12-25,Line-B,Afternoon,M-201,OP-006,553,18,42,51.11,76.5
7989,2025-12-25,Line-B,Night,M-202,OP-014,453,8,6,29.91,73.2
7990,2025-12-25,Line-C,Morning,M-301,OP-002,396,10,9,36.84,73.3
7991,2025-12-25,Line-C,Afternoon,M-303,OP-012,455,20,48,46.92,58.1
7992,2025-12-25,Line-C,Night,M-302,OP-016,533,18,15,34.75,73.1
7993,2025-12-25,Line-D,Morning,M-401,OP-009,493,13,12,29.74,65.4
7994,2025-12-25,Line-D,Afternoon,M-402,OP-006,490,18,0,33.08,69.3
7995,2025-12-25,Line-D,Night,M-401,OP-012,568,20,0,27.13,65.9
7996,2025-12-26,Line-A,Morning,M-101,OP-011,450,6,17,25.74,65.2
7997,2025-12-26,Line-A,Afternoon,M-102,OP-013,432,10,11,28.79,64.6
7998,2025-12-26,Line-A,Night,M-102,OP-019,383,13,7,43.55,71.1
7999,2025-12-26,Line-B,Morning,M-202,OP-016,589,16,14,27.01,64.1
8000,2025-12-26,Line-B,Afternoon,M-202,OP-006,547,11,21,34.07,69.4
8001,2025-12-26,Line-B,Night,M-201,OP-017,451,25,32,42.45,70.9
8002,2025-12-26,Line-C,Afternoon,M-302,OP-010,476,0,27,36.27,60.7
8003,2025-12-26,Line-C,Night,M-302,OP-012,417,16,15,30.02,66.3
8004,2025-12-26,Line-D,Morning,M-402,OP-019,418,7,26,29.92,70.4
8005,2025-12-26,Line-D,Afternoon,M-401,OP-010,585,7,16,35.02,64.3
8006,2025-12-26,Line-D,Night,M-402,OP-013,490,18,6,35.34,67.4
8007,2025-12-27,Line-A,Morning,M-102,OP-008,587,1,12,22.61,65.2
8008,2025-12-27,Line-A,Afternoon,M-102,OP-005,437,7,0,29.64,69.8
8009,2025-12-27,Line-A,Night,M-102,OP-008,388,5,50,31.65,60.7
8010,2025-12-27,Line-B,Morning,M-201,OP-013,395,19,36,39.06,76.8
8011,2025-12-27,Line-B,Afternoon,M-201,OP-010,637,27,48,46.62,72.2
8012,2025-12-27,Line-B,Night,M-202,OP-003,441,16,10,32.11,68.0
8013,2025-12-27,Line-C,Morning,M-302,OP-014,471,10,0,20.14,67.1
8014,2025-12-27,Line-C,Afternoon,M-303,OP-018,427,22,41,42.07,73.9
8015,2025-12-27,Line-C,Night,M-302,OP-009,479,2,8,35.85,60.5
8016,2025-12-27,Line-D,Morning,M-402,OP-014,474,11,51,36.04,68.5
8017,2025-12-27,Line-D,Afternoon,M-402,OP-008,511,0,0,33.25,68.6
8018,2025-12-27,Line-D,Night,M-401,OP-014,497,9,11,30.51,63.8
8019,2025-12-28,Line-A,Morning,M-102,OP-018,466,3,2,35.98,67.3
8020,2025-12-28,Line-A,Afternoon,M-102,OP-019,515,10,6,24.96,66.4
8021,2025-12-28,Line-A,Night,M-101,OP-014,490,12,13,33.25,61.9
8022,2025-12-28,Line-B,Morning,M-201,OP-017,531,18,49,44.51,60.5
8023,2025-12-28,Line-B,Afternoon,M-202,OP-017,524,15,30,26.16,68.7
8024,2025-12-28,Line-B,Night,M-202,OP-003,521,13,18,27.87,72.0
8025,2025-12-28,Line-C,Night,M-302,OP-005,539,9,0,26.36,73.5
8026,2025-12-28,Line-D,Morning,M-402,OP-006,537,10,9,21.16,67.7
8027,2025-12-28,Line-D,Afternoon,M-401,OP-004,408,8,29,25.1,69.0
8028,2025-12-28,Line-D,Night,M-402,OP-016,539,11,4,30.05,71.8
8029,2025-12-29,Line-A,Morning,M-101,OP-018,495,9,29,32.57,63.2
8030,2025-12-29,Line-A,Afternoon,M-102,OP-009,517,14,0,18.66,63.8
8031,2025-12-29,Line-A,Night,M-101,OP-005,473,13,0,32.78,56.4
8032,2025-12-29,Line-B,Morning,M-202,OP-013,490,7,43,20.54,67.9
8033,2025-12-29,Line-B,Afternoon,M-202,OP-015,366,5,0,41.5,66.6
8034,2025-12-29,Line-B,Night,M-202,OP-009,467,8,0,35.28,70.6
8035,2025-12-29,Line-C,Morning,M-303,OP-019,535,18,52,47.1,67.1
8036,2025-12-29,Line-C,Afternoon,M-303,OP-006,533,25,11,41.09,66.1
8037,2025-12-29,Line-C,Night,M-303,OP-010,485,27,10,39.78,64.7
8038,2025-12-29,Line-D,Morning,M-402,OP-007,433,4,13,32.62,69.4
8039,2025-12-29,Line-D,Afternoon,M-401,OP-020,491,12,47,30.68,72.1
8040,2025-12-29,Line-D,Night,M-401,OP-019,537,19,20,25.78,69.2
8041,2025-12-30,Line-A,Morning,M-102,OP-001,495,13,0,36.33,68.0
8042,2025-12-30,Line-A,Afternoon,M-102,OP-017,530,11,13,31.17,70.7
8043,2025-12-30,Line-A,Night,M-101,OP-004,597,0,20,30.22,67.3
8044,2025-12-30,Line-B,Morning,M-202,OP-013,338,8,10,25.83,68.2
8045,2025-12-30,Line-B,Afternoon,M-202,OP-003,462,0,13,32.9,65.8
8046,2025-12-30,Line-B,Night,M-202,OP-001,495,9,27,29.48,71.2
8047,2025-12-30,Line-C,Morning,M-303,OP-008,461,30,28,38.58,67.6
8048,2025-12-30,Line-C,Afternoon,M-301,OP-020,436,2,22,14.69,65.1
8049,2025-12-30,Line-C,Night,M-301,OP-013,399,8,0,32.74,70.6
8050,2025-12-30,Line-D,Morning,M-402,OP-019,382,8,19,34.7,62.1
8051,2025-12-30,Line-D,Night,M-401,OP-019,383,13,0,27.36,70.5
8052,2025-12-31,Line-A,Morning,M-101,OP-003,409,6,25,22.89,66.0
8053,2025-12-31,Line-A,Afternoon,M-101,OP-009,412,4,29,37.03,69.0
8054,2025-12-31,Line-A,Night,M-101,OP-016,511,12,1,31.19,62.8
8055,2025-12-31,Line-B,Morning,M-202,OP-016,422,7,0,23.64,65.2
8056,2025-12-31,Line-B,Afternoon,M-201,OP-009,548,33,34,44.91,65.7
8057,2025-12-31,Line-B,Night,M-201,OP-010,356,13,30,42.7,67.6
8058,2025-12-31,Line-C,Afternoon,M-303,OP-009,463,18,40,35.18,71.2
8059,2025-12-31,Line-C,Night,M-301,OP-003,444,17,7,27.6,65.7
8060,2025-12-31,Line-D,Morning,M-402,OP-020,451,11,11,34.94,69.9
8061,2025-12-31,Line-D,Afternoon,M-401,OP-009,481,10,29,33.28,69.1
8062,2025-12-31,Line-D,Night,M-401,OP-004,505,3,50,32.64,70.5
